relationship_id,market_id_a,market_id_b,question_a,question_b,relationship_type,relationship_family,relationship_subtype,outcome_space_id,outcome_subtype_a,outcome_subtype_b,entity_type_a,entity_type_b,stage_a,stage_b,candidate_a,candidate_b,party_a,party_b,team_a,team_b,validation_status,strategy_eligibility_status,strategy_family,mixed_subtype_reason,strategy_eligible_reason,rejection_reasons_json,strategy_exclusion_reasons_json,final_confidence
cc376429463d78167ad174e43317b2d3,559690,562003,Will Kim Kardashian win the 2028 Democratic presidential nomination?,Will Kim Kardashian win the 2028 Republican presidential nomination?,rejected,mixed_subtype,mixed_party_nomination,2028_democrats_presidential_nomination,candidate_wins_nomination,candidate_wins_nomination,candidate,candidate,nomination,nomination,,,Democrats,Republicans,,,needs_manual_review,ineligible,none,same person appears in nomination markets for different parties,not strategy eligible by default,"[{""code"": ""mixed_party_nomination"", ""detail"": ""same person appears in nomination markets for different parties""}]","[{""code"": ""taxonomy_not_strategy_eligible"", ""detail"": ""not strategy eligible by default""}]",0.5283
05ae0794a6a689f86dd1441ff2df26ec,572765,582134,Will Liverpool finish in 3rd place in the 2025-26 English Premier League?,Will Liverpool finish in the top 4 of the EPL 2025–26 standings?,rejected,mixed_subtype,team_exact_finish_position_vs_team_top_n_finish,premier_league_finish_position,team_exact_finish_position,team_top_n_finish,team,team,league_finish,league_finish,,,,,,,rejected,ineligible,none,same broad outcome space but different outcome subtypes,not strategy eligible by default,"[{""code"": ""team_exact_finish_position_vs_team_top_n_finish"", ""detail"": ""same broad outcome space but different outcome subtypes""}]","[{""code"": ""coverage_insufficient_a"", ""detail"": ""market_a coverage_score=0.15""}, {""code"": ""coverage_insufficient_b"", ""detail"": ""market_b coverage_score=0.15""}]",0.4653
4d8e3f1dfa6859ea0a922dd6e3d3c163,572770,582138,Will Manchester United finish in 3rd place in the 2025-26 English Premier League?,Will Manchester United finish in the top 4 of the EPL 2025–26 standings?,rejected,mixed_subtype,team_exact_finish_position_vs_team_top_n_finish,premier_league_finish_position,team_exact_finish_position,team_top_n_finish,team,team,league_finish,league_finish,,,,,,,rejected,ineligible,none,same broad outcome space but different outcome subtypes,not strategy eligible by default,"[{""code"": ""team_exact_finish_position_vs_team_top_n_finish"", ""detail"": ""same broad outcome space but different outcome subtypes""}]","[{""code"": ""coverage_insufficient_a"", ""detail"": ""market_a coverage_score=0.15""}, {""code"": ""coverage_insufficient_b"", ""detail"": ""market_b coverage_score=0.15""}]",0.4114
866a3f7cda29a5d81f552e8d3bf9ee2e,572772,582139,Will Aston Villa finish in 3rd place in the 2025-26 English Premier League?,Will Aston Villa finish in the top 4 of the EPL 2025–26 standings?,rejected,mixed_subtype,team_exact_finish_position_vs_team_top_n_finish,premier_league_finish_position,team_exact_finish_position,team_top_n_finish,team,team,league_finish,league_finish,,,,,,,rejected,ineligible,none,same broad outcome space but different outcome subtypes,not strategy eligible by default,"[{""code"": ""entity_mismatch"", ""detail"": ""entity_overlap=0.400 < 0.5""}, {""code"": ""team_exact_finish_position_vs_team_top_n_finish"", ""detail"": ""same broad outcome space but different outcome subtypes""}]","[{""code"": ""coverage_insufficient_a"", ""detail"": ""market_a coverage_score=0.15""}, {""code"": ""coverage_insufficient_b"", ""detail"": ""market_b coverage_score=0.15""}]",0.39
351d1fdb96c8437bcc50c9efdc849634,561239,565064,Will Kamala Harris win the 2028 US Presidential Election?,Will the Republicans win the 2028 US Presidential Election?,rejected,mixed_subtype,candidate_to_party_dependency,2028_us_presidential_election,candidate_winner_same_election,party_winner_same_election,candidate,party,general_election,general_election,,,,Republicans,,,rejected,ineligible,none,candidate market and party market share a broad election space,not strategy eligible by default,"[{""code"": ""entity_mismatch"", ""detail"": ""entity_overlap=0.100 < 0.5""}, {""code"": ""candidate_to_party_dependency"", ""detail"": ""candidate market and party market share a broad election space""}]","[{""code"": ""taxonomy_not_strategy_eligible"", ""detail"": ""not strategy eligible by default""}]",0.3057
0462c7c0d38ac054df91da25b1e186e1,540817,540820,New Rihanna Album before GTA VI?,Trump out as President before GTA VI?,rejected,mixed_subtype,album_release_before_reference_vs_movie_release_before_reference,gta_vi_reference_clock,album_release_before_reference,movie_release_before_reference,event,event,temporal,temporal,,,,,,,rejected,ineligible,none,same broad outcome space but different outcome subtypes,not strategy eligible by default,"[{""code"": ""entity_mismatch"", ""detail"": ""entity_overlap=0.333 < 0.5""}, {""code"": ""album_release_before_reference_vs_movie_release_before_reference"", ""detail"": ""same broad outcome space but different outcome subtypes""}]","[{""code"": ""taxonomy_not_strategy_eligible"", ""detail"": ""not strategy eligible by default""}]",0.3024
cf16259291f23bb8c092833634ff60b6,561246,565064,Will Ron DeSantis win the 2028 US Presidential Election?,Will the Republicans win the 2028 US Presidential Election?,rejected,mixed_subtype,candidate_to_party_dependency,2028_us_presidential_election,candidate_winner_same_election,party_winner_same_election,candidate,party,general_election,general_election,,,,Republicans,,,rejected,ineligible,none,candidate market and party market share a broad election space,not strategy eligible by default,"[{""code"": ""entity_mismatch"", ""detail"": ""entity_overlap=0.100 < 0.5""}, {""code"": ""candidate_to_party_dependency"", ""detail"": ""candidate market and party market share a broad election space""}]","[{""code"": ""taxonomy_not_strategy_eligible"", ""detail"": ""not strategy eligible by default""}]",0.2918
b7af699c4c25cda7c7c5b16ee302e7fb,561245,565064,Will Nikki Haley win the 2028 US Presidential Election?,Will the Republicans win the 2028 US Presidential Election?,rejected,mixed_subtype,candidate_to_party_dependency,2028_us_presidential_election,candidate_winner_same_election,party_winner_same_election,candidate,party,general_election,general_election,,,,Republicans,,,rejected,ineligible,none,candidate market and party market share a broad election space,not strategy eligible by default,"[{""code"": ""entity_mismatch"", ""detail"": ""entity_overlap=0.100 < 0.5""}, {""code"": ""candidate_to_party_dependency"", ""detail"": ""candidate market and party market share a broad election space""}]","[{""code"": ""taxonomy_not_strategy_eligible"", ""detail"": ""not strategy eligible by default""}]",0.2884
9d5e6da736426316f2d7b4d67325f2ae,561236,565064,Will Gretchen Whitmer win the 2028 US Presidential Election?,Will the Republicans win the 2028 US Presidential Election?,rejected,mixed_subtype,candidate_to_party_dependency,2028_us_presidential_election,candidate_winner_same_election,party_winner_same_election,candidate,party,general_election,general_election,,,,Republicans,,,rejected,ineligible,none,candidate market and party market share a broad election space,not strategy eligible by default,"[{""code"": ""entity_mismatch"", ""detail"": ""entity_overlap=0.100 < 0.5""}, {""code"": ""candidate_to_party_dependency"", ""detail"": ""candidate market and party market share a broad election space""}]","[{""code"": ""taxonomy_not_strategy_eligible"", ""detail"": ""not strategy eligible by default""}]",0.2832
8c54d9a10d5386ce5266acdd320cf56a,561234,565064,Will Marco Rubio win the 2028 US Presidential Election?,Will the Republicans win the 2028 US Presidential Election?,rejected,mixed_subtype,candidate_to_party_dependency,2028_us_presidential_election,candidate_winner_same_election,party_winner_same_election,candidate,party,general_election,general_election,,,,Republicans,,,rejected,ineligible,none,candidate market and party market share a broad election space,not strategy eligible by default,"[{""code"": ""entity_mismatch"", ""detail"": ""entity_overlap=0.100 < 0.5""}, {""code"": ""candidate_to_party_dependency"", ""detail"": ""candidate market and party market share a broad election space""}]","[{""code"": ""taxonomy_not_strategy_eligible"", ""detail"": ""not strategy eligible by default""}]",0.2829
2d25494e96480450e77183ad9b2454a9,561248,565064,Will Vivek Ramaswamy win the 2028 US Presidential Election?,Will the Republicans win the 2028 US Presidential Election?,rejected,mixed_subtype,candidate_to_party_dependency,2028_us_presidential_election,candidate_winner_same_election,party_winner_same_election,candidate,party,general_election,general_election,,,,Republicans,,,rejected,ineligible,none,candidate market and party market share a broad election space,not strategy eligible by default,"[{""code"": ""entity_mismatch"", ""detail"": ""entity_overlap=0.100 < 0.5""}, {""code"": ""candidate_to_party_dependency"", ""detail"": ""candidate market and party market share a broad election space""}]","[{""code"": ""taxonomy_not_strategy_eligible"", ""detail"": ""not strategy eligible by default""}]",0.2822
3e724fd557311a758d2ff30d51f096d4,561257,565064,Will Michelle Obama win the 2028 US Presidential Election?,Will the Republicans win the 2028 US Presidential Election?,rejected,mixed_subtype,candidate_to_party_dependency,2028_us_presidential_election,candidate_winner_same_election,party_winner_same_election,candidate,party,general_election,general_election,,,,Republicans,,,rejected,ineligible,none,candidate market and party market share a broad election space,not strategy eligible by default,"[{""code"": ""entity_mismatch"", ""detail"": ""entity_overlap=0.100 < 0.5""}, {""code"": ""candidate_to_party_dependency"", ""detail"": ""candidate market and party market share a broad election space""}]","[{""code"": ""taxonomy_not_strategy_eligible"", ""detail"": ""not strategy eligible by default""}]",0.2819
0c2bbb1172ebad2c914731d5b11944f4,561262,565064,Will James Talarico win the 2028 US Presidential Election?,Will the Republicans win the 2028 US Presidential Election?,rejected,mixed_subtype,candidate_to_party_dependency,2028_us_presidential_election,candidate_winner_same_election,party_winner_same_election,candidate,party,general_election,general_election,,,,Republicans,,,rejected,ineligible,none,candidate market and party market share a broad election space,not strategy eligible by default,"[{""code"": ""entity_mismatch"", ""detail"": ""entity_overlap=0.100 < 0.5""}, {""code"": ""candidate_to_party_dependency"", ""detail"": ""candidate market and party market share a broad election space""}]","[{""code"": ""taxonomy_not_strategy_eligible"", ""detail"": ""not strategy eligible by default""}]",0.28
e3c8cb56e29404983d6aa0a3514460ff,561247,565064,Will Tim Walz win the 2028 US Presidential Election?,Will the Republicans win the 2028 US Presidential Election?,rejected,mixed_subtype,candidate_to_party_dependency,2028_us_presidential_election,candidate_winner_same_election,party_winner_same_election,candidate,party,general_election,general_election,,,,Republicans,,,rejected,ineligible,none,candidate market and party market share a broad election space,not strategy eligible by default,"[{""code"": ""entity_mismatch"", ""detail"": ""entity_overlap=0.100 < 0.5""}, {""code"": ""candidate_to_party_dependency"", ""detail"": ""candidate market and party market share a broad election space""}]","[{""code"": ""taxonomy_not_strategy_eligible"", ""detail"": ""not strategy eligible by default""}]",0.2795
e95b6dcecc0de2e23c0043829de0c4c2,561258,565064,Will Jamie Dimon win the 2028 US Presidential Election?,Will the Republicans win the 2028 US Presidential Election?,rejected,mixed_subtype,candidate_to_party_dependency,2028_us_presidential_election,candidate_winner_same_election,party_winner_same_election,candidate,party,general_election,general_election,,,,Republicans,,,rejected,ineligible,none,candidate market and party market share a broad election space,not strategy eligible by default,"[{""code"": ""entity_mismatch"", ""detail"": ""entity_overlap=0.100 < 0.5""}, {""code"": ""candidate_to_party_dependency"", ""detail"": ""candidate market and party market share a broad election space""}]","[{""code"": ""taxonomy_not_strategy_eligible"", ""detail"": ""not strategy eligible by default""}]",0.2785
f2882bb64692933a9e7adb47e2ad9452,561241,565064,Will JB Pritzker win the 2028 US Presidential Election?,Will the Republicans win the 2028 US Presidential Election?,rejected,mixed_subtype,candidate_to_party_dependency,2028_us_presidential_election,candidate_winner_same_election,party_winner_same_election,candidate,party,general_election,general_election,,,,Republicans,,,rejected,ineligible,none,candidate market and party market share a broad election space,not strategy eligible by default,"[{""code"": ""entity_mismatch"", ""detail"": ""entity_overlap=0.100 < 0.5""}, {""code"": ""candidate_to_party_dependency"", ""detail"": ""candidate market and party market share a broad election space""}]","[{""code"": ""taxonomy_not_strategy_eligible"", ""detail"": ""not strategy eligible by default""}]",0.2779
06eb8de3f348578d5212ece1f4fce7df,540818,573647,New Playboi Carti Album before GTA VI?,Will GPT-6 be released before GTA VI?,rejected,mixed_subtype,album_release_before_reference_vs_movie_release_before_reference,gta_vi_reference_clock,album_release_before_reference,movie_release_before_reference,event,event,temporal,temporal,,,,,,,rejected,ineligible,none,same broad outcome space but different outcome subtypes,not strategy eligible by default,"[{""code"": ""entity_mismatch"", ""detail"": ""entity_overlap=0.100 < 0.5""}, {""code"": ""album_release_before_reference_vs_movie_release_before_reference"", ""detail"": ""same broad outcome space but different outcome subtypes""}]","[{""code"": ""coverage_insufficient_b"", ""detail"": ""market_b coverage_score=0.54""}]",0.2771
e916b1eed9b2b3dca25064c383a4cb55,561244,565064,Will Donald Trump Jr. win the 2028 US Presidential Election?,Will the Republicans win the 2028 US Presidential Election?,rejected,mixed_subtype,candidate_to_party_dependency,2028_us_presidential_election,candidate_winner_same_election,party_winner_same_election,candidate,party,general_election,general_election,,,,Republicans,,,rejected,ineligible,none,candidate market and party market share a broad election space,not strategy eligible by default,"[{""code"": ""entity_mismatch"", ""detail"": ""entity_overlap=0.100 < 0.5""}, {""code"": ""candidate_to_party_dependency"", ""detail"": ""candidate market and party market share a broad election space""}]","[{""code"": ""taxonomy_not_strategy_eligible"", ""detail"": ""not strategy eligible by default""}]",0.2765
8daf151f9737c385edbd72f358471e90,561243,565064,Will Donald Trump win the 2028 US Presidential Election?,Will the Republicans win the 2028 US Presidential Election?,rejected,mixed_subtype,candidate_to_party_dependency,2028_us_presidential_election,candidate_winner_same_election,party_winner_same_election,candidate,party,general_election,general_election,,,,Republicans,,,rejected,ineligible,none,candidate market and party market share a broad election space,not strategy eligible by default,"[{""code"": ""entity_mismatch"", ""detail"": ""entity_overlap=0.100 < 0.5""}, {""code"": ""candidate_to_party_dependency"", ""detail"": ""candidate market and party market share a broad election space""}]","[{""code"": ""taxonomy_not_strategy_eligible"", ""detail"": ""not strategy eligible by default""}]",0.2756
74619b48e9320daafede268066cda94a,561252,565064,Will Dwayne 'The Rock' Johnson win the 2028 US Presidential Election?,Will the Republicans win the 2028 US Presidential Election?,rejected,mixed_subtype,candidate_to_party_dependency,2028_us_presidential_election,candidate_winner_same_election,party_winner_same_election,candidate,party,general_election,general_election,,,,Republicans,,,rejected,ineligible,none,candidate market and party market share a broad election space,not strategy eligible by default,"[{""code"": ""entity_mismatch"", ""detail"": ""entity_overlap=0.100 < 0.5""}, {""code"": ""candidate_to_party_dependency"", ""detail"": ""candidate market and party market share a broad election space""}]","[{""code"": ""taxonomy_not_strategy_eligible"", ""detail"": ""not strategy eligible by default""}]",0.2756
0588919fb5757ba381b2acd9e49a13ac,561263,565064,Will Eric Trump win the 2028 US Presidential Election?,Will the Republicans win the 2028 US Presidential Election?,rejected,mixed_subtype,candidate_to_party_dependency,2028_us_presidential_election,candidate_winner_same_election,party_winner_same_election,candidate,party,general_election,general_election,,,,Republicans,,,rejected,ineligible,none,candidate market and party market share a broad election space,not strategy eligible by default,"[{""code"": ""entity_mismatch"", ""detail"": ""entity_overlap=0.100 < 0.5""}, {""code"": ""candidate_to_party_dependency"", ""detail"": ""candidate market and party market share a broad election space""}]","[{""code"": ""coverage_insufficient_a"", ""detail"": ""market_a coverage_score=0.51""}]",0.2756
73c04070ff490857838b43f3a1787f6b,561255,565064,Will Ivanka Trump win the 2028 US Presidential Election?,Will the Republicans win the 2028 US Presidential Election?,rejected,mixed_subtype,candidate_to_party_dependency,2028_us_presidential_election,candidate_winner_same_election,party_winner_same_election,candidate,party,general_election,general_election,,,,Republicans,,,rejected,ineligible,none,candidate market and party market share a broad election space,not strategy eligible by default,"[{""code"": ""entity_mismatch"", ""detail"": ""entity_overlap=0.100 < 0.5""}, {""code"": ""candidate_to_party_dependency"", ""detail"": ""candidate market and party market share a broad election space""}]","[{""code"": ""taxonomy_not_strategy_eligible"", ""detail"": ""not strategy eligible by default""}]",0.2756
0bdd77d3e422f310da192706152eb3c6,561259,565064,Will Ro Khanna win the 2028 US Presidential Election?,Will the Republicans win the 2028 US Presidential Election?,rejected,mixed_subtype,candidate_to_party_dependency,2028_us_presidential_election,candidate_winner_same_election,party_winner_same_election,candidate,party,general_election,general_election,,,,Republicans,,,rejected,ineligible,none,candidate market and party market share a broad election space,not strategy eligible by default,"[{""code"": ""entity_mismatch"", ""detail"": ""entity_overlap=0.100 < 0.5""}, {""code"": ""candidate_to_party_dependency"", ""detail"": ""candidate market and party market share a broad election space""}]","[{""code"": ""taxonomy_not_strategy_eligible"", ""detail"": ""not strategy eligible by default""}]",0.275
9f2893717414b1728b2ee69dbc0da2fa,561250,565064,Will Elon Musk win the 2028 US Presidential Election?,Will the Republicans win the 2028 US Presidential Election?,rejected,mixed_subtype,candidate_to_party_dependency,2028_us_presidential_election,candidate_winner_same_election,party_winner_same_election,candidate,party,general_election,general_election,,,,Republicans,,,rejected,ineligible,none,candidate market and party market share a broad election space,not strategy eligible by default,"[{""code"": ""entity_mismatch"", ""detail"": ""entity_overlap=0.100 < 0.5""}, {""code"": ""candidate_to_party_dependency"", ""detail"": ""candidate market and party market share a broad election space""}]","[{""code"": ""taxonomy_not_strategy_eligible"", ""detail"": ""not strategy eligible by default""}]",0.275
d35f569ac408a0ba9f40f9907354980f,561229,565064,Will JD Vance win the 2028 US Presidential Election?,Will the Republicans win the 2028 US Presidential Election?,rejected,mixed_subtype,candidate_to_party_dependency,2028_us_presidential_election,candidate_winner_same_election,party_winner_same_election,candidate,party,general_election,general_election,,,,Republicans,,,rejected,ineligible,none,candidate market and party market share a broad election space,not strategy eligible by default,"[{""code"": ""entity_mismatch"", ""detail"": ""entity_overlap=0.100 < 0.5""}, {""code"": ""candidate_to_party_dependency"", ""detail"": ""candidate market and party market share a broad election space""}]","[{""code"": ""taxonomy_not_strategy_eligible"", ""detail"": ""not strategy eligible by default""}]",0.2745
ab29c3a650ebac63be8170393c149aec,561261,565064,Will Jon Ossoff win the 2028 US Presidential Election?,Will the Republicans win the 2028 US Presidential Election?,rejected,mixed_subtype,candidate_to_party_dependency,2028_us_presidential_election,candidate_winner_same_election,party_winner_same_election,candidate,party,general_election,general_election,,,,Republicans,,,rejected,ineligible,none,candidate market and party market share a broad election space,not strategy eligible by default,"[{""code"": ""entity_mismatch"", ""detail"": ""entity_overlap=0.100 < 0.5""}, {""code"": ""candidate_to_party_dependency"", ""detail"": ""candidate market and party market share a broad election space""}]","[{""code"": ""taxonomy_not_strategy_eligible"", ""detail"": ""not strategy eligible by default""}]",0.2733
fbd613ce2942adb17aa0e7940d02c2d1,561235,565064,Will Wes Moore win the 2028 US Presidential Election?,Will the Republicans win the 2028 US Presidential Election?,rejected,mixed_subtype,candidate_to_party_dependency,2028_us_presidential_election,candidate_winner_same_election,party_winner_same_election,candidate,party,general_election,general_election,,,,Republicans,,,rejected,ineligible,none,candidate market and party market share a broad election space,not strategy eligible by default,"[{""code"": ""entity_mismatch"", ""detail"": ""entity_overlap=0.100 < 0.5""}, {""code"": ""candidate_to_party_dependency"", ""detail"": ""candidate market and party market share a broad election space""}]","[{""code"": ""taxonomy_not_strategy_eligible"", ""detail"": ""not strategy eligible by default""}]",0.2733
3ab9645d3305aa7753a43e4712fec8e6,561260,565064,Will Thomas Massie win the 2028 US Presidential Election?,Will the Republicans win the 2028 US Presidential Election?,rejected,mixed_subtype,candidate_to_party_dependency,2028_us_presidential_election,candidate_winner_same_election,party_winner_same_election,candidate,party,general_election,general_election,,,,Republicans,,,rejected,ineligible,none,candidate market and party market share a broad election space,not strategy eligible by default,"[{""code"": ""entity_mismatch"", ""detail"": ""entity_overlap=0.100 < 0.5""}, {""code"": ""candidate_to_party_dependency"", ""detail"": ""candidate market and party market share a broad election space""}]","[{""code"": ""taxonomy_not_strategy_eligible"", ""detail"": ""not strategy eligible by default""}]",0.2731
0fd03a5450fa049fe88aba1635a46d26,561256,565064,Will Zohran Mamdani win the 2028 US Presidential Election?,Will the Republicans win the 2028 US Presidential Election?,rejected,mixed_subtype,candidate_to_party_dependency,2028_us_presidential_election,candidate_winner_same_election,party_winner_same_election,candidate,party,general_election,general_election,,,,Republicans,,,rejected,ineligible,none,candidate market and party market share a broad election space,not strategy eligible by default,"[{""code"": ""entity_mismatch"", ""detail"": ""entity_overlap=0.100 < 0.5""}, {""code"": ""candidate_to_party_dependency"", ""detail"": ""candidate market and party market share a broad election space""}]","[{""code"": ""taxonomy_not_strategy_eligible"", ""detail"": ""not strategy eligible by default""}]",0.2729
7d620b6a5740a37d8cf88394d01f5c05,561240,565064,Will Stephen Smith win the 2028 US Presidential Election?,Will the Republicans win the 2028 US Presidential Election?,rejected,mixed_subtype,candidate_to_party_dependency,2028_us_presidential_election,candidate_winner_same_election,party_winner_same_election,candidate,party,general_election,general_election,,,,Republicans,,,rejected,ineligible,none,candidate market and party market share a broad election space,not strategy eligible by default,"[{""code"": ""entity_mismatch"", ""detail"": ""entity_overlap=0.100 < 0.5""}, {""code"": ""candidate_to_party_dependency"", ""detail"": ""candidate market and party market share a broad election space""}]","[{""code"": ""taxonomy_not_strategy_eligible"", ""detail"": ""not strategy eligible by default""}]",0.2729
e906fb1dbba51adc13f45ab47f8f391a,561238,565064,Will Glenn Youngkin win the 2028 US Presidential Election?,Will the Republicans win the 2028 US Presidential Election?,rejected,mixed_subtype,candidate_to_party_dependency,2028_us_presidential_election,candidate_winner_same_election,party_winner_same_election,candidate,party,general_election,general_election,,,,Republicans,,,rejected,ineligible,none,candidate market and party market share a broad election space,not strategy eligible by default,"[{""code"": ""entity_mismatch"", ""detail"": ""entity_overlap=0.100 < 0.5""}, {""code"": ""candidate_to_party_dependency"", ""detail"": ""candidate market and party market share a broad election space""}]","[{""code"": ""taxonomy_not_strategy_eligible"", ""detail"": ""not strategy eligible by default""}]",0.2726
11297a83a431c39fb5e2debf36ca336e,561231,565064,Will Alexandria Ocasio-Cortez win the 2028 US Presidential Election?,Will the Republicans win the 2028 US Presidential Election?,rejected,mixed_subtype,candidate_to_party_dependency,2028_us_presidential_election,candidate_winner_same_election,party_winner_same_election,candidate,party,general_election,general_election,,,,Republicans,,,rejected,ineligible,none,candidate market and party market share a broad election space,not strategy eligible by default,"[{""code"": ""entity_mismatch"", ""detail"": ""entity_overlap=0.100 < 0.5""}, {""code"": ""candidate_to_party_dependency"", ""detail"": ""candidate market and party market share a broad election space""}]","[{""code"": ""taxonomy_not_strategy_eligible"", ""detail"": ""not strategy eligible by default""}]",0.27
61dd190553f0361fc726b37bcc3b5775,561242,565064,Will Tulsi Gabbard win the 2028 US Presidential Election?,Will the Republicans win the 2028 US Presidential Election?,rejected,mixed_subtype,candidate_to_party_dependency,2028_us_presidential_election,candidate_winner_same_election,party_winner_same_election,candidate,party,general_election,general_election,,,,Republicans,,,rejected,ineligible,none,candidate market and party market share a broad election space,not strategy eligible by default,"[{""code"": ""entity_mismatch"", ""detail"": ""entity_overlap=0.100 < 0.5""}, {""code"": ""candidate_to_party_dependency"", ""detail"": ""candidate market and party market share a broad election space""}]","[{""code"": ""taxonomy_not_strategy_eligible"", ""detail"": ""not strategy eligible by default""}]",0.27
17feb22f47cb4979505c2426b7de7de9,561254,565064,Will Kim Kardashian win the 2028 US Presidential Election?,Will the Republicans win the 2028 US Presidential Election?,rejected,mixed_subtype,candidate_to_party_dependency,2028_us_presidential_election,candidate_winner_same_election,party_winner_same_election,candidate,party,general_election,general_election,,,,Republicans,,,rejected,ineligible,none,candidate market and party market share a broad election space,not strategy eligible by default,"[{""code"": ""entity_mismatch"", ""detail"": ""entity_overlap=0.100 < 0.5""}, {""code"": ""candidate_to_party_dependency"", ""detail"": ""candidate market and party market share a broad election space""}]","[{""code"": ""coverage_insufficient_a"", ""detail"": ""market_a coverage_score=0.51""}]",0.27
270d24767c9562847fa4314296c5b634,561233,565064,Will Josh Shapiro win the 2028 US Presidential Election?,Will the Republicans win the 2028 US Presidential Election?,rejected,mixed_subtype,candidate_to_party_dependency,2028_us_presidential_election,candidate_winner_same_election,party_winner_same_election,candidate,party,general_election,general_election,,,,Republicans,,,rejected,ineligible,none,candidate market and party market share a broad election space,not strategy eligible by default,"[{""code"": ""entity_mismatch"", ""detail"": ""entity_overlap=0.100 < 0.5""}, {""code"": ""candidate_to_party_dependency"", ""detail"": ""candidate market and party market share a broad election space""}]","[{""code"": ""taxonomy_not_strategy_eligible"", ""detail"": ""not strategy eligible by default""}]",0.2688
97196aacf20fbde444ef5da1d070710f,561264,565064,Will Pete Hegseth win the 2028 US Presidential Election?,Will the Republicans win the 2028 US Presidential Election?,rejected,mixed_subtype,candidate_to_party_dependency,2028_us_presidential_election,candidate_winner_same_election,party_winner_same_election,candidate,party,general_election,general_election,,,,Republicans,,,rejected,ineligible,none,candidate market and party market share a broad election space,not strategy eligible by default,"[{""code"": ""entity_mismatch"", ""detail"": ""entity_overlap=0.100 < 0.5""}, {""code"": ""candidate_to_party_dependency"", ""detail"": ""candidate market and party market share a broad election space""}]","[{""code"": ""coverage_insufficient_a"", ""detail"": ""market_a coverage_score=0.56""}]",0.268
2502768162b199ed335812829da2d413,561252,565065,Will Dwayne 'The Rock' Johnson win the 2028 US Presidential Election?,Will the Democrats win the 2028 US Presidential Election?,rejected,mixed_subtype,candidate_to_party_dependency,2028_us_presidential_election,candidate_winner_same_election,party_winner_same_election,candidate,party,general_election,general_election,,,,Democrats,,,rejected,ineligible,none,candidate market and party market share a broad election space,not strategy eligible by default,"[{""code"": ""entity_mismatch"", ""detail"": ""entity_overlap=0.100 < 0.5""}, {""code"": ""candidate_to_party_dependency"", ""detail"": ""candidate market and party market share a broad election space""}]","[{""code"": ""taxonomy_not_strategy_eligible"", ""detail"": ""not strategy eligible by default""}]",0.2676
b8d6b154e8b43a925e92b9e27b42b848,561230,565064,Will Gavin Newsom win the 2028 US Presidential Election?,Will the Republicans win the 2028 US Presidential Election?,rejected,mixed_subtype,candidate_to_party_dependency,2028_us_presidential_election,candidate_winner_same_election,party_winner_same_election,candidate,party,general_election,general_election,,,,Republicans,,,rejected,ineligible,none,candidate market and party market share a broad election space,not strategy eligible by default,"[{""code"": ""entity_mismatch"", ""detail"": ""entity_overlap=0.100 < 0.5""}, {""code"": ""candidate_to_party_dependency"", ""detail"": ""candidate market and party market share a broad election space""}]","[{""code"": ""taxonomy_not_strategy_eligible"", ""detail"": ""not strategy eligible by default""}]",0.2674
7a9cc4dbf932e4123f399332a534f1cb,561253,565064,Will Tucker Carlson win the 2028 US Presidential Election?,Will the Republicans win the 2028 US Presidential Election?,rejected,mixed_subtype,candidate_to_party_dependency,2028_us_presidential_election,candidate_winner_same_election,party_winner_same_election,candidate,party,general_election,general_election,,,,Republicans,,,rejected,ineligible,none,candidate market and party market share a broad election space,not strategy eligible by default,"[{""code"": ""entity_mismatch"", ""detail"": ""entity_overlap=0.100 < 0.5""}, {""code"": ""candidate_to_party_dependency"", ""detail"": ""candidate market and party market share a broad election space""}]","[{""code"": ""taxonomy_not_strategy_eligible"", ""detail"": ""not strategy eligible by default""}]",0.2662
41672ffa89c945d4ae361a8759c888a6,540817,540819,New Rihanna Album before GTA VI?,Will Jesus Christ return before GTA VI?,rejected,mixed_subtype,album_release_before_reference_vs_movie_release_before_reference,gta_vi_reference_clock,album_release_before_reference,movie_release_before_reference,event,event,temporal,temporal,,,,,,,rejected,ineligible,none,same broad outcome space but different outcome subtypes,not strategy eligible by default,"[{""code"": ""entity_mismatch"", ""detail"": ""entity_overlap=0.060 < 0.5""}, {""code"": ""album_release_before_reference_vs_movie_release_before_reference"", ""detail"": ""same broad outcome space but different outcome subtypes""}]","[{""code"": ""taxonomy_not_strategy_eligible"", ""detail"": ""not strategy eligible by default""}]",0.2658
e531f38d0b9ea14c827b8fea20c8388f,561237,565064,Will Andy Beshear win the 2028 US Presidential Election?,Will the Republicans win the 2028 US Presidential Election?,rejected,mixed_subtype,candidate_to_party_dependency,2028_us_presidential_election,candidate_winner_same_election,party_winner_same_election,candidate,party,general_election,general_election,,,,Republicans,,,rejected,ineligible,none,candidate market and party market share a broad election space,not strategy eligible by default,"[{""code"": ""entity_mismatch"", ""detail"": ""entity_overlap=0.100 < 0.5""}, {""code"": ""candidate_to_party_dependency"", ""detail"": ""candidate market and party market share a broad election space""}]","[{""code"": ""taxonomy_not_strategy_eligible"", ""detail"": ""not strategy eligible by default""}]",0.2635
4dd90e60c93d750ed0d197319599ef1c,540818,540819,New Playboi Carti Album before GTA VI?,Will Jesus Christ return before GTA VI?,rejected,mixed_subtype,album_release_before_reference_vs_movie_release_before_reference,gta_vi_reference_clock,album_release_before_reference,movie_release_before_reference,event,event,temporal,temporal,,,,,,,rejected,ineligible,none,same broad outcome space but different outcome subtypes,not strategy eligible by default,"[{""code"": ""entity_mismatch"", ""detail"": ""entity_overlap=0.100 < 0.5""}, {""code"": ""album_release_before_reference_vs_movie_release_before_reference"", ""detail"": ""same broad outcome space but different outcome subtypes""}]","[{""code"": ""taxonomy_not_strategy_eligible"", ""detail"": ""not strategy eligible by default""}]",0.2629
33c741f36ffaa2666f3fbcf2ff1de4dc,561232,565064,Will Pete Buttigieg win the 2028 US Presidential Election?,Will the Republicans win the 2028 US Presidential Election?,rejected,mixed_subtype,candidate_to_party_dependency,2028_us_presidential_election,candidate_winner_same_election,party_winner_same_election,candidate,party,general_election,general_election,,,,Republicans,,,rejected,ineligible,none,candidate market and party market share a broad election space,not strategy eligible by default,"[{""code"": ""entity_mismatch"", ""detail"": ""entity_overlap=0.100 < 0.5""}, {""code"": ""candidate_to_party_dependency"", ""detail"": ""candidate market and party market share a broad election space""}]","[{""code"": ""taxonomy_not_strategy_eligible"", ""detail"": ""not strategy eligible by default""}]",0.2608
6951e7a33fd87bc9132fbd9d04f424ab,540817,573647,New Rihanna Album before GTA VI?,Will GPT-6 be released before GTA VI?,rejected,mixed_subtype,album_release_before_reference_vs_movie_release_before_reference,gta_vi_reference_clock,album_release_before_reference,movie_release_before_reference,event,event,temporal,temporal,,,,,,,rejected,ineligible,none,same broad outcome space but different outcome subtypes,not strategy eligible by default,"[{""code"": ""entity_mismatch"", ""detail"": ""entity_overlap=0.060 < 0.5""}, {""code"": ""album_release_before_reference_vs_movie_release_before_reference"", ""detail"": ""same broad outcome space but different outcome subtypes""}]","[{""code"": ""coverage_insufficient_b"", ""detail"": ""market_b coverage_score=0.54""}]",0.2596
7cdfdbb5ff8de218448e3fff3d31d9eb,561249,565064,Will Greg Abbott win the 2028 US Presidential Election?,Will the Republicans win the 2028 US Presidential Election?,rejected,mixed_subtype,candidate_to_party_dependency,2028_us_presidential_election,candidate_winner_same_election,party_winner_same_election,candidate,party,general_election,general_election,,,,Republicans,,,rejected,ineligible,none,candidate market and party market share a broad election space,not strategy eligible by default,"[{""code"": ""entity_mismatch"", ""detail"": ""entity_overlap=0.100 < 0.5""}, {""code"": ""candidate_to_party_dependency"", ""detail"": ""candidate market and party market share a broad election space""}]","[{""code"": ""taxonomy_not_strategy_eligible"", ""detail"": ""not strategy eligible by default""}]",0.2581
928a4c111dd6a7c0c55f8d344c4c3055,561234,565065,Will Marco Rubio win the 2028 US Presidential Election?,Will the Democrats win the 2028 US Presidential Election?,rejected,mixed_subtype,candidate_to_party_dependency,2028_us_presidential_election,candidate_winner_same_election,party_winner_same_election,candidate,party,general_election,general_election,,,,Democrats,,,rejected,ineligible,none,candidate market and party market share a broad election space,not strategy eligible by default,"[{""code"": ""entity_mismatch"", ""detail"": ""entity_overlap=0.100 < 0.5""}, {""code"": ""candidate_to_party_dependency"", ""detail"": ""candidate market and party market share a broad election space""}]","[{""code"": ""taxonomy_not_strategy_eligible"", ""detail"": ""not strategy eligible by default""}]",0.2564
5e4f3398e379448f6f4bd5b880fda170,561231,565065,Will Alexandria Ocasio-Cortez win the 2028 US Presidential Election?,Will the Democrats win the 2028 US Presidential Election?,rejected,mixed_subtype,candidate_to_party_dependency,2028_us_presidential_election,candidate_winner_same_election,party_winner_same_election,candidate,party,general_election,general_election,,,,Democrats,,,rejected,ineligible,none,candidate market and party market share a broad election space,not strategy eligible by default,"[{""code"": ""entity_mismatch"", ""detail"": ""entity_overlap=0.100 < 0.5""}, {""code"": ""candidate_to_party_dependency"", ""detail"": ""candidate market and party market share a broad election space""}]","[{""code"": ""taxonomy_not_strategy_eligible"", ""detail"": ""not strategy eligible by default""}]",0.2533
c4ac702878118991a81f3c0460e855ba,561241,565065,Will JB Pritzker win the 2028 US Presidential Election?,Will the Democrats win the 2028 US Presidential Election?,rejected,mixed_subtype,candidate_to_party_dependency,2028_us_presidential_election,candidate_winner_same_election,party_winner_same_election,candidate,party,general_election,general_election,,,,Democrats,,,rejected,ineligible,none,candidate market and party market share a broad election space,not strategy eligible by default,"[{""code"": ""entity_mismatch"", ""detail"": ""entity_overlap=0.100 < 0.5""}, {""code"": ""candidate_to_party_dependency"", ""detail"": ""candidate market and party market share a broad election space""}]","[{""code"": ""taxonomy_not_strategy_eligible"", ""detail"": ""not strategy eligible by default""}]",0.252
7d2c2f8b74ec402bdfaae1cea70a698c,561239,565065,Will Kamala Harris win the 2028 US Presidential Election?,Will the Democrats win the 2028 US Presidential Election?,rejected,mixed_subtype,candidate_to_party_dependency,2028_us_presidential_election,candidate_winner_same_election,party_winner_same_election,candidate,party,general_election,general_election,,,,Democrats,,,rejected,ineligible,none,candidate market and party market share a broad election space,not strategy eligible by default,"[{""code"": ""entity_mismatch"", ""detail"": ""entity_overlap=0.100 < 0.5""}, {""code"": ""candidate_to_party_dependency"", ""detail"": ""candidate market and party market share a broad election space""}]","[{""code"": ""taxonomy_not_strategy_eligible"", ""detail"": ""not strategy eligible by default""}]",0.2508
7d53deada47bec03cc46ad7b22d0eb6f,561245,565065,Will Nikki Haley win the 2028 US Presidential Election?,Will the Democrats win the 2028 US Presidential Election?,rejected,mixed_subtype,candidate_to_party_dependency,2028_us_presidential_election,candidate_winner_same_election,party_winner_same_election,candidate,party,general_election,general_election,,,,Democrats,,,rejected,ineligible,none,candidate market and party market share a broad election space,not strategy eligible by default,"[{""code"": ""entity_mismatch"", ""detail"": ""entity_overlap=0.100 < 0.5""}, {""code"": ""candidate_to_party_dependency"", ""detail"": ""candidate market and party market share a broad election space""}]","[{""code"": ""taxonomy_not_strategy_eligible"", ""detail"": ""not strategy eligible by default""}]",0.2496
e8c3db08926b95fb54eaba299b766d6d,561259,565065,Will Ro Khanna win the 2028 US Presidential Election?,Will the Democrats win the 2028 US Presidential Election?,rejected,mixed_subtype,candidate_to_party_dependency,2028_us_presidential_election,candidate_winner_same_election,party_winner_same_election,candidate,party,general_election,general_election,,,,Democrats,,,rejected,ineligible,none,candidate market and party market share a broad election space,not strategy eligible by default,"[{""code"": ""entity_mismatch"", ""detail"": ""entity_overlap=0.100 < 0.5""}, {""code"": ""candidate_to_party_dependency"", ""detail"": ""candidate market and party market share a broad election space""}]","[{""code"": ""taxonomy_not_strategy_eligible"", ""detail"": ""not strategy eligible by default""}]",0.2496
97acf25caecb8c5f6128148612b5b595,561257,565065,Will Michelle Obama win the 2028 US Presidential Election?,Will the Democrats win the 2028 US Presidential Election?,rejected,mixed_subtype,candidate_to_party_dependency,2028_us_presidential_election,candidate_winner_same_election,party_winner_same_election,candidate,party,general_election,general_election,,,,Democrats,,,rejected,ineligible,none,candidate market and party market share a broad election space,not strategy eligible by default,"[{""code"": ""entity_mismatch"", ""detail"": ""entity_overlap=0.100 < 0.5""}, {""code"": ""candidate_to_party_dependency"", ""detail"": ""candidate market and party market share a broad election space""}]","[{""code"": ""taxonomy_not_strategy_eligible"", ""detail"": ""not strategy eligible by default""}]",0.2458
86c746a8180839a3673ca3029ae7384b,561237,565065,Will Andy Beshear win the 2028 US Presidential Election?,Will the Democrats win the 2028 US Presidential Election?,rejected,mixed_subtype,candidate_to_party_dependency,2028_us_presidential_election,candidate_winner_same_election,party_winner_same_election,candidate,party,general_election,general_election,,,,Democrats,,,rejected,ineligible,none,candidate market and party market share a broad election space,not strategy eligible by default,"[{""code"": ""entity_mismatch"", ""detail"": ""entity_overlap=0.100 < 0.5""}, {""code"": ""candidate_to_party_dependency"", ""detail"": ""candidate market and party market share a broad election space""}]","[{""code"": ""taxonomy_not_strategy_eligible"", ""detail"": ""not strategy eligible by default""}]",0.245
e86b9578f68d6611da3c30f7951a978e,540818,540844,New Playboi Carti Album before GTA VI?,Will bitcoin hit $1m before GTA VI?,rejected,mixed_subtype,album_release_before_reference_vs_movie_release_before_reference,gta_vi_reference_clock,album_release_before_reference,movie_release_before_reference,event,event,temporal,temporal,,,,,,,rejected,ineligible,none,same broad outcome space but different outcome subtypes,not strategy eligible by default,"[{""code"": ""entity_mismatch"", ""detail"": ""entity_overlap=0.100 < 0.5""}, {""code"": ""album_release_before_reference_vs_movie_release_before_reference"", ""detail"": ""same broad outcome space but different outcome subtypes""}]","[{""code"": ""taxonomy_not_strategy_eligible"", ""detail"": ""not strategy eligible by default""}]",0.2442
d2054254e1430861a52539edb8dcac23,561248,565065,Will Vivek Ramaswamy win the 2028 US Presidential Election?,Will the Democrats win the 2028 US Presidential Election?,rejected,mixed_subtype,candidate_to_party_dependency,2028_us_presidential_election,candidate_winner_same_election,party_winner_same_election,candidate,party,general_election,general_election,,,,Democrats,,,rejected,ineligible,none,candidate market and party market share a broad election space,not strategy eligible by default,"[{""code"": ""entity_mismatch"", ""detail"": ""entity_overlap=0.100 < 0.5""}, {""code"": ""candidate_to_party_dependency"", ""detail"": ""candidate market and party market share a broad election space""}]","[{""code"": ""taxonomy_not_strategy_eligible"", ""detail"": ""not strategy eligible by default""}]",0.2429
32aab9963a4f36a90e88aea93c00d33a,561244,565065,Will Donald Trump Jr. win the 2028 US Presidential Election?,Will the Democrats win the 2028 US Presidential Election?,rejected,mixed_subtype,candidate_to_party_dependency,2028_us_presidential_election,candidate_winner_same_election,party_winner_same_election,candidate,party,general_election,general_election,,,,Democrats,,,rejected,ineligible,none,candidate market and party market share a broad election space,not strategy eligible by default,"[{""code"": ""entity_mismatch"", ""detail"": ""entity_overlap=0.100 < 0.5""}, {""code"": ""candidate_to_party_dependency"", ""detail"": ""candidate market and party market share a broad election space""}]","[{""code"": ""taxonomy_not_strategy_eligible"", ""detail"": ""not strategy eligible by default""}]",0.2429
e578cddccb941a961f98472028c115bd,561232,565065,Will Pete Buttigieg win the 2028 US Presidential Election?,Will the Democrats win the 2028 US Presidential Election?,rejected,mixed_subtype,candidate_to_party_dependency,2028_us_presidential_election,candidate_winner_same_election,party_winner_same_election,candidate,party,general_election,general_election,,,,Democrats,,,rejected,ineligible,none,candidate market and party market share a broad election space,not strategy eligible by default,"[{""code"": ""entity_mismatch"", ""detail"": ""entity_overlap=0.100 < 0.5""}, {""code"": ""candidate_to_party_dependency"", ""detail"": ""candidate market and party market share a broad election space""}]","[{""code"": ""taxonomy_not_strategy_eligible"", ""detail"": ""not strategy eligible by default""}]",0.2429
b743524a9765856526ac4d811420a1ea,561250,565065,Will Elon Musk win the 2028 US Presidential Election?,Will the Democrats win the 2028 US Presidential Election?,rejected,mixed_subtype,candidate_to_party_dependency,2028_us_presidential_election,candidate_winner_same_election,party_winner_same_election,candidate,party,general_election,general_election,,,,Democrats,,,rejected,ineligible,none,candidate market and party market share a broad election space,not strategy eligible by default,"[{""code"": ""entity_mismatch"", ""detail"": ""entity_overlap=0.100 < 0.5""}, {""code"": ""candidate_to_party_dependency"", ""detail"": ""candidate market and party market share a broad election space""}]","[{""code"": ""taxonomy_not_strategy_eligible"", ""detail"": ""not strategy eligible by default""}]",0.2414
0a46a3c67826638e3f0bcb5e386c397b,561260,565065,Will Thomas Massie win the 2028 US Presidential Election?,Will the Democrats win the 2028 US Presidential Election?,rejected,mixed_subtype,candidate_to_party_dependency,2028_us_presidential_election,candidate_winner_same_election,party_winner_same_election,candidate,party,general_election,general_election,,,,Democrats,,,rejected,ineligible,none,candidate market and party market share a broad election space,not strategy eligible by default,"[{""code"": ""entity_mismatch"", ""detail"": ""entity_overlap=0.100 < 0.5""}, {""code"": ""candidate_to_party_dependency"", ""detail"": ""candidate market and party market share a broad election space""}]","[{""code"": ""taxonomy_not_strategy_eligible"", ""detail"": ""not strategy eligible by default""}]",0.2411
38155e7ac6731e5aec259ee31b612f51,561264,565065,Will Pete Hegseth win the 2028 US Presidential Election?,Will the Democrats win the 2028 US Presidential Election?,rejected,mixed_subtype,candidate_to_party_dependency,2028_us_presidential_election,candidate_winner_same_election,party_winner_same_election,candidate,party,general_election,general_election,,,,Democrats,,,rejected,ineligible,none,candidate market and party market share a broad election space,not strategy eligible by default,"[{""code"": ""entity_mismatch"", ""detail"": ""entity_overlap=0.100 < 0.5""}, {""code"": ""candidate_to_party_dependency"", ""detail"": ""candidate market and party market share a broad election space""}]","[{""code"": ""coverage_insufficient_a"", ""detail"": ""market_a coverage_score=0.56""}]",0.2411
7c1acaa02d0f1f71a4e51f843c1f3135,540818,540820,New Playboi Carti Album before GTA VI?,Trump out as President before GTA VI?,rejected,mixed_subtype,album_release_before_reference_vs_movie_release_before_reference,gta_vi_reference_clock,album_release_before_reference,movie_release_before_reference,event,event,temporal,temporal,,,,,,,rejected,ineligible,none,same broad outcome space but different outcome subtypes,not strategy eligible by default,"[{""code"": ""entity_mismatch"", ""detail"": ""entity_overlap=0.060 < 0.5""}, {""code"": ""album_release_before_reference_vs_movie_release_before_reference"", ""detail"": ""same broad outcome space but different outcome subtypes""}]","[{""code"": ""taxonomy_not_strategy_eligible"", ""detail"": ""not strategy eligible by default""}]",0.2387
a0ef9131c9f93574165e69c236992ee0,540817,540844,New Rihanna Album before GTA VI?,Will bitcoin hit $1m before GTA VI?,rejected,mixed_subtype,album_release_before_reference_vs_movie_release_before_reference,gta_vi_reference_clock,album_release_before_reference,movie_release_before_reference,event,event,temporal,temporal,,,,,,,rejected,ineligible,none,same broad outcome space but different outcome subtypes,not strategy eligible by default,"[{""code"": ""entity_mismatch"", ""detail"": ""entity_overlap=0.060 < 0.5""}, {""code"": ""album_release_before_reference_vs_movie_release_before_reference"", ""detail"": ""same broad outcome space but different outcome subtypes""}]","[{""code"": ""taxonomy_not_strategy_eligible"", ""detail"": ""not strategy eligible by default""}]",0.237
2f0acba9f0f6fa8c16d05b347b168757,561253,565065,Will Tucker Carlson win the 2028 US Presidential Election?,Will the Democrats win the 2028 US Presidential Election?,rejected,mixed_subtype,candidate_to_party_dependency,2028_us_presidential_election,candidate_winner_same_election,party_winner_same_election,candidate,party,general_election,general_election,,,,Democrats,,,rejected,ineligible,none,candidate market and party market share a broad election space,not strategy eligible by default,"[{""code"": ""entity_mismatch"", ""detail"": ""entity_overlap=0.100 < 0.5""}, {""code"": ""candidate_to_party_dependency"", ""detail"": ""candidate market and party market share a broad election space""}]","[{""code"": ""taxonomy_not_strategy_eligible"", ""detail"": ""not strategy eligible by default""}]",0.2354
3c339f59ff666afdd8ea9906149a1eb0,561238,565065,Will Glenn Youngkin win the 2028 US Presidential Election?,Will the Democrats win the 2028 US Presidential Election?,rejected,mixed_subtype,candidate_to_party_dependency,2028_us_presidential_election,candidate_winner_same_election,party_winner_same_election,candidate,party,general_election,general_election,,,,Democrats,,,rejected,ineligible,none,candidate market and party market share a broad election space,not strategy eligible by default,"[{""code"": ""entity_mismatch"", ""detail"": ""entity_overlap=0.100 < 0.5""}, {""code"": ""candidate_to_party_dependency"", ""detail"": ""candidate market and party market share a broad election space""}]","[{""code"": ""taxonomy_not_strategy_eligible"", ""detail"": ""not strategy eligible by default""}]",0.2354
eff3afd7267974c0dec2d5b346542051,561236,565065,Will Gretchen Whitmer win the 2028 US Presidential Election?,Will the Democrats win the 2028 US Presidential Election?,rejected,mixed_subtype,candidate_to_party_dependency,2028_us_presidential_election,candidate_winner_same_election,party_winner_same_election,candidate,party,general_election,general_election,,,,Democrats,,,rejected,ineligible,none,candidate market and party market share a broad election space,not strategy eligible by default,"[{""code"": ""entity_mismatch"", ""detail"": ""entity_overlap=0.100 < 0.5""}, {""code"": ""candidate_to_party_dependency"", ""detail"": ""candidate market and party market share a broad election space""}]","[{""code"": ""taxonomy_not_strategy_eligible"", ""detail"": ""not strategy eligible by default""}]",0.2343
6a7536dda972f3e6f43a55e64e479b68,561233,565065,Will Josh Shapiro win the 2028 US Presidential Election?,Will the Democrats win the 2028 US Presidential Election?,rejected,mixed_subtype,candidate_to_party_dependency,2028_us_presidential_election,candidate_winner_same_election,party_winner_same_election,candidate,party,general_election,general_election,,,,Democrats,,,rejected,ineligible,none,candidate market and party market share a broad election space,not strategy eligible by default,"[{""code"": ""entity_mismatch"", ""detail"": ""entity_overlap=0.100 < 0.5""}, {""code"": ""candidate_to_party_dependency"", ""detail"": ""candidate market and party market share a broad election space""}]","[{""code"": ""taxonomy_not_strategy_eligible"", ""detail"": ""not strategy eligible by default""}]",0.2338
85617d0a3fd12833ebbfd19f36eb8a84,561262,565065,Will James Talarico win the 2028 US Presidential Election?,Will the Democrats win the 2028 US Presidential Election?,rejected,mixed_subtype,candidate_to_party_dependency,2028_us_presidential_election,candidate_winner_same_election,party_winner_same_election,candidate,party,general_election,general_election,,,,Democrats,,,rejected,ineligible,none,candidate market and party market share a broad election space,not strategy eligible by default,"[{""code"": ""entity_mismatch"", ""detail"": ""entity_overlap=0.100 < 0.5""}, {""code"": ""candidate_to_party_dependency"", ""detail"": ""candidate market and party market share a broad election space""}]","[{""code"": ""taxonomy_not_strategy_eligible"", ""detail"": ""not strategy eligible by default""}]",0.2333
08f3aac10db26432a45c16b66e950080,561246,565065,Will Ron DeSantis win the 2028 US Presidential Election?,Will the Democrats win the 2028 US Presidential Election?,rejected,mixed_subtype,candidate_to_party_dependency,2028_us_presidential_election,candidate_winner_same_election,party_winner_same_election,candidate,party,general_election,general_election,,,,Democrats,,,rejected,ineligible,none,candidate market and party market share a broad election space,not strategy eligible by default,"[{""code"": ""entity_mismatch"", ""detail"": ""entity_overlap=0.100 < 0.5""}, {""code"": ""candidate_to_party_dependency"", ""detail"": ""candidate market and party market share a broad election space""}]","[{""code"": ""taxonomy_not_strategy_eligible"", ""detail"": ""not strategy eligible by default""}]",0.2329
cce6da878f0f5fd8d1c06e2049d0674c,561258,565065,Will Jamie Dimon win the 2028 US Presidential Election?,Will the Democrats win the 2028 US Presidential Election?,rejected,mixed_subtype,candidate_to_party_dependency,2028_us_presidential_election,candidate_winner_same_election,party_winner_same_election,candidate,party,general_election,general_election,,,,Democrats,,,rejected,ineligible,none,candidate market and party market share a broad election space,not strategy eligible by default,"[{""code"": ""entity_mismatch"", ""detail"": ""entity_overlap=0.100 < 0.5""}, {""code"": ""candidate_to_party_dependency"", ""detail"": ""candidate market and party market share a broad election space""}]","[{""code"": ""taxonomy_not_strategy_eligible"", ""detail"": ""not strategy eligible by default""}]",0.2329
5a13d948bddde820b36f6b176f42c66a,561229,565065,Will JD Vance win the 2028 US Presidential Election?,Will the Democrats win the 2028 US Presidential Election?,rejected,mixed_subtype,candidate_to_party_dependency,2028_us_presidential_election,candidate_winner_same_election,party_winner_same_election,candidate,party,general_election,general_election,,,,Democrats,,,rejected,ineligible,none,candidate market and party market share a broad election space,not strategy eligible by default,"[{""code"": ""entity_mismatch"", ""detail"": ""entity_overlap=0.100 < 0.5""}, {""code"": ""candidate_to_party_dependency"", ""detail"": ""candidate market and party market share a broad election space""}]","[{""code"": ""taxonomy_not_strategy_eligible"", ""detail"": ""not strategy eligible by default""}]",0.2295
952b390ac22b54f8aa0636f70573f86c,561256,565065,Will Zohran Mamdani win the 2028 US Presidential Election?,Will the Democrats win the 2028 US Presidential Election?,rejected,mixed_subtype,candidate_to_party_dependency,2028_us_presidential_election,candidate_winner_same_election,party_winner_same_election,candidate,party,general_election,general_election,,,,Democrats,,,rejected,ineligible,none,candidate market and party market share a broad election space,not strategy eligible by default,"[{""code"": ""entity_mismatch"", ""detail"": ""entity_overlap=0.100 < 0.5""}, {""code"": ""candidate_to_party_dependency"", ""detail"": ""candidate market and party market share a broad election space""}]","[{""code"": ""taxonomy_not_strategy_eligible"", ""detail"": ""not strategy eligible by default""}]",0.2291
d68a65b2990858769cc835f83b337be6,561240,565065,Will Stephen Smith win the 2028 US Presidential Election?,Will the Democrats win the 2028 US Presidential Election?,rejected,mixed_subtype,candidate_to_party_dependency,2028_us_presidential_election,candidate_winner_same_election,party_winner_same_election,candidate,party,general_election,general_election,,,,Democrats,,,rejected,ineligible,none,candidate market and party market share a broad election space,not strategy eligible by default,"[{""code"": ""entity_mismatch"", ""detail"": ""entity_overlap=0.100 < 0.5""}, {""code"": ""candidate_to_party_dependency"", ""detail"": ""candidate market and party market share a broad election space""}]","[{""code"": ""taxonomy_not_strategy_eligible"", ""detail"": ""not strategy eligible by default""}]",0.2291
2f712e642673ecb9a5e9a9ac4f5ecb82,561243,565065,Will Donald Trump win the 2028 US Presidential Election?,Will the Democrats win the 2028 US Presidential Election?,rejected,mixed_subtype,candidate_to_party_dependency,2028_us_presidential_election,candidate_winner_same_election,party_winner_same_election,candidate,party,general_election,general_election,,,,Democrats,,,rejected,ineligible,none,candidate market and party market share a broad election space,not strategy eligible by default,"[{""code"": ""entity_mismatch"", ""detail"": ""entity_overlap=0.100 < 0.5""}, {""code"": ""candidate_to_party_dependency"", ""detail"": ""candidate market and party market share a broad election space""}]","[{""code"": ""taxonomy_not_strategy_eligible"", ""detail"": ""not strategy eligible by default""}]",0.228
0c6b92b7277bcc75dc61ab8ee3c319cb,561263,565065,Will Eric Trump win the 2028 US Presidential Election?,Will the Democrats win the 2028 US Presidential Election?,rejected,mixed_subtype,candidate_to_party_dependency,2028_us_presidential_election,candidate_winner_same_election,party_winner_same_election,candidate,party,general_election,general_election,,,,Democrats,,,rejected,ineligible,none,candidate market and party market share a broad election space,not strategy eligible by default,"[{""code"": ""entity_mismatch"", ""detail"": ""entity_overlap=0.100 < 0.5""}, {""code"": ""candidate_to_party_dependency"", ""detail"": ""candidate market and party market share a broad election space""}]","[{""code"": ""coverage_insufficient_a"", ""detail"": ""market_a coverage_score=0.51""}]",0.228
de09480270f8bde54b9c400673afde66,561255,565065,Will Ivanka Trump win the 2028 US Presidential Election?,Will the Democrats win the 2028 US Presidential Election?,rejected,mixed_subtype,candidate_to_party_dependency,2028_us_presidential_election,candidate_winner_same_election,party_winner_same_election,candidate,party,general_election,general_election,,,,Democrats,,,rejected,ineligible,none,candidate market and party market share a broad election space,not strategy eligible by default,"[{""code"": ""entity_mismatch"", ""detail"": ""entity_overlap=0.100 < 0.5""}, {""code"": ""candidate_to_party_dependency"", ""detail"": ""candidate market and party market share a broad election space""}]","[{""code"": ""taxonomy_not_strategy_eligible"", ""detail"": ""not strategy eligible by default""}]",0.228
041a070f2522e0085ca5b0f128910ac5,561230,565065,Will Gavin Newsom win the 2028 US Presidential Election?,Will the Democrats win the 2028 US Presidential Election?,rejected,mixed_subtype,candidate_to_party_dependency,2028_us_presidential_election,candidate_winner_same_election,party_winner_same_election,candidate,party,general_election,general_election,,,,Democrats,,,rejected,ineligible,none,candidate market and party market share a broad election space,not strategy eligible by default,"[{""code"": ""entity_mismatch"", ""detail"": ""entity_overlap=0.100 < 0.5""}, {""code"": ""candidate_to_party_dependency"", ""detail"": ""candidate market and party market share a broad election space""}]","[{""code"": ""taxonomy_not_strategy_eligible"", ""detail"": ""not strategy eligible by default""}]",0.2277
77094e2876b43ddac6c2c45ce51c69f4,561247,565065,Will Tim Walz win the 2028 US Presidential Election?,Will the Democrats win the 2028 US Presidential Election?,rejected,mixed_subtype,candidate_to_party_dependency,2028_us_presidential_election,candidate_winner_same_election,party_winner_same_election,candidate,party,general_election,general_election,,,,Democrats,,,rejected,ineligible,none,candidate market and party market share a broad election space,not strategy eligible by default,"[{""code"": ""entity_mismatch"", ""detail"": ""entity_overlap=0.100 < 0.5""}, {""code"": ""candidate_to_party_dependency"", ""detail"": ""candidate market and party market share a broad election space""}]","[{""code"": ""taxonomy_not_strategy_eligible"", ""detail"": ""not strategy eligible by default""}]",0.2274
be516ec12277ab08f0637154e1ba5060,561242,565065,Will Tulsi Gabbard win the 2028 US Presidential Election?,Will the Democrats win the 2028 US Presidential Election?,rejected,mixed_subtype,candidate_to_party_dependency,2028_us_presidential_election,candidate_winner_same_election,party_winner_same_election,candidate,party,general_election,general_election,,,,Democrats,,,rejected,ineligible,none,candidate market and party market share a broad election space,not strategy eligible by default,"[{""code"": ""entity_mismatch"", ""detail"": ""entity_overlap=0.100 < 0.5""}, {""code"": ""candidate_to_party_dependency"", ""detail"": ""candidate market and party market share a broad election space""}]","[{""code"": ""taxonomy_not_strategy_eligible"", ""detail"": ""not strategy eligible by default""}]",0.2269
5523209e676b059e80540211313918fc,561249,565065,Will Greg Abbott win the 2028 US Presidential Election?,Will the Democrats win the 2028 US Presidential Election?,rejected,mixed_subtype,candidate_to_party_dependency,2028_us_presidential_election,candidate_winner_same_election,party_winner_same_election,candidate,party,general_election,general_election,,,,Democrats,,,rejected,ineligible,none,candidate market and party market share a broad election space,not strategy eligible by default,"[{""code"": ""entity_mismatch"", ""detail"": ""entity_overlap=0.100 < 0.5""}, {""code"": ""candidate_to_party_dependency"", ""detail"": ""candidate market and party market share a broad election space""}]","[{""code"": ""taxonomy_not_strategy_eligible"", ""detail"": ""not strategy eligible by default""}]",0.2269
e8af3932bb64f988367dcce26d335be2,561254,565065,Will Kim Kardashian win the 2028 US Presidential Election?,Will the Democrats win the 2028 US Presidential Election?,rejected,mixed_subtype,candidate_to_party_dependency,2028_us_presidential_election,candidate_winner_same_election,party_winner_same_election,candidate,party,general_election,general_election,,,,Democrats,,,rejected,ineligible,none,candidate market and party market share a broad election space,not strategy eligible by default,"[{""code"": ""entity_mismatch"", ""detail"": ""entity_overlap=0.100 < 0.5""}, {""code"": ""candidate_to_party_dependency"", ""detail"": ""candidate market and party market share a broad election space""}]","[{""code"": ""coverage_insufficient_a"", ""detail"": ""market_a coverage_score=0.51""}]",0.2259
e508aab11f8716a1a97c4896885b4a23,561235,565065,Will Wes Moore win the 2028 US Presidential Election?,Will the Democrats win the 2028 US Presidential Election?,rejected,mixed_subtype,candidate_to_party_dependency,2028_us_presidential_election,candidate_winner_same_election,party_winner_same_election,candidate,party,general_election,general_election,,,,Democrats,,,rejected,ineligible,none,candidate market and party market share a broad election space,not strategy eligible by default,"[{""code"": ""entity_mismatch"", ""detail"": ""entity_overlap=0.100 < 0.5""}, {""code"": ""candidate_to_party_dependency"", ""detail"": ""candidate market and party market share a broad election space""}]","[{""code"": ""taxonomy_not_strategy_eligible"", ""detail"": ""not strategy eligible by default""}]",0.2256
a3967f58d5c4d476e90bb80f0245101f,561261,565065,Will Jon Ossoff win the 2028 US Presidential Election?,Will the Democrats win the 2028 US Presidential Election?,rejected,mixed_subtype,candidate_to_party_dependency,2028_us_presidential_election,candidate_winner_same_election,party_winner_same_election,candidate,party,general_election,general_election,,,,Democrats,,,rejected,ineligible,none,candidate market and party market share a broad election space,not strategy eligible by default,"[{""code"": ""entity_mismatch"", ""detail"": ""entity_overlap=0.100 < 0.5""}, {""code"": ""candidate_to_party_dependency"", ""detail"": ""candidate market and party market share a broad election space""}]","[{""code"": ""taxonomy_not_strategy_eligible"", ""detail"": ""not strategy eligible by default""}]",0.2256
