trade_id,relationship_id,bundle_event_id,outcome_space_id,token_id,side,leg,fill_ts_ms,notional_usdc,replay_path,preset,alignment_quality,candidate_id,context_space_id,entry_policy,execution_model,exit_policy,fees_usdc,fill_price,first_entry_or_reentry,gross_edge,label,market_id,net_edge_after_cost,preset_label,preset_name,run_id,shares,sizing_policy,slippage_cost_usdc,strategy_lane,violation_window_id
a4b103a536464778a8fa2b1b3c029dc7,5910a43939d7ba6fe59cf6b80718e5c3,,,12636035070565821048178968461063687179393834041535317885287743395873720755118,buy,a,1765458007000,5.0,research,exploratory_trade_surface,unknown,ec86e770b3122e48f1edecd0fa8a1e08,sports_championship_conference_progression,reenter_after_cooldown,price_history_only,close_on_reversal,0.0,0.03919500000,first,0.01100000,RESEARCH-ONLY — exploratory_trade_surface,553866,0.00100000,EXPLORATORY,exploratory_trade_surface,phase_h_explore_20260516,127.5672917463962240081643067,flat_small,0.025,strict_context_valid,daba84efdff911b3ab9f8d31
f7c7df35e0e24ba192469ffe653146d0,5910a43939d7ba6fe59cf6b80718e5c3,,,6842047670820419171425914468337077680927367717837404858652329372722501774629,buy,b,1765458007000,5.0,research,exploratory_trade_surface,unknown,ec86e770b3122e48f1edecd0fa8a1e08,sports_championship_conference_progression,reenter_after_cooldown,price_history_only,close_on_reversal,0.0,0.02814000000,first,0.01100000,RESEARCH-ONLY — exploratory_trade_surface,564218,0.00100000,EXPLORATORY,exploratory_trade_surface,phase_h_explore_20260516,177.6830135039090262970859986,flat_small,0.025,strict_context_valid,daba84efdff911b3ab9f8d31
f61124b35c7a4e8d8341ef47ac25f189,5910a43939d7ba6fe59cf6b80718e5c3,,,12636035070565821048178968461063687179393834041535317885287743395873720755118,buy,a,1765461607000,5.0,research,exploratory_trade_surface,unknown,ce990549fbaa2ddf2a8666581aa9a5a5,sports_championship_conference_progression,reenter_after_cooldown,price_history_only,close_on_reversal,0.0,0.03919500000,reentry,0.01100000,RESEARCH-ONLY — exploratory_trade_surface,553866,0.00100000,EXPLORATORY,exploratory_trade_surface,phase_h_explore_20260516,127.5672917463962240081643067,flat_small,0.025,strict_context_valid,c20dc8304382fc0dd383afdc
86a051c0a0844cdeab29e504e3eb6949,5910a43939d7ba6fe59cf6b80718e5c3,,,6842047670820419171425914468337077680927367717837404858652329372722501774629,buy,b,1765461607000,5.0,research,exploratory_trade_surface,unknown,ce990549fbaa2ddf2a8666581aa9a5a5,sports_championship_conference_progression,reenter_after_cooldown,price_history_only,close_on_reversal,0.0,0.02814000000,reentry,0.01100000,RESEARCH-ONLY — exploratory_trade_surface,564218,0.00100000,EXPLORATORY,exploratory_trade_surface,phase_h_explore_20260516,177.6830135039090262970859986,flat_small,0.025,strict_context_valid,c20dc8304382fc0dd383afdc
f46ddd92ff9f41ce9607f9bb2630a1f3,5910a43939d7ba6fe59cf6b80718e5c3,,,12636035070565821048178968461063687179393834041535317885287743395873720755118,buy,a,1765465207000,5.0,research,exploratory_trade_surface,unknown,d3dbed83ba5a189f22f0b7079b84e5d0,sports_championship_conference_progression,reenter_after_cooldown,price_history_only,close_on_reversal,0.0,0.03919500000,reentry,0.01100000,RESEARCH-ONLY — exploratory_trade_surface,553866,0.00100000,EXPLORATORY,exploratory_trade_surface,phase_h_explore_20260516,127.5672917463962240081643067,flat_small,0.025,strict_context_valid,f1fd8efa2df92114c6d87794
43a9d9e89ff8494ea8007ccbadfad37c,5910a43939d7ba6fe59cf6b80718e5c3,,,6842047670820419171425914468337077680927367717837404858652329372722501774629,buy,b,1765465207000,5.0,research,exploratory_trade_surface,unknown,d3dbed83ba5a189f22f0b7079b84e5d0,sports_championship_conference_progression,reenter_after_cooldown,price_history_only,close_on_reversal,0.0,0.02814000000,reentry,0.01100000,RESEARCH-ONLY — exploratory_trade_surface,564218,0.00100000,EXPLORATORY,exploratory_trade_surface,phase_h_explore_20260516,177.6830135039090262970859986,flat_small,0.025,strict_context_valid,f1fd8efa2df92114c6d87794
61155f1d10434260a2e2fc88161e2281,5910a43939d7ba6fe59cf6b80718e5c3,,,12636035070565821048178968461063687179393834041535317885287743395873720755118,buy,a,1765468807000,5.0,research,exploratory_trade_surface,unknown,3c9f0d4e6e8b9324b8fcafea0a1cbd04,sports_championship_conference_progression,reenter_after_cooldown,price_history_only,close_on_reversal,0.0,0.03919500000,reentry,0.01100000,RESEARCH-ONLY — exploratory_trade_surface,553866,0.00100000,EXPLORATORY,exploratory_trade_surface,phase_h_explore_20260516,127.5672917463962240081643067,flat_small,0.025,strict_context_valid,c108ee3a0882c566143c7083
ca5ddfb6d3b042e68e7808a1e32cb43c,5910a43939d7ba6fe59cf6b80718e5c3,,,6842047670820419171425914468337077680927367717837404858652329372722501774629,buy,b,1765468807000,5.0,research,exploratory_trade_surface,unknown,3c9f0d4e6e8b9324b8fcafea0a1cbd04,sports_championship_conference_progression,reenter_after_cooldown,price_history_only,close_on_reversal,0.0,0.02814000000,reentry,0.01100000,RESEARCH-ONLY — exploratory_trade_surface,564218,0.00100000,EXPLORATORY,exploratory_trade_surface,phase_h_explore_20260516,177.6830135039090262970859986,flat_small,0.025,strict_context_valid,c108ee3a0882c566143c7083
8d1556f9f6e549dfad071fbbfbdfb36f,5910a43939d7ba6fe59cf6b80718e5c3,,,12636035070565821048178968461063687179393834041535317885287743395873720755118,buy,a,1765472407000,5.0,research,exploratory_trade_surface,unknown,16986725cfdd830f73938801125166e4,sports_championship_conference_progression,reenter_after_cooldown,price_history_only,close_on_reversal,0.0,0.03919500000,reentry,0.01100000,RESEARCH-ONLY — exploratory_trade_surface,553866,0.00100000,EXPLORATORY,exploratory_trade_surface,phase_h_explore_20260516,127.5672917463962240081643067,flat_small,0.025,strict_context_valid,419ad19b06e7d94e130d0d6a
4183e1f6f9f448cdbafa495046bd77be,5910a43939d7ba6fe59cf6b80718e5c3,,,6842047670820419171425914468337077680927367717837404858652329372722501774629,buy,b,1765472407000,5.0,research,exploratory_trade_surface,unknown,16986725cfdd830f73938801125166e4,sports_championship_conference_progression,reenter_after_cooldown,price_history_only,close_on_reversal,0.0,0.02814000000,reentry,0.01100000,RESEARCH-ONLY — exploratory_trade_surface,564218,0.00100000,EXPLORATORY,exploratory_trade_surface,phase_h_explore_20260516,177.6830135039090262970859986,flat_small,0.025,strict_context_valid,419ad19b06e7d94e130d0d6a
7251879d036749caacc5de0789bb3b4a,5910a43939d7ba6fe59cf6b80718e5c3,,,12636035070565821048178968461063687179393834041535317885287743395873720755118,buy,a,1765476007000,5.0,research,exploratory_trade_surface,unknown,f80d5b6659d36133554c50403ea332cd,sports_championship_conference_progression,reenter_after_cooldown,price_history_only,close_on_reversal,0.0,0.03919500000,reentry,0.01100000,RESEARCH-ONLY — exploratory_trade_surface,553866,0.00100000,EXPLORATORY,exploratory_trade_surface,phase_h_explore_20260516,127.5672917463962240081643067,flat_small,0.025,strict_context_valid,e624ca7cb1ac218d5c932460
479a1e4f3d7844979f58e5201bcd64f5,5910a43939d7ba6fe59cf6b80718e5c3,,,6842047670820419171425914468337077680927367717837404858652329372722501774629,buy,b,1765476007000,5.0,research,exploratory_trade_surface,unknown,f80d5b6659d36133554c50403ea332cd,sports_championship_conference_progression,reenter_after_cooldown,price_history_only,close_on_reversal,0.0,0.02814000000,reentry,0.01100000,RESEARCH-ONLY — exploratory_trade_surface,564218,0.00100000,EXPLORATORY,exploratory_trade_surface,phase_h_explore_20260516,177.6830135039090262970859986,flat_small,0.025,strict_context_valid,e624ca7cb1ac218d5c932460
3291bb9bad9e4b03bcfa88b202644b93,5910a43939d7ba6fe59cf6b80718e5c3,,,12636035070565821048178968461063687179393834041535317885287743395873720755118,buy,a,1765479607000,5.0,research,exploratory_trade_surface,unknown,185b9da6b511c0eded9f095d717468fd,sports_championship_conference_progression,reenter_after_cooldown,price_history_only,close_on_reversal,0.0,0.03919500000,reentry,0.01100000,RESEARCH-ONLY — exploratory_trade_surface,553866,0.00100000,EXPLORATORY,exploratory_trade_surface,phase_h_explore_20260516,127.5672917463962240081643067,flat_small,0.025,strict_context_valid,672c7620f57fa448f4277f64
82f1c1ee6678428181d642d1524635d7,5910a43939d7ba6fe59cf6b80718e5c3,,,6842047670820419171425914468337077680927367717837404858652329372722501774629,buy,b,1765479607000,5.0,research,exploratory_trade_surface,unknown,185b9da6b511c0eded9f095d717468fd,sports_championship_conference_progression,reenter_after_cooldown,price_history_only,close_on_reversal,0.0,0.02814000000,reentry,0.01100000,RESEARCH-ONLY — exploratory_trade_surface,564218,0.00100000,EXPLORATORY,exploratory_trade_surface,phase_h_explore_20260516,177.6830135039090262970859986,flat_small,0.025,strict_context_valid,672c7620f57fa448f4277f64
2e7ab88311a74b709a8334b941f2878d,5910a43939d7ba6fe59cf6b80718e5c3,,,12636035070565821048178968461063687179393834041535317885287743395873720755118,buy,a,1765483207000,5.0,research,exploratory_trade_surface,unknown,89d057a3fcec95eb37c5272735e7e723,sports_championship_conference_progression,reenter_after_cooldown,price_history_only,close_on_reversal,0.0,0.03919500000,reentry,0.01100000,RESEARCH-ONLY — exploratory_trade_surface,553866,0.00100000,EXPLORATORY,exploratory_trade_surface,phase_h_explore_20260516,127.5672917463962240081643067,flat_small,0.025,strict_context_valid,b6982f6eb4a1ee033a8b3b02
1cb914317267488fa9efcf0b6c1af9aa,5910a43939d7ba6fe59cf6b80718e5c3,,,6842047670820419171425914468337077680927367717837404858652329372722501774629,buy,b,1765483207000,5.0,research,exploratory_trade_surface,unknown,89d057a3fcec95eb37c5272735e7e723,sports_championship_conference_progression,reenter_after_cooldown,price_history_only,close_on_reversal,0.0,0.02814000000,reentry,0.01100000,RESEARCH-ONLY — exploratory_trade_surface,564218,0.00100000,EXPLORATORY,exploratory_trade_surface,phase_h_explore_20260516,177.6830135039090262970859986,flat_small,0.025,strict_context_valid,b6982f6eb4a1ee033a8b3b02
ebb0669b9a3347b4b91878b47a82e785,5910a43939d7ba6fe59cf6b80718e5c3,,,12636035070565821048178968461063687179393834041535317885287743395873720755118,buy,a,1765486807000,5.0,research,exploratory_trade_surface,unknown,386cc3bb71c92fd85496e9f101a63f90,sports_championship_conference_progression,reenter_after_cooldown,price_history_only,close_on_reversal,0.0,0.03919500000,reentry,0.01100000,RESEARCH-ONLY — exploratory_trade_surface,553866,0.00100000,EXPLORATORY,exploratory_trade_surface,phase_h_explore_20260516,127.5672917463962240081643067,flat_small,0.025,strict_context_valid,495e765605ac722ab5915b6f
19a7237a21794ab092dec473ffd32351,5910a43939d7ba6fe59cf6b80718e5c3,,,6842047670820419171425914468337077680927367717837404858652329372722501774629,buy,b,1765486807000,5.0,research,exploratory_trade_surface,unknown,386cc3bb71c92fd85496e9f101a63f90,sports_championship_conference_progression,reenter_after_cooldown,price_history_only,close_on_reversal,0.0,0.02814000000,reentry,0.01100000,RESEARCH-ONLY — exploratory_trade_surface,564218,0.00100000,EXPLORATORY,exploratory_trade_surface,phase_h_explore_20260516,177.6830135039090262970859986,flat_small,0.025,strict_context_valid,495e765605ac722ab5915b6f
b54ac142e9cb4bb08bd1bf011fb48b1a,5910a43939d7ba6fe59cf6b80718e5c3,,,12636035070565821048178968461063687179393834041535317885287743395873720755118,buy,a,1765490407000,5.0,research,exploratory_trade_surface,unknown,31c68be282c71be0fa7a08f3d6f3410f,sports_championship_conference_progression,reenter_after_cooldown,price_history_only,close_on_reversal,0.0,0.03919500000,reentry,0.01100000,RESEARCH-ONLY — exploratory_trade_surface,553866,0.00100000,EXPLORATORY,exploratory_trade_surface,phase_h_explore_20260516,127.5672917463962240081643067,flat_small,0.025,strict_context_valid,596799296fcc5438557c415c
e449ab923ccf43dcb9d28daf523bb553,5910a43939d7ba6fe59cf6b80718e5c3,,,6842047670820419171425914468337077680927367717837404858652329372722501774629,buy,b,1765490407000,5.0,research,exploratory_trade_surface,unknown,31c68be282c71be0fa7a08f3d6f3410f,sports_championship_conference_progression,reenter_after_cooldown,price_history_only,close_on_reversal,0.0,0.02814000000,reentry,0.01100000,RESEARCH-ONLY — exploratory_trade_surface,564218,0.00100000,EXPLORATORY,exploratory_trade_surface,phase_h_explore_20260516,177.6830135039090262970859986,flat_small,0.025,strict_context_valid,596799296fcc5438557c415c
c48f93f000b04818a16d64286fd469ed,5910a43939d7ba6fe59cf6b80718e5c3,,,12636035070565821048178968461063687179393834041535317885287743395873720755118,buy,a,1765494007000,5.0,research,exploratory_trade_surface,unknown,4a2e7ded3092d6a3e72641ba283f0f14,sports_championship_conference_progression,reenter_after_cooldown,price_history_only,close_on_reversal,0.0,0.03919500000,reentry,0.01100000,RESEARCH-ONLY — exploratory_trade_surface,553866,0.00100000,EXPLORATORY,exploratory_trade_surface,phase_h_explore_20260516,127.5672917463962240081643067,flat_small,0.025,strict_context_valid,643a9ccf59884e2fd303293a
a81182c0b5e34f038c3cccaa3e33d9ff,5910a43939d7ba6fe59cf6b80718e5c3,,,6842047670820419171425914468337077680927367717837404858652329372722501774629,buy,b,1765494007000,5.0,research,exploratory_trade_surface,unknown,4a2e7ded3092d6a3e72641ba283f0f14,sports_championship_conference_progression,reenter_after_cooldown,price_history_only,close_on_reversal,0.0,0.02814000000,reentry,0.01100000,RESEARCH-ONLY — exploratory_trade_surface,564218,0.00100000,EXPLORATORY,exploratory_trade_surface,phase_h_explore_20260516,177.6830135039090262970859986,flat_small,0.025,strict_context_valid,643a9ccf59884e2fd303293a
18a9a0d346934e34beba958ebd532550,5910a43939d7ba6fe59cf6b80718e5c3,,,12636035070565821048178968461063687179393834041535317885287743395873720755118,buy,a,1765497607000,5.0,research,exploratory_trade_surface,unknown,57695f07372dcb986011a627f7ee601b,sports_championship_conference_progression,reenter_after_cooldown,price_history_only,close_on_reversal,0.0,0.03919500000,reentry,0.01100000,RESEARCH-ONLY — exploratory_trade_surface,553866,0.00100000,EXPLORATORY,exploratory_trade_surface,phase_h_explore_20260516,127.5672917463962240081643067,flat_small,0.025,strict_context_valid,65418d8c7a87ad49b995fc6e
b322077c132d4d73a471061fe5485b36,5910a43939d7ba6fe59cf6b80718e5c3,,,6842047670820419171425914468337077680927367717837404858652329372722501774629,buy,b,1765497607000,5.0,research,exploratory_trade_surface,unknown,57695f07372dcb986011a627f7ee601b,sports_championship_conference_progression,reenter_after_cooldown,price_history_only,close_on_reversal,0.0,0.02814000000,reentry,0.01100000,RESEARCH-ONLY — exploratory_trade_surface,564218,0.00100000,EXPLORATORY,exploratory_trade_surface,phase_h_explore_20260516,177.6830135039090262970859986,flat_small,0.025,strict_context_valid,65418d8c7a87ad49b995fc6e
2ef89d9a4a12487394adc27bb8e21724,5910a43939d7ba6fe59cf6b80718e5c3,,,12636035070565821048178968461063687179393834041535317885287743395873720755118,buy,a,1765544407000,5.0,research,exploratory_trade_surface,unknown,7721f34bcb84a4404eca9f11db563ce2,sports_championship_conference_progression,reenter_after_cooldown,price_history_only,close_on_reversal,0.0,0.03819000000,reentry,0.01050000,RESEARCH-ONLY — exploratory_trade_surface,553866,0.00050000,EXPLORATORY,exploratory_trade_surface,phase_h_explore_20260516,130.9243257397224404294317884,flat_small,0.025,strict_context_valid,257abb69d43f4f315bb6ef5a
966fa9c598cb4fc9a5c85a3f337ff776,5910a43939d7ba6fe59cf6b80718e5c3,,,6842047670820419171425914468337077680927367717837404858652329372722501774629,buy,b,1765544407000,5.0,research,exploratory_trade_surface,unknown,7721f34bcb84a4404eca9f11db563ce2,sports_championship_conference_progression,reenter_after_cooldown,price_history_only,close_on_reversal,0.0,0.02763750000,reentry,0.01050000,RESEARCH-ONLY — exploratory_trade_surface,564218,0.00050000,EXPLORATORY,exploratory_trade_surface,phase_h_explore_20260516,180.9136137494346449570330167,flat_small,0.025,strict_context_valid,257abb69d43f4f315bb6ef5a
ea2a3190e10d4e59b30e329a13098043,5910a43939d7ba6fe59cf6b80718e5c3,,,12636035070565821048178968461063687179393834041535317885287743395873720755118,buy,a,1765548007000,5.0,research,exploratory_trade_surface,unknown,95ec69cf892624c0b65308af542a8bf2,sports_championship_conference_progression,reenter_after_cooldown,price_history_only,close_on_reversal,0.0,0.03819000000,reentry,0.01050000,RESEARCH-ONLY — exploratory_trade_surface,553866,0.00050000,EXPLORATORY,exploratory_trade_surface,phase_h_explore_20260516,130.9243257397224404294317884,flat_small,0.025,strict_context_valid,d41ae5a68d4c6b5a5a2f77bb
bea389453f9143c0bf28db2cb1c13be7,5910a43939d7ba6fe59cf6b80718e5c3,,,6842047670820419171425914468337077680927367717837404858652329372722501774629,buy,b,1765548007000,5.0,research,exploratory_trade_surface,unknown,95ec69cf892624c0b65308af542a8bf2,sports_championship_conference_progression,reenter_after_cooldown,price_history_only,close_on_reversal,0.0,0.02763750000,reentry,0.01050000,RESEARCH-ONLY — exploratory_trade_surface,564218,0.00050000,EXPLORATORY,exploratory_trade_surface,phase_h_explore_20260516,180.9136137494346449570330167,flat_small,0.025,strict_context_valid,d41ae5a68d4c6b5a5a2f77bb
ea3ad503d1864ddbb3b80a0ae1d682f4,5910a43939d7ba6fe59cf6b80718e5c3,,,12636035070565821048178968461063687179393834041535317885287743395873720755118,buy,a,1765551607000,5.0,research,exploratory_trade_surface,unknown,6aedcdd969f9f2fffe4fa8de5653c473,sports_championship_conference_progression,reenter_after_cooldown,price_history_only,close_on_reversal,0.0,0.03819000000,reentry,0.01050000,RESEARCH-ONLY — exploratory_trade_surface,553866,0.00050000,EXPLORATORY,exploratory_trade_surface,phase_h_explore_20260516,130.9243257397224404294317884,flat_small,0.025,strict_context_valid,df9f0d0f5f9e6a3e359a8ffa
90d8c8f62a134a448835aecd8f7ae1db,5910a43939d7ba6fe59cf6b80718e5c3,,,6842047670820419171425914468337077680927367717837404858652329372722501774629,buy,b,1765551607000,5.0,research,exploratory_trade_surface,unknown,6aedcdd969f9f2fffe4fa8de5653c473,sports_championship_conference_progression,reenter_after_cooldown,price_history_only,close_on_reversal,0.0,0.02763750000,reentry,0.01050000,RESEARCH-ONLY — exploratory_trade_surface,564218,0.00050000,EXPLORATORY,exploratory_trade_surface,phase_h_explore_20260516,180.9136137494346449570330167,flat_small,0.025,strict_context_valid,df9f0d0f5f9e6a3e359a8ffa
2fd37d4ac651458facce51673d7b633e,5910a43939d7ba6fe59cf6b80718e5c3,,,12636035070565821048178968461063687179393834041535317885287743395873720755118,buy,a,1765555207000,5.0,research,exploratory_trade_surface,unknown,79701cccd2268bba196cdde6725b2087,sports_championship_conference_progression,reenter_after_cooldown,price_history_only,close_on_reversal,0.0,0.03819000000,reentry,0.01050000,RESEARCH-ONLY — exploratory_trade_surface,553866,0.00050000,EXPLORATORY,exploratory_trade_surface,phase_h_explore_20260516,130.9243257397224404294317884,flat_small,0.025,strict_context_valid,e65ca70c598fb9834aa2920c
e3f12d438b4b4a5889b988c64278dcd3,5910a43939d7ba6fe59cf6b80718e5c3,,,6842047670820419171425914468337077680927367717837404858652329372722501774629,buy,b,1765555207000,5.0,research,exploratory_trade_surface,unknown,79701cccd2268bba196cdde6725b2087,sports_championship_conference_progression,reenter_after_cooldown,price_history_only,close_on_reversal,0.0,0.02763750000,reentry,0.01050000,RESEARCH-ONLY — exploratory_trade_surface,564218,0.00050000,EXPLORATORY,exploratory_trade_surface,phase_h_explore_20260516,180.9136137494346449570330167,flat_small,0.025,strict_context_valid,e65ca70c598fb9834aa2920c
c8b97ddb110443f3946de9cf5d438291,5910a43939d7ba6fe59cf6b80718e5c3,,,12636035070565821048178968461063687179393834041535317885287743395873720755118,buy,a,1765558807000,5.0,research,exploratory_trade_surface,unknown,0dc244ae21138f745bdccfef02466839,sports_championship_conference_progression,reenter_after_cooldown,price_history_only,close_on_reversal,0.0,0.03819000000,reentry,0.01050000,RESEARCH-ONLY — exploratory_trade_surface,553866,0.00050000,EXPLORATORY,exploratory_trade_surface,phase_h_explore_20260516,130.9243257397224404294317884,flat_small,0.025,strict_context_valid,23eb9b402044de31a9e39494
cbc66141ce23435587d1db4a2201b8b7,5910a43939d7ba6fe59cf6b80718e5c3,,,6842047670820419171425914468337077680927367717837404858652329372722501774629,buy,b,1765558807000,5.0,research,exploratory_trade_surface,unknown,0dc244ae21138f745bdccfef02466839,sports_championship_conference_progression,reenter_after_cooldown,price_history_only,close_on_reversal,0.0,0.02763750000,reentry,0.01050000,RESEARCH-ONLY — exploratory_trade_surface,564218,0.00050000,EXPLORATORY,exploratory_trade_surface,phase_h_explore_20260516,180.9136137494346449570330167,flat_small,0.025,strict_context_valid,23eb9b402044de31a9e39494
0d9c2ebc7a1349b3b0c9c0624ea1cba5,5910a43939d7ba6fe59cf6b80718e5c3,,,12636035070565821048178968461063687179393834041535317885287743395873720755118,buy,a,1765562407000,5.0,research,exploratory_trade_surface,unknown,0f909cb7fe7bcc8b1da708785aff2699,sports_championship_conference_progression,reenter_after_cooldown,price_history_only,close_on_reversal,0.0,0.03819000000,reentry,0.01050000,RESEARCH-ONLY — exploratory_trade_surface,553866,0.00050000,EXPLORATORY,exploratory_trade_surface,phase_h_explore_20260516,130.9243257397224404294317884,flat_small,0.025,strict_context_valid,c1b134d56c16d38e5f73e088
c6a877b04a6349cf9e0efa82245ef7a6,5910a43939d7ba6fe59cf6b80718e5c3,,,6842047670820419171425914468337077680927367717837404858652329372722501774629,buy,b,1765562407000,5.0,research,exploratory_trade_surface,unknown,0f909cb7fe7bcc8b1da708785aff2699,sports_championship_conference_progression,reenter_after_cooldown,price_history_only,close_on_reversal,0.0,0.02763750000,reentry,0.01050000,RESEARCH-ONLY — exploratory_trade_surface,564218,0.00050000,EXPLORATORY,exploratory_trade_surface,phase_h_explore_20260516,180.9136137494346449570330167,flat_small,0.025,strict_context_valid,c1b134d56c16d38e5f73e088
7c4229fce3284eb3af98a48a87a8019f,5910a43939d7ba6fe59cf6b80718e5c3,,,12636035070565821048178968461063687179393834041535317885287743395873720755118,buy,a,1765566007000,5.0,research,exploratory_trade_surface,unknown,f2867143d150033b2716eafa2821c1cd,sports_championship_conference_progression,reenter_after_cooldown,price_history_only,close_on_reversal,0.0,0.03819000000,reentry,0.01050000,RESEARCH-ONLY — exploratory_trade_surface,553866,0.00050000,EXPLORATORY,exploratory_trade_surface,phase_h_explore_20260516,130.9243257397224404294317884,flat_small,0.025,strict_context_valid,1733d862f8891889a48c913a
680d8b80e61f4290b0de729e074b839b,5910a43939d7ba6fe59cf6b80718e5c3,,,6842047670820419171425914468337077680927367717837404858652329372722501774629,buy,b,1765566007000,5.0,research,exploratory_trade_surface,unknown,f2867143d150033b2716eafa2821c1cd,sports_championship_conference_progression,reenter_after_cooldown,price_history_only,close_on_reversal,0.0,0.02763750000,reentry,0.01050000,RESEARCH-ONLY — exploratory_trade_surface,564218,0.00050000,EXPLORATORY,exploratory_trade_surface,phase_h_explore_20260516,180.9136137494346449570330167,flat_small,0.025,strict_context_valid,1733d862f8891889a48c913a
3ab28793f41f48c9b0dd9c39f1462448,5910a43939d7ba6fe59cf6b80718e5c3,,,12636035070565821048178968461063687179393834041535317885287743395873720755118,buy,a,1765569607000,5.0,research,exploratory_trade_surface,unknown,ffaa4cea61a65f63c93e26f918e37e6f,sports_championship_conference_progression,reenter_after_cooldown,price_history_only,close_on_reversal,0.0,0.03819000000,reentry,0.01050000,RESEARCH-ONLY — exploratory_trade_surface,553866,0.00050000,EXPLORATORY,exploratory_trade_surface,phase_h_explore_20260516,130.9243257397224404294317884,flat_small,0.025,strict_context_valid,5d283cd10c0cb8686d9c3f08
5ca20cef3e3f46d4a72754bfa29e74bb,5910a43939d7ba6fe59cf6b80718e5c3,,,6842047670820419171425914468337077680927367717837404858652329372722501774629,buy,b,1765569607000,5.0,research,exploratory_trade_surface,unknown,ffaa4cea61a65f63c93e26f918e37e6f,sports_championship_conference_progression,reenter_after_cooldown,price_history_only,close_on_reversal,0.0,0.02763750000,reentry,0.01050000,RESEARCH-ONLY — exploratory_trade_surface,564218,0.00050000,EXPLORATORY,exploratory_trade_surface,phase_h_explore_20260516,180.9136137494346449570330167,flat_small,0.025,strict_context_valid,5d283cd10c0cb8686d9c3f08
3f4a278c808c4c779498546ed807c194,5cbaac0833c565c415abb666711492a7,,,70799758189725267592147252808427831117090382599571633897338944002834894241449,buy,a,1777510807000,5.0,research,exploratory_trade_surface,unknown,d85501f237a304690828ede49962a2d1,sports_championship_conference_progression,reenter_after_cooldown,price_history_only,close_on_reversal,0.0,0.04170750000,first,0.01150000,RESEARCH-ONLY — exploratory_trade_surface,553863,0.00150000,EXPLORATORY,exploratory_trade_surface,phase_h_explore_20260516,119.8825151351675358149013966,flat_small,0.025,strict_context_valid,e50d2b1f5631ecf357b1657e
3dfd512858154469a1c7f24a19d1e10b,5cbaac0833c565c415abb666711492a7,,,92156510891798873020497715268024772851858076229893943637545856397683791106647,buy,b,1777510807000,5.0,research,exploratory_trade_surface,unknown,d85501f237a304690828ede49962a2d1,sports_championship_conference_progression,reenter_after_cooldown,price_history_only,close_on_reversal,0.0,0.03015000000,first,0.01150000,RESEARCH-ONLY — exploratory_trade_surface,564213,0.00150000,EXPLORATORY,exploratory_trade_surface,phase_h_explore_20260516,165.8374792703150912106135987,flat_small,0.025,strict_context_valid,e50d2b1f5631ecf357b1657e
96b88ddb06bb4d31acd2ae4de90697ff,5cbaac0833c565c415abb666711492a7,,,70799758189725267592147252808427831117090382599571633897338944002834894241449,buy,a,1777514407000,5.0,research,exploratory_trade_surface,unknown,8942a8aef1d15f1441b3b39de05eff3e,sports_championship_conference_progression,reenter_after_cooldown,price_history_only,close_on_reversal,0.0,0.04170750000,reentry,0.01150000,RESEARCH-ONLY — exploratory_trade_surface,553863,0.00150000,EXPLORATORY,exploratory_trade_surface,phase_h_explore_20260516,119.8825151351675358149013966,flat_small,0.025,strict_context_valid,1e99007e664fc7db514ea195
9739eac084b248ad9b91765e9bbdb668,5cbaac0833c565c415abb666711492a7,,,92156510891798873020497715268024772851858076229893943637545856397683791106647,buy,b,1777514407000,5.0,research,exploratory_trade_surface,unknown,8942a8aef1d15f1441b3b39de05eff3e,sports_championship_conference_progression,reenter_after_cooldown,price_history_only,close_on_reversal,0.0,0.03015000000,reentry,0.01150000,RESEARCH-ONLY — exploratory_trade_surface,564213,0.00150000,EXPLORATORY,exploratory_trade_surface,phase_h_explore_20260516,165.8374792703150912106135987,flat_small,0.025,strict_context_valid,1e99007e664fc7db514ea195
c9970976d33645acac1b60bfc3c25a57,5cbaac0833c565c415abb666711492a7,,,70799758189725267592147252808427831117090382599571633897338944002834894241449,buy,a,1777518007000,5.0,research,exploratory_trade_surface,unknown,5e6617743b77346cbd413b955a58e0da,sports_championship_conference_progression,reenter_after_cooldown,price_history_only,close_on_reversal,0.0,0.04170750000,reentry,0.01150000,RESEARCH-ONLY — exploratory_trade_surface,553863,0.00150000,EXPLORATORY,exploratory_trade_surface,phase_h_explore_20260516,119.8825151351675358149013966,flat_small,0.025,strict_context_valid,4720e83618b58d5a32717b4f
9fafc39bb6934fb28b96737a376a33a8,5cbaac0833c565c415abb666711492a7,,,92156510891798873020497715268024772851858076229893943637545856397683791106647,buy,b,1777518007000,5.0,research,exploratory_trade_surface,unknown,5e6617743b77346cbd413b955a58e0da,sports_championship_conference_progression,reenter_after_cooldown,price_history_only,close_on_reversal,0.0,0.03015000000,reentry,0.01150000,RESEARCH-ONLY — exploratory_trade_surface,564213,0.00150000,EXPLORATORY,exploratory_trade_surface,phase_h_explore_20260516,165.8374792703150912106135987,flat_small,0.025,strict_context_valid,4720e83618b58d5a32717b4f
8c86fe7575aa48b88ca5aa0a5355c1f3,5cbaac0833c565c415abb666711492a7,,,70799758189725267592147252808427831117090382599571633897338944002834894241449,buy,a,1777521607000,5.0,research,exploratory_trade_surface,unknown,9a643189474947586c62b23fdadf2f90,sports_championship_conference_progression,reenter_after_cooldown,price_history_only,close_on_reversal,0.0,0.04170750000,reentry,0.01150000,RESEARCH-ONLY — exploratory_trade_surface,553863,0.00150000,EXPLORATORY,exploratory_trade_surface,phase_h_explore_20260516,119.8825151351675358149013966,flat_small,0.025,strict_context_valid,aa01f8ef28949ba9d99ab414
1cc065a6b23a4426a4ac217782187dd1,5cbaac0833c565c415abb666711492a7,,,92156510891798873020497715268024772851858076229893943637545856397683791106647,buy,b,1777521607000,5.0,research,exploratory_trade_surface,unknown,9a643189474947586c62b23fdadf2f90,sports_championship_conference_progression,reenter_after_cooldown,price_history_only,close_on_reversal,0.0,0.03015000000,reentry,0.01150000,RESEARCH-ONLY — exploratory_trade_surface,564213,0.00150000,EXPLORATORY,exploratory_trade_surface,phase_h_explore_20260516,165.8374792703150912106135987,flat_small,0.025,strict_context_valid,aa01f8ef28949ba9d99ab414
d7ce22bb09da49e29ced9d9f03dc7a57,5cbaac0833c565c415abb666711492a7,,,70799758189725267592147252808427831117090382599571633897338944002834894241449,buy,a,1777525207000,5.0,research,exploratory_trade_surface,unknown,7c5a67582183e8451f2098ab5f2b2e20,sports_championship_conference_progression,reenter_after_cooldown,price_history_only,close_on_reversal,0.0,0.04170750000,reentry,0.01150000,RESEARCH-ONLY — exploratory_trade_surface,553863,0.00150000,EXPLORATORY,exploratory_trade_surface,phase_h_explore_20260516,119.8825151351675358149013966,flat_small,0.025,strict_context_valid,2ea09ac52a7282c26b19b992
7520992d95064721808a67528f8e3191,5cbaac0833c565c415abb666711492a7,,,92156510891798873020497715268024772851858076229893943637545856397683791106647,buy,b,1777525207000,5.0,research,exploratory_trade_surface,unknown,7c5a67582183e8451f2098ab5f2b2e20,sports_championship_conference_progression,reenter_after_cooldown,price_history_only,close_on_reversal,0.0,0.03015000000,reentry,0.01150000,RESEARCH-ONLY — exploratory_trade_surface,564213,0.00150000,EXPLORATORY,exploratory_trade_surface,phase_h_explore_20260516,165.8374792703150912106135987,flat_small,0.025,strict_context_valid,2ea09ac52a7282c26b19b992
dc16861737ed43c39e596d0c1e968910,5cbaac0833c565c415abb666711492a7,,,70799758189725267592147252808427831117090382599571633897338944002834894241449,buy,a,1777528807000,5.0,research,exploratory_trade_surface,unknown,63ba386fc5da40358917df0e0fc0a391,sports_championship_conference_progression,reenter_after_cooldown,price_history_only,close_on_reversal,0.0,0.04170750000,reentry,0.01150000,RESEARCH-ONLY — exploratory_trade_surface,553863,0.00150000,EXPLORATORY,exploratory_trade_surface,phase_h_explore_20260516,119.8825151351675358149013966,flat_small,0.025,strict_context_valid,2c27177ab5e8b3a7e6301b78
79d8700bc7da4fe59255f9cac8ccfbf2,5cbaac0833c565c415abb666711492a7,,,92156510891798873020497715268024772851858076229893943637545856397683791106647,buy,b,1777528807000,5.0,research,exploratory_trade_surface,unknown,63ba386fc5da40358917df0e0fc0a391,sports_championship_conference_progression,reenter_after_cooldown,price_history_only,close_on_reversal,0.0,0.03015000000,reentry,0.01150000,RESEARCH-ONLY — exploratory_trade_surface,564213,0.00150000,EXPLORATORY,exploratory_trade_surface,phase_h_explore_20260516,165.8374792703150912106135987,flat_small,0.025,strict_context_valid,2c27177ab5e8b3a7e6301b78
c77e40944b604910ae0e31ba8af1cae5,5cbaac0833c565c415abb666711492a7,,,70799758189725267592147252808427831117090382599571633897338944002834894241449,buy,a,1777532407000,5.0,research,exploratory_trade_surface,unknown,79e1b8f564090ac8f726f80da3b945af,sports_championship_conference_progression,reenter_after_cooldown,price_history_only,close_on_reversal,0.0,0.04170750000,reentry,0.01150000,RESEARCH-ONLY — exploratory_trade_surface,553863,0.00150000,EXPLORATORY,exploratory_trade_surface,phase_h_explore_20260516,119.8825151351675358149013966,flat_small,0.025,strict_context_valid,600d696dbdd2c9539616a8ce
99d5884ad97643c18c1d7d386d5facb9,5cbaac0833c565c415abb666711492a7,,,92156510891798873020497715268024772851858076229893943637545856397683791106647,buy,b,1777532407000,5.0,research,exploratory_trade_surface,unknown,79e1b8f564090ac8f726f80da3b945af,sports_championship_conference_progression,reenter_after_cooldown,price_history_only,close_on_reversal,0.0,0.03015000000,reentry,0.01150000,RESEARCH-ONLY — exploratory_trade_surface,564213,0.00150000,EXPLORATORY,exploratory_trade_surface,phase_h_explore_20260516,165.8374792703150912106135987,flat_small,0.025,strict_context_valid,600d696dbdd2c9539616a8ce
dd6b51da2fab4986907e5c09f018ba8c,5cbaac0833c565c415abb666711492a7,,,70799758189725267592147252808427831117090382599571633897338944002834894241449,buy,a,1777536007000,5.0,research,exploratory_trade_surface,unknown,d46a39f3003e991bc94a4124a191a76f,sports_championship_conference_progression,reenter_after_cooldown,price_history_only,close_on_reversal,0.0,0.04170750000,reentry,0.01150000,RESEARCH-ONLY — exploratory_trade_surface,553863,0.00150000,EXPLORATORY,exploratory_trade_surface,phase_h_explore_20260516,119.8825151351675358149013966,flat_small,0.025,strict_context_valid,43661a22f4a15f37c2cbeaab
35ab0e17f2ef4f74a29a8d84768f7678,5cbaac0833c565c415abb666711492a7,,,92156510891798873020497715268024772851858076229893943637545856397683791106647,buy,b,1777536007000,5.0,research,exploratory_trade_surface,unknown,d46a39f3003e991bc94a4124a191a76f,sports_championship_conference_progression,reenter_after_cooldown,price_history_only,close_on_reversal,0.0,0.03015000000,reentry,0.01150000,RESEARCH-ONLY — exploratory_trade_surface,564213,0.00150000,EXPLORATORY,exploratory_trade_surface,phase_h_explore_20260516,165.8374792703150912106135987,flat_small,0.025,strict_context_valid,43661a22f4a15f37c2cbeaab
a16af7e396a8453a955ab2b7d465af75,5cbaac0833c565c415abb666711492a7,,,70799758189725267592147252808427831117090382599571633897338944002834894241449,buy,a,1777539607000,5.0,research,exploratory_trade_surface,unknown,616dffb31bd1a70c183f96af0fb5b621,sports_championship_conference_progression,reenter_after_cooldown,price_history_only,close_on_reversal,0.0,0.04170750000,reentry,0.01150000,RESEARCH-ONLY — exploratory_trade_surface,553863,0.00150000,EXPLORATORY,exploratory_trade_surface,phase_h_explore_20260516,119.8825151351675358149013966,flat_small,0.025,strict_context_valid,98da7c63ae5550f86a71bf87
f516cda82a5842c5a465b5f4193c6c56,5cbaac0833c565c415abb666711492a7,,,92156510891798873020497715268024772851858076229893943637545856397683791106647,buy,b,1777539607000,5.0,research,exploratory_trade_surface,unknown,616dffb31bd1a70c183f96af0fb5b621,sports_championship_conference_progression,reenter_after_cooldown,price_history_only,close_on_reversal,0.0,0.03015000000,reentry,0.01150000,RESEARCH-ONLY — exploratory_trade_surface,564213,0.00150000,EXPLORATORY,exploratory_trade_surface,phase_h_explore_20260516,165.8374792703150912106135987,flat_small,0.025,strict_context_valid,98da7c63ae5550f86a71bf87
ecd8d6f9e5674112a8f047aa8725d257,5cbaac0833c565c415abb666711492a7,,,70799758189725267592147252808427831117090382599571633897338944002834894241449,buy,a,1777543207000,5.0,research,exploratory_trade_surface,unknown,51b442d6fc4fc4651cce814143da9bf7,sports_championship_conference_progression,reenter_after_cooldown,price_history_only,close_on_reversal,0.0,0.04170750000,reentry,0.01150000,RESEARCH-ONLY — exploratory_trade_surface,553863,0.00150000,EXPLORATORY,exploratory_trade_surface,phase_h_explore_20260516,119.8825151351675358149013966,flat_small,0.025,strict_context_valid,56f5f784703f76c0d8b56ce7
46fa27d1a847400cac60f0dc5e81306c,5cbaac0833c565c415abb666711492a7,,,92156510891798873020497715268024772851858076229893943637545856397683791106647,buy,b,1777543207000,5.0,research,exploratory_trade_surface,unknown,51b442d6fc4fc4651cce814143da9bf7,sports_championship_conference_progression,reenter_after_cooldown,price_history_only,close_on_reversal,0.0,0.03015000000,reentry,0.01150000,RESEARCH-ONLY — exploratory_trade_surface,564213,0.00150000,EXPLORATORY,exploratory_trade_surface,phase_h_explore_20260516,165.8374792703150912106135987,flat_small,0.025,strict_context_valid,56f5f784703f76c0d8b56ce7
89e179ddacce42669f5bc89603461351,5cbaac0833c565c415abb666711492a7,,,70799758189725267592147252808427831117090382599571633897338944002834894241449,buy,a,1777546807000,5.0,research,exploratory_trade_surface,unknown,723fea191afbfa828fca1cf6b08ca65f,sports_championship_conference_progression,reenter_after_cooldown,price_history_only,close_on_reversal,0.0,0.04170750000,reentry,0.01150000,RESEARCH-ONLY — exploratory_trade_surface,553863,0.00150000,EXPLORATORY,exploratory_trade_surface,phase_h_explore_20260516,119.8825151351675358149013966,flat_small,0.025,strict_context_valid,8527082738dc14acc309e86f
00ee787453cd4e3691fc9a52060b3a35,5cbaac0833c565c415abb666711492a7,,,92156510891798873020497715268024772851858076229893943637545856397683791106647,buy,b,1777546807000,5.0,research,exploratory_trade_surface,unknown,723fea191afbfa828fca1cf6b08ca65f,sports_championship_conference_progression,reenter_after_cooldown,price_history_only,close_on_reversal,0.0,0.03015000000,reentry,0.01150000,RESEARCH-ONLY — exploratory_trade_surface,564213,0.00150000,EXPLORATORY,exploratory_trade_surface,phase_h_explore_20260516,165.8374792703150912106135987,flat_small,0.025,strict_context_valid,8527082738dc14acc309e86f
22b0d7a96ce5445a97b3c71993437d1b,5cbaac0833c565c415abb666711492a7,,,70799758189725267592147252808427831117090382599571633897338944002834894241449,buy,a,1777550407000,5.0,research,exploratory_trade_surface,unknown,cb3327ddec45140f58cdfc6b66aa6785,sports_championship_conference_progression,reenter_after_cooldown,price_history_only,close_on_reversal,0.0,0.04170750000,reentry,0.01050000,RESEARCH-ONLY — exploratory_trade_surface,553863,0.00050000,EXPLORATORY,exploratory_trade_surface,phase_h_explore_20260516,119.8825151351675358149013966,flat_small,0.025,strict_context_valid,0eca322b48010d240f7f3daa
fa7c12ca14d9464f943c75e2b0684781,5cbaac0833c565c415abb666711492a7,,,92156510891798873020497715268024772851858076229893943637545856397683791106647,buy,b,1777550407000,5.0,research,exploratory_trade_surface,unknown,cb3327ddec45140f58cdfc6b66aa6785,sports_championship_conference_progression,reenter_after_cooldown,price_history_only,close_on_reversal,0.0,0.03115500000,reentry,0.01050000,RESEARCH-ONLY — exploratory_trade_surface,564213,0.00050000,EXPLORATORY,exploratory_trade_surface,phase_h_explore_20260516,160.4878831648210560102712245,flat_small,0.025,strict_context_valid,0eca322b48010d240f7f3daa
f13093cba064483e8de49ae4794dcf26,a6edab19118abe85173fa9a8b0f4cbe4,,,44914465637297319816681463234953032477919413063019359633128421605039733545953,buy,a,1755216007000,5.0,research,exploratory_trade_surface,unknown,3faf09b16e71bc21760d2516d9aa50e8,sports_championship_conference_progression,reenter_after_cooldown,price_history_only,close_on_reversal,0.0,0.25627500000,first,0.04000000,RESEARCH-ONLY — exploratory_trade_surface,553856,0.03000000,EXPLORATORY,exploratory_trade_surface,phase_h_explore_20260516,19.51029167886059896595454102,flat_small,0.025,strict_context_valid,2ef42c5114504a1f7287c7be
fa01cd2a335b44b1815953e7aabf1feb,a6edab19118abe85173fa9a8b0f4cbe4,,,105874436620923713168019020245858616944322383958692280683224180064376992665538,buy,b,1755216007000,5.0,research,exploratory_trade_surface,unknown,3faf09b16e71bc21760d2516d9aa50e8,sports_championship_conference_progression,reenter_after_cooldown,price_history_only,close_on_reversal,0.0,0.21607500000,first,0.04000000,RESEARCH-ONLY — exploratory_trade_surface,564210,0.03000000,EXPLORATORY,exploratory_trade_surface,phase_h_explore_20260516,23.14011338655559412241119981,flat_small,0.025,strict_context_valid,2ef42c5114504a1f7287c7be
16bdc344badf4ad082a721fe42f85952,a6edab19118abe85173fa9a8b0f4cbe4,,,44914465637297319816681463234953032477919413063019359633128421605039733545953,buy,a,1755219607000,5.0,research,exploratory_trade_surface,unknown,65f6b2eb53e0d5d6e5a30b4f1bf9f75e,sports_championship_conference_progression,reenter_after_cooldown,price_history_only,close_on_reversal,0.0,0.25627500000,reentry,0.04000000,RESEARCH-ONLY — exploratory_trade_surface,553856,0.03000000,EXPLORATORY,exploratory_trade_surface,phase_h_explore_20260516,19.51029167886059896595454102,flat_small,0.025,strict_context_valid,2ef42c5114504a1f7287c7be
aa1b8e3c06eb48299c0c8aa0a546bcf8,a6edab19118abe85173fa9a8b0f4cbe4,,,105874436620923713168019020245858616944322383958692280683224180064376992665538,buy,b,1755219607000,5.0,research,exploratory_trade_surface,unknown,65f6b2eb53e0d5d6e5a30b4f1bf9f75e,sports_championship_conference_progression,reenter_after_cooldown,price_history_only,close_on_reversal,0.0,0.21607500000,reentry,0.04000000,RESEARCH-ONLY — exploratory_trade_surface,564210,0.03000000,EXPLORATORY,exploratory_trade_surface,phase_h_explore_20260516,23.14011338655559412241119981,flat_small,0.025,strict_context_valid,2ef42c5114504a1f7287c7be
1d6af28d018044ab9959cce7ca8c2ae9,a6edab19118abe85173fa9a8b0f4cbe4,,,44914465637297319816681463234953032477919413063019359633128421605039733545953,buy,a,1755223207000,5.0,research,exploratory_trade_surface,unknown,779bc685af8e25e13f606699de8e77c1,sports_championship_conference_progression,reenter_after_cooldown,price_history_only,close_on_reversal,0.0,0.25627500000,reentry,0.04000000,RESEARCH-ONLY — exploratory_trade_surface,553856,0.03000000,EXPLORATORY,exploratory_trade_surface,phase_h_explore_20260516,19.51029167886059896595454102,flat_small,0.025,strict_context_valid,2ef42c5114504a1f7287c7be
b5d4df8afdaf4d39b5fc306a9e8f4c75,a6edab19118abe85173fa9a8b0f4cbe4,,,105874436620923713168019020245858616944322383958692280683224180064376992665538,buy,b,1755223207000,5.0,research,exploratory_trade_surface,unknown,779bc685af8e25e13f606699de8e77c1,sports_championship_conference_progression,reenter_after_cooldown,price_history_only,close_on_reversal,0.0,0.21607500000,reentry,0.04000000,RESEARCH-ONLY — exploratory_trade_surface,564210,0.03000000,EXPLORATORY,exploratory_trade_surface,phase_h_explore_20260516,23.14011338655559412241119981,flat_small,0.025,strict_context_valid,2ef42c5114504a1f7287c7be
962e4b724061457b8bb71be1b6433db8,a6edab19118abe85173fa9a8b0f4cbe4,,,44914465637297319816681463234953032477919413063019359633128421605039733545953,buy,a,1755226807000,5.0,research,exploratory_trade_surface,unknown,fd043694aecc98933ab6eda851239a32,sports_championship_conference_progression,reenter_after_cooldown,price_history_only,close_on_reversal,0.0,0.25627500000,reentry,0.04000000,RESEARCH-ONLY — exploratory_trade_surface,553856,0.03000000,EXPLORATORY,exploratory_trade_surface,phase_h_explore_20260516,19.51029167886059896595454102,flat_small,0.025,strict_context_valid,2ef42c5114504a1f7287c7be
fc5b5803a16a4ae1b7f2ca51a8bd533b,a6edab19118abe85173fa9a8b0f4cbe4,,,105874436620923713168019020245858616944322383958692280683224180064376992665538,buy,b,1755226807000,5.0,research,exploratory_trade_surface,unknown,fd043694aecc98933ab6eda851239a32,sports_championship_conference_progression,reenter_after_cooldown,price_history_only,close_on_reversal,0.0,0.21607500000,reentry,0.04000000,RESEARCH-ONLY — exploratory_trade_surface,564210,0.03000000,EXPLORATORY,exploratory_trade_surface,phase_h_explore_20260516,23.14011338655559412241119981,flat_small,0.025,strict_context_valid,2ef42c5114504a1f7287c7be
f125db7938a0408eb96902b4c4f92249,a6edab19118abe85173fa9a8b0f4cbe4,,,44914465637297319816681463234953032477919413063019359633128421605039733545953,buy,a,1755230407000,5.0,research,exploratory_trade_surface,unknown,cc452c48aad99073f42c945d9c93071c,sports_championship_conference_progression,reenter_after_cooldown,price_history_only,close_on_reversal,0.0,0.25627500000,reentry,0.04000000,RESEARCH-ONLY — exploratory_trade_surface,553856,0.03000000,EXPLORATORY,exploratory_trade_surface,phase_h_explore_20260516,19.51029167886059896595454102,flat_small,0.025,strict_context_valid,2ef42c5114504a1f7287c7be
e8f007a1b8844ad2b10816551155517b,a6edab19118abe85173fa9a8b0f4cbe4,,,105874436620923713168019020245858616944322383958692280683224180064376992665538,buy,b,1755230407000,5.0,research,exploratory_trade_surface,unknown,cc452c48aad99073f42c945d9c93071c,sports_championship_conference_progression,reenter_after_cooldown,price_history_only,close_on_reversal,0.0,0.21607500000,reentry,0.04000000,RESEARCH-ONLY — exploratory_trade_surface,564210,0.03000000,EXPLORATORY,exploratory_trade_surface,phase_h_explore_20260516,23.14011338655559412241119981,flat_small,0.025,strict_context_valid,2ef42c5114504a1f7287c7be
1a744e37323a4e61bbf22ec649d76c1e,a6edab19118abe85173fa9a8b0f4cbe4,,,44914465637297319816681463234953032477919413063019359633128421605039733545953,buy,a,1755234007000,5.0,research,exploratory_trade_surface,unknown,e1321787787399c967133779eb096c44,sports_championship_conference_progression,reenter_after_cooldown,price_history_only,close_on_reversal,0.0,0.25627500000,reentry,0.04000000,RESEARCH-ONLY — exploratory_trade_surface,553856,0.03000000,EXPLORATORY,exploratory_trade_surface,phase_h_explore_20260516,19.51029167886059896595454102,flat_small,0.025,strict_context_valid,2ef42c5114504a1f7287c7be
61f8813503564e75b69f79ddfe1f0f76,a6edab19118abe85173fa9a8b0f4cbe4,,,105874436620923713168019020245858616944322383958692280683224180064376992665538,buy,b,1755234007000,5.0,research,exploratory_trade_surface,unknown,e1321787787399c967133779eb096c44,sports_championship_conference_progression,reenter_after_cooldown,price_history_only,close_on_reversal,0.0,0.21607500000,reentry,0.04000000,RESEARCH-ONLY — exploratory_trade_surface,564210,0.03000000,EXPLORATORY,exploratory_trade_surface,phase_h_explore_20260516,23.14011338655559412241119981,flat_small,0.025,strict_context_valid,2ef42c5114504a1f7287c7be
8f925ca57fd0455686def57c88e60347,a6edab19118abe85173fa9a8b0f4cbe4,,,44914465637297319816681463234953032477919413063019359633128421605039733545953,buy,a,1755237607000,5.0,research,exploratory_trade_surface,unknown,2e77aca280564f0c30cd88d31f19a0ec,sports_championship_conference_progression,reenter_after_cooldown,price_history_only,close_on_reversal,0.0,0.25627500000,reentry,0.04000000,RESEARCH-ONLY — exploratory_trade_surface,553856,0.03000000,EXPLORATORY,exploratory_trade_surface,phase_h_explore_20260516,19.51029167886059896595454102,flat_small,0.025,strict_context_valid,2ef42c5114504a1f7287c7be
a63678c20a0248d4b6393b25ea8725bd,a6edab19118abe85173fa9a8b0f4cbe4,,,105874436620923713168019020245858616944322383958692280683224180064376992665538,buy,b,1755237607000,5.0,research,exploratory_trade_surface,unknown,2e77aca280564f0c30cd88d31f19a0ec,sports_championship_conference_progression,reenter_after_cooldown,price_history_only,close_on_reversal,0.0,0.21607500000,reentry,0.04000000,RESEARCH-ONLY — exploratory_trade_surface,564210,0.03000000,EXPLORATORY,exploratory_trade_surface,phase_h_explore_20260516,23.14011338655559412241119981,flat_small,0.025,strict_context_valid,2ef42c5114504a1f7287c7be
01b32b601b2b4a7493eb7c6525ad8ae3,a6edab19118abe85173fa9a8b0f4cbe4,,,44914465637297319816681463234953032477919413063019359633128421605039733545953,buy,a,1755241207000,5.0,research,exploratory_trade_surface,unknown,898bfe9c7488ad25ea3253633da27a2d,sports_championship_conference_progression,reenter_after_cooldown,price_history_only,close_on_reversal,0.0,0.25627500000,reentry,0.04000000,RESEARCH-ONLY — exploratory_trade_surface,553856,0.03000000,EXPLORATORY,exploratory_trade_surface,phase_h_explore_20260516,19.51029167886059896595454102,flat_small,0.025,strict_context_valid,2ef42c5114504a1f7287c7be
e3258150390642f58b9909dcd1c64c26,a6edab19118abe85173fa9a8b0f4cbe4,,,105874436620923713168019020245858616944322383958692280683224180064376992665538,buy,b,1755241207000,5.0,research,exploratory_trade_surface,unknown,898bfe9c7488ad25ea3253633da27a2d,sports_championship_conference_progression,reenter_after_cooldown,price_history_only,close_on_reversal,0.0,0.21607500000,reentry,0.04000000,RESEARCH-ONLY — exploratory_trade_surface,564210,0.03000000,EXPLORATORY,exploratory_trade_surface,phase_h_explore_20260516,23.14011338655559412241119981,flat_small,0.025,strict_context_valid,2ef42c5114504a1f7287c7be
e7f4084e261649f0944e3d7a6a3f39da,a6edab19118abe85173fa9a8b0f4cbe4,,,44914465637297319816681463234953032477919413063019359633128421605039733545953,buy,a,1755244807000,5.0,research,exploratory_trade_surface,unknown,4a7f6e750cad481d49e0e3f646b42f15,sports_championship_conference_progression,reenter_after_cooldown,price_history_only,close_on_reversal,0.0,0.25627500000,reentry,0.04000000,RESEARCH-ONLY — exploratory_trade_surface,553856,0.03000000,EXPLORATORY,exploratory_trade_surface,phase_h_explore_20260516,19.51029167886059896595454102,flat_small,0.025,strict_context_valid,2ef42c5114504a1f7287c7be
ba652fe43fcf46238f2463993086e98c,a6edab19118abe85173fa9a8b0f4cbe4,,,105874436620923713168019020245858616944322383958692280683224180064376992665538,buy,b,1755244807000,5.0,research,exploratory_trade_surface,unknown,4a7f6e750cad481d49e0e3f646b42f15,sports_championship_conference_progression,reenter_after_cooldown,price_history_only,close_on_reversal,0.0,0.21607500000,reentry,0.04000000,RESEARCH-ONLY — exploratory_trade_surface,564210,0.03000000,EXPLORATORY,exploratory_trade_surface,phase_h_explore_20260516,23.14011338655559412241119981,flat_small,0.025,strict_context_valid,2ef42c5114504a1f7287c7be
caab2cb8426c47689a72bc69e6ec868b,a6edab19118abe85173fa9a8b0f4cbe4,,,44914465637297319816681463234953032477919413063019359633128421605039733545953,buy,a,1755248407000,5.0,research,exploratory_trade_surface,unknown,952dcf3487d2da64132c0f05c4f0b256,sports_championship_conference_progression,reenter_after_cooldown,price_history_only,close_on_reversal,0.0,0.25627500000,reentry,0.04000000,RESEARCH-ONLY — exploratory_trade_surface,553856,0.03000000,EXPLORATORY,exploratory_trade_surface,phase_h_explore_20260516,19.51029167886059896595454102,flat_small,0.025,strict_context_valid,2ef42c5114504a1f7287c7be
4d4c28b3beaf4d05b1f2fd5d0aa46563,a6edab19118abe85173fa9a8b0f4cbe4,,,105874436620923713168019020245858616944322383958692280683224180064376992665538,buy,b,1755248407000,5.0,research,exploratory_trade_surface,unknown,952dcf3487d2da64132c0f05c4f0b256,sports_championship_conference_progression,reenter_after_cooldown,price_history_only,close_on_reversal,0.0,0.21607500000,reentry,0.04000000,RESEARCH-ONLY — exploratory_trade_surface,564210,0.03000000,EXPLORATORY,exploratory_trade_surface,phase_h_explore_20260516,23.14011338655559412241119981,flat_small,0.025,strict_context_valid,2ef42c5114504a1f7287c7be
57b76215e506430d9ff26d5fb9f8b190,a6edab19118abe85173fa9a8b0f4cbe4,,,44914465637297319816681463234953032477919413063019359633128421605039733545953,buy,a,1755252007000,5.0,research,exploratory_trade_surface,unknown,ee2102abe331d6d71ec2c5288a678445,sports_championship_conference_progression,reenter_after_cooldown,price_history_only,close_on_reversal,0.0,0.25627500000,reentry,0.04000000,RESEARCH-ONLY — exploratory_trade_surface,553856,0.03000000,EXPLORATORY,exploratory_trade_surface,phase_h_explore_20260516,19.51029167886059896595454102,flat_small,0.025,strict_context_valid,2ef42c5114504a1f7287c7be
b009f118e6a64c839bb83f9616adaf7e,a6edab19118abe85173fa9a8b0f4cbe4,,,105874436620923713168019020245858616944322383958692280683224180064376992665538,buy,b,1755252007000,5.0,research,exploratory_trade_surface,unknown,ee2102abe331d6d71ec2c5288a678445,sports_championship_conference_progression,reenter_after_cooldown,price_history_only,close_on_reversal,0.0,0.21607500000,reentry,0.04000000,RESEARCH-ONLY — exploratory_trade_surface,564210,0.03000000,EXPLORATORY,exploratory_trade_surface,phase_h_explore_20260516,23.14011338655559412241119981,flat_small,0.025,strict_context_valid,2ef42c5114504a1f7287c7be
8367b320aba64f16930e008c2062fb9b,a6edab19118abe85173fa9a8b0f4cbe4,,,44914465637297319816681463234953032477919413063019359633128421605039733545953,buy,a,1755255607000,5.0,research,exploratory_trade_surface,unknown,88193991bd1fbd707d05250bd2612d0a,sports_championship_conference_progression,reenter_after_cooldown,price_history_only,close_on_reversal,0.0,0.25627500000,reentry,0.04000000,RESEARCH-ONLY — exploratory_trade_surface,553856,0.03000000,EXPLORATORY,exploratory_trade_surface,phase_h_explore_20260516,19.51029167886059896595454102,flat_small,0.025,strict_context_valid,2ef42c5114504a1f7287c7be
1865288757f44d95b78c7af13aec031f,a6edab19118abe85173fa9a8b0f4cbe4,,,105874436620923713168019020245858616944322383958692280683224180064376992665538,buy,b,1755255607000,5.0,research,exploratory_trade_surface,unknown,88193991bd1fbd707d05250bd2612d0a,sports_championship_conference_progression,reenter_after_cooldown,price_history_only,close_on_reversal,0.0,0.21607500000,reentry,0.04000000,RESEARCH-ONLY — exploratory_trade_surface,564210,0.03000000,EXPLORATORY,exploratory_trade_surface,phase_h_explore_20260516,23.14011338655559412241119981,flat_small,0.025,strict_context_valid,2ef42c5114504a1f7287c7be
d21e9fba261a4c97bf598c08f89ff6ff,a6edab19118abe85173fa9a8b0f4cbe4,,,44914465637297319816681463234953032477919413063019359633128421605039733545953,buy,a,1755259207000,5.0,research,exploratory_trade_surface,unknown,311153cf70a3a47c2b922c519503bfbe,sports_championship_conference_progression,reenter_after_cooldown,price_history_only,close_on_reversal,0.0,0.25627500000,reentry,0.04000000,RESEARCH-ONLY — exploratory_trade_surface,553856,0.03000000,EXPLORATORY,exploratory_trade_surface,phase_h_explore_20260516,19.51029167886059896595454102,flat_small,0.025,strict_context_valid,2ef42c5114504a1f7287c7be
0059c4e0d75747dd89bf420366d81b71,a6edab19118abe85173fa9a8b0f4cbe4,,,105874436620923713168019020245858616944322383958692280683224180064376992665538,buy,b,1755259207000,5.0,research,exploratory_trade_surface,unknown,311153cf70a3a47c2b922c519503bfbe,sports_championship_conference_progression,reenter_after_cooldown,price_history_only,close_on_reversal,0.0,0.21607500000,reentry,0.04000000,RESEARCH-ONLY — exploratory_trade_surface,564210,0.03000000,EXPLORATORY,exploratory_trade_surface,phase_h_explore_20260516,23.14011338655559412241119981,flat_small,0.025,strict_context_valid,2ef42c5114504a1f7287c7be
c7ea8a9b55514c39b80c1803c0f64e81,a6edab19118abe85173fa9a8b0f4cbe4,,,44914465637297319816681463234953032477919413063019359633128421605039733545953,buy,a,1755432007000,5.0,research,exploratory_trade_surface,unknown,d334ecb934925e1763b9ebdf73790b68,sports_championship_conference_progression,reenter_after_cooldown,price_history_only,close_on_reversal,0.0,0.25627500000,reentry,0.03500000,RESEARCH-ONLY — exploratory_trade_surface,553856,0.02500000,EXPLORATORY,exploratory_trade_surface,phase_h_explore_20260516,19.51029167886059896595454102,flat_small,0.025,strict_context_valid,c7ac1826174ee9a23d55bdb4
c8b2ecbb4abc41868ffd5088e1a1e043,a6edab19118abe85173fa9a8b0f4cbe4,,,105874436620923713168019020245858616944322383958692280683224180064376992665538,buy,b,1755432007000,5.0,research,exploratory_trade_surface,unknown,d334ecb934925e1763b9ebdf73790b68,sports_championship_conference_progression,reenter_after_cooldown,price_history_only,close_on_reversal,0.0,0.22110000000,reentry,0.03500000,RESEARCH-ONLY — exploratory_trade_surface,564210,0.02500000,EXPLORATORY,exploratory_trade_surface,phase_h_explore_20260516,22.61420171867933061962912709,flat_small,0.025,strict_context_valid,c7ac1826174ee9a23d55bdb4
26f5c745fba94dba90b552cce0acd1aa,a6edab19118abe85173fa9a8b0f4cbe4,,,44914465637297319816681463234953032477919413063019359633128421605039733545953,buy,a,1755435607000,5.0,research,exploratory_trade_surface,unknown,c10d38efd122dbfd94ddcddb1470d78d,sports_championship_conference_progression,reenter_after_cooldown,price_history_only,close_on_reversal,0.0,0.25627500000,reentry,0.03500000,RESEARCH-ONLY — exploratory_trade_surface,553856,0.02500000,EXPLORATORY,exploratory_trade_surface,phase_h_explore_20260516,19.51029167886059896595454102,flat_small,0.025,strict_context_valid,c7ac1826174ee9a23d55bdb4
641021e736ed4c8b902b5c80d6b37de4,a6edab19118abe85173fa9a8b0f4cbe4,,,105874436620923713168019020245858616944322383958692280683224180064376992665538,buy,b,1755435607000,5.0,research,exploratory_trade_surface,unknown,c10d38efd122dbfd94ddcddb1470d78d,sports_championship_conference_progression,reenter_after_cooldown,price_history_only,close_on_reversal,0.0,0.22110000000,reentry,0.03500000,RESEARCH-ONLY — exploratory_trade_surface,564210,0.02500000,EXPLORATORY,exploratory_trade_surface,phase_h_explore_20260516,22.61420171867933061962912709,flat_small,0.025,strict_context_valid,c7ac1826174ee9a23d55bdb4
e09a60cc156947ebac72642f5ddaa4b9,a6edab19118abe85173fa9a8b0f4cbe4,,,44914465637297319816681463234953032477919413063019359633128421605039733545953,buy,a,1755439207000,5.0,research,exploratory_trade_surface,unknown,f2be915d707f934e2a54f57958e46ff1,sports_championship_conference_progression,reenter_after_cooldown,price_history_only,close_on_reversal,0.0,0.25627500000,reentry,0.03500000,RESEARCH-ONLY — exploratory_trade_surface,553856,0.02500000,EXPLORATORY,exploratory_trade_surface,phase_h_explore_20260516,19.51029167886059896595454102,flat_small,0.025,strict_context_valid,c7ac1826174ee9a23d55bdb4
26651a47636f48a19e9fb3351cc34ca9,a6edab19118abe85173fa9a8b0f4cbe4,,,105874436620923713168019020245858616944322383958692280683224180064376992665538,buy,b,1755439207000,5.0,research,exploratory_trade_surface,unknown,f2be915d707f934e2a54f57958e46ff1,sports_championship_conference_progression,reenter_after_cooldown,price_history_only,close_on_reversal,0.0,0.22110000000,reentry,0.03500000,RESEARCH-ONLY — exploratory_trade_surface,564210,0.02500000,EXPLORATORY,exploratory_trade_surface,phase_h_explore_20260516,22.61420171867933061962912709,flat_small,0.025,strict_context_valid,c7ac1826174ee9a23d55bdb4
cb01445409364e488757a473c18beb6f,a6edab19118abe85173fa9a8b0f4cbe4,,,44914465637297319816681463234953032477919413063019359633128421605039733545953,buy,a,1755442807000,5.0,research,exploratory_trade_surface,unknown,d046a1d866ab956c58f605748bcf5d65,sports_championship_conference_progression,reenter_after_cooldown,price_history_only,close_on_reversal,0.0,0.25627500000,reentry,0.03500000,RESEARCH-ONLY — exploratory_trade_surface,553856,0.02500000,EXPLORATORY,exploratory_trade_surface,phase_h_explore_20260516,19.51029167886059896595454102,flat_small,0.025,strict_context_valid,c7ac1826174ee9a23d55bdb4
c1adfd3b02604b749d069188ceb4712a,a6edab19118abe85173fa9a8b0f4cbe4,,,105874436620923713168019020245858616944322383958692280683224180064376992665538,buy,b,1755442807000,5.0,research,exploratory_trade_surface,unknown,d046a1d866ab956c58f605748bcf5d65,sports_championship_conference_progression,reenter_after_cooldown,price_history_only,close_on_reversal,0.0,0.22110000000,reentry,0.03500000,RESEARCH-ONLY — exploratory_trade_surface,564210,0.02500000,EXPLORATORY,exploratory_trade_surface,phase_h_explore_20260516,22.61420171867933061962912709,flat_small,0.025,strict_context_valid,c7ac1826174ee9a23d55bdb4
597a58fc8ced42de947ec75aab392d73,a6edab19118abe85173fa9a8b0f4cbe4,,,44914465637297319816681463234953032477919413063019359633128421605039733545953,buy,a,1755446407000,5.0,research,exploratory_trade_surface,unknown,a8af3768c8c0bbf256f6f39779382d35,sports_championship_conference_progression,reenter_after_cooldown,price_history_only,close_on_reversal,0.0,0.25627500000,reentry,0.03500000,RESEARCH-ONLY — exploratory_trade_surface,553856,0.02500000,EXPLORATORY,exploratory_trade_surface,phase_h_explore_20260516,19.51029167886059896595454102,flat_small,0.025,strict_context_valid,c7ac1826174ee9a23d55bdb4
39337b8cec4a407285dc4a1d9686e642,a6edab19118abe85173fa9a8b0f4cbe4,,,105874436620923713168019020245858616944322383958692280683224180064376992665538,buy,b,1755446407000,5.0,research,exploratory_trade_surface,unknown,a8af3768c8c0bbf256f6f39779382d35,sports_championship_conference_progression,reenter_after_cooldown,price_history_only,close_on_reversal,0.0,0.22110000000,reentry,0.03500000,RESEARCH-ONLY — exploratory_trade_surface,564210,0.02500000,EXPLORATORY,exploratory_trade_surface,phase_h_explore_20260516,22.61420171867933061962912709,flat_small,0.025,strict_context_valid,c7ac1826174ee9a23d55bdb4
5728c48e50f6440c8c89cae78a2bfaf5,a6edab19118abe85173fa9a8b0f4cbe4,,,44914465637297319816681463234953032477919413063019359633128421605039733545953,buy,a,1755450007000,5.0,research,exploratory_trade_surface,unknown,7a9d82e5a5bf8719261406531c7a2bdb,sports_championship_conference_progression,reenter_after_cooldown,price_history_only,close_on_reversal,0.0,0.25627500000,reentry,0.03500000,RESEARCH-ONLY — exploratory_trade_surface,553856,0.02500000,EXPLORATORY,exploratory_trade_surface,phase_h_explore_20260516,19.51029167886059896595454102,flat_small,0.025,strict_context_valid,c7ac1826174ee9a23d55bdb4
c2acba5db53f40f18ff8b823683b64a1,a6edab19118abe85173fa9a8b0f4cbe4,,,105874436620923713168019020245858616944322383958692280683224180064376992665538,buy,b,1755450007000,5.0,research,exploratory_trade_surface,unknown,7a9d82e5a5bf8719261406531c7a2bdb,sports_championship_conference_progression,reenter_after_cooldown,price_history_only,close_on_reversal,0.0,0.22110000000,reentry,0.03500000,RESEARCH-ONLY — exploratory_trade_surface,564210,0.02500000,EXPLORATORY,exploratory_trade_surface,phase_h_explore_20260516,22.61420171867933061962912709,flat_small,0.025,strict_context_valid,c7ac1826174ee9a23d55bdb4
796eb2d04fe745d4a1b58af162a50d2c,a6edab19118abe85173fa9a8b0f4cbe4,,,44914465637297319816681463234953032477919413063019359633128421605039733545953,buy,a,1755453607000,5.0,research,exploratory_trade_surface,unknown,2385720847283991d23bfedf849e9cbd,sports_championship_conference_progression,reenter_after_cooldown,price_history_only,close_on_reversal,0.0,0.25627500000,reentry,0.03500000,RESEARCH-ONLY — exploratory_trade_surface,553856,0.02500000,EXPLORATORY,exploratory_trade_surface,phase_h_explore_20260516,19.51029167886059896595454102,flat_small,0.025,strict_context_valid,c7ac1826174ee9a23d55bdb4
e7920cf375624aacbd686088b9751230,a6edab19118abe85173fa9a8b0f4cbe4,,,105874436620923713168019020245858616944322383958692280683224180064376992665538,buy,b,1755453607000,5.0,research,exploratory_trade_surface,unknown,2385720847283991d23bfedf849e9cbd,sports_championship_conference_progression,reenter_after_cooldown,price_history_only,close_on_reversal,0.0,0.22110000000,reentry,0.03500000,RESEARCH-ONLY — exploratory_trade_surface,564210,0.02500000,EXPLORATORY,exploratory_trade_surface,phase_h_explore_20260516,22.61420171867933061962912709,flat_small,0.025,strict_context_valid,c7ac1826174ee9a23d55bdb4
e48a123a1017491a9a1bfa153cb98813,3496b04d1407bfa617b8d7e95b3dfc9a,,,78140458432174397862436707256368409182467606418188760097873260862383336868084,buy,a,1754524809000,5.0,research,exploratory_trade_surface,unknown,a892dfe439fdb3bcacbf8c1c4169e358,sports_ranking_finish_position,reenter_after_cooldown,price_history_only,close_on_reversal,0.0,0.20602500000,first,0.25000000,RESEARCH-ONLY — exploratory_trade_surface,566188,0.24000000,EXPLORATORY,exploratory_trade_surface,phase_h_explore_20260516,24.26889940541196456740686810,flat_small,0.025,strict_context_valid,8320fbd56d516de160c905a0
77d4951141e14e5e8c153d9d46f276f8,3496b04d1407bfa617b8d7e95b3dfc9a,,,47891421265650815165883328427019266875679075440812617437375575277711635613845,buy,b,1754524809000,5.0,research,exploratory_trade_surface,unknown,a892dfe439fdb3bcacbf8c1c4169e358,sports_ranking_finish_position,reenter_after_cooldown,price_history_only,close_on_reversal,0.0,0.54772500000,first,0.25000000,RESEARCH-ONLY — exploratory_trade_surface,572734,0.24000000,EXPLORATORY,exploratory_trade_surface,phase_h_explore_20260516,9.128668583687069240951207266,flat_small,0.025,strict_context_valid,8320fbd56d516de160c905a0
7bcf748d30fa44588a1d539061e1bebd,3496b04d1407bfa617b8d7e95b3dfc9a,,,78140458432174397862436707256368409182467606418188760097873260862383336868084,buy,a,1754528409000,5.0,research,exploratory_trade_surface,unknown,3cc0b548e44569864940f58bbaff81c1,sports_ranking_finish_position,reenter_after_cooldown,price_history_only,close_on_reversal,0.0,0.20602500000,reentry,0.25000000,RESEARCH-ONLY — exploratory_trade_surface,566188,0.24000000,EXPLORATORY,exploratory_trade_surface,phase_h_explore_20260516,24.26889940541196456740686810,flat_small,0.025,strict_context_valid,8320fbd56d516de160c905a0
9a3073d4de33421babda958182584433,3496b04d1407bfa617b8d7e95b3dfc9a,,,47891421265650815165883328427019266875679075440812617437375575277711635613845,buy,b,1754528409000,5.0,research,exploratory_trade_surface,unknown,3cc0b548e44569864940f58bbaff81c1,sports_ranking_finish_position,reenter_after_cooldown,price_history_only,close_on_reversal,0.0,0.54772500000,reentry,0.25000000,RESEARCH-ONLY — exploratory_trade_surface,572734,0.24000000,EXPLORATORY,exploratory_trade_surface,phase_h_explore_20260516,9.128668583687069240951207266,flat_small,0.025,strict_context_valid,8320fbd56d516de160c905a0
0b7e81f3c52249da8e916b1764d50ce2,3496b04d1407bfa617b8d7e95b3dfc9a,,,78140458432174397862436707256368409182467606418188760097873260862383336868084,buy,a,1754532009000,5.0,research,exploratory_trade_surface,unknown,21773280aa5dbb41634a18d13c7ed7c1,sports_ranking_finish_position,reenter_after_cooldown,price_history_only,close_on_reversal,0.0,0.20602500000,reentry,0.25000000,RESEARCH-ONLY — exploratory_trade_surface,566188,0.24000000,EXPLORATORY,exploratory_trade_surface,phase_h_explore_20260516,24.26889940541196456740686810,flat_small,0.025,strict_context_valid,8320fbd56d516de160c905a0
a8a41037493f4503bac1edbfdb8fdfb8,3496b04d1407bfa617b8d7e95b3dfc9a,,,47891421265650815165883328427019266875679075440812617437375575277711635613845,buy,b,1754532009000,5.0,research,exploratory_trade_surface,unknown,21773280aa5dbb41634a18d13c7ed7c1,sports_ranking_finish_position,reenter_after_cooldown,price_history_only,close_on_reversal,0.0,0.54772500000,reentry,0.25000000,RESEARCH-ONLY — exploratory_trade_surface,572734,0.24000000,EXPLORATORY,exploratory_trade_surface,phase_h_explore_20260516,9.128668583687069240951207266,flat_small,0.025,strict_context_valid,8320fbd56d516de160c905a0
757f6d00fb874fcf929bdcde54ee2bfd,3496b04d1407bfa617b8d7e95b3dfc9a,,,78140458432174397862436707256368409182467606418188760097873260862383336868084,buy,a,1754535609000,5.0,research,exploratory_trade_surface,unknown,bb759b87940e3b1e943843df52382be4,sports_ranking_finish_position,reenter_after_cooldown,price_history_only,close_on_reversal,0.0,0.20602500000,reentry,0.25000000,RESEARCH-ONLY — exploratory_trade_surface,566188,0.24000000,EXPLORATORY,exploratory_trade_surface,phase_h_explore_20260516,24.26889940541196456740686810,flat_small,0.025,strict_context_valid,8320fbd56d516de160c905a0
8a40d560d3134d5c8ab9cd976eba0288,3496b04d1407bfa617b8d7e95b3dfc9a,,,47891421265650815165883328427019266875679075440812617437375575277711635613845,buy,b,1754535609000,5.0,research,exploratory_trade_surface,unknown,bb759b87940e3b1e943843df52382be4,sports_ranking_finish_position,reenter_after_cooldown,price_history_only,close_on_reversal,0.0,0.54772500000,reentry,0.25000000,RESEARCH-ONLY — exploratory_trade_surface,572734,0.24000000,EXPLORATORY,exploratory_trade_surface,phase_h_explore_20260516,9.128668583687069240951207266,flat_small,0.025,strict_context_valid,8320fbd56d516de160c905a0
79a6bc5eee9a4cb1b63bf55368ac9bc4,3496b04d1407bfa617b8d7e95b3dfc9a,,,78140458432174397862436707256368409182467606418188760097873260862383336868084,buy,a,1754539209000,5.0,research,exploratory_trade_surface,unknown,ca33356189a2a2a01b0de85493bd61db,sports_ranking_finish_position,reenter_after_cooldown,price_history_only,close_on_reversal,0.0,0.20602500000,reentry,0.25000000,RESEARCH-ONLY — exploratory_trade_surface,566188,0.24000000,EXPLORATORY,exploratory_trade_surface,phase_h_explore_20260516,24.26889940541196456740686810,flat_small,0.025,strict_context_valid,8320fbd56d516de160c905a0
94e46208368c481e86be91e0e4df6b04,3496b04d1407bfa617b8d7e95b3dfc9a,,,47891421265650815165883328427019266875679075440812617437375575277711635613845,buy,b,1754539209000,5.0,research,exploratory_trade_surface,unknown,ca33356189a2a2a01b0de85493bd61db,sports_ranking_finish_position,reenter_after_cooldown,price_history_only,close_on_reversal,0.0,0.54772500000,reentry,0.25000000,RESEARCH-ONLY — exploratory_trade_surface,572734,0.24000000,EXPLORATORY,exploratory_trade_surface,phase_h_explore_20260516,9.128668583687069240951207266,flat_small,0.025,strict_context_valid,8320fbd56d516de160c905a0
875aa071299d477fa1e9a4ad254e5031,3496b04d1407bfa617b8d7e95b3dfc9a,,,78140458432174397862436707256368409182467606418188760097873260862383336868084,buy,a,1754542809000,5.0,research,exploratory_trade_surface,unknown,157c8e51fdc50a745f5c3298cce6ae74,sports_ranking_finish_position,reenter_after_cooldown,price_history_only,close_on_reversal,0.0,0.20602500000,reentry,0.25000000,RESEARCH-ONLY — exploratory_trade_surface,566188,0.24000000,EXPLORATORY,exploratory_trade_surface,phase_h_explore_20260516,24.26889940541196456740686810,flat_small,0.025,strict_context_valid,8320fbd56d516de160c905a0
25929b20d8c04088b15dbcf4e454fb0b,3496b04d1407bfa617b8d7e95b3dfc9a,,,47891421265650815165883328427019266875679075440812617437375575277711635613845,buy,b,1754542809000,5.0,research,exploratory_trade_surface,unknown,157c8e51fdc50a745f5c3298cce6ae74,sports_ranking_finish_position,reenter_after_cooldown,price_history_only,close_on_reversal,0.0,0.54772500000,reentry,0.25000000,RESEARCH-ONLY — exploratory_trade_surface,572734,0.24000000,EXPLORATORY,exploratory_trade_surface,phase_h_explore_20260516,9.128668583687069240951207266,flat_small,0.025,strict_context_valid,8320fbd56d516de160c905a0
eb6ab49a24754cc6aa12eb06338d4feb,3496b04d1407bfa617b8d7e95b3dfc9a,,,78140458432174397862436707256368409182467606418188760097873260862383336868084,buy,a,1754546409000,5.0,research,exploratory_trade_surface,unknown,aab780c7647d1975ff89fba1ec1be359,sports_ranking_finish_position,reenter_after_cooldown,price_history_only,close_on_reversal,0.0,0.20602500000,reentry,0.25000000,RESEARCH-ONLY — exploratory_trade_surface,566188,0.24000000,EXPLORATORY,exploratory_trade_surface,phase_h_explore_20260516,24.26889940541196456740686810,flat_small,0.025,strict_context_valid,8320fbd56d516de160c905a0
49c23ac9f67b4afc80fd0ff55b6dcb57,3496b04d1407bfa617b8d7e95b3dfc9a,,,47891421265650815165883328427019266875679075440812617437375575277711635613845,buy,b,1754546409000,5.0,research,exploratory_trade_surface,unknown,aab780c7647d1975ff89fba1ec1be359,sports_ranking_finish_position,reenter_after_cooldown,price_history_only,close_on_reversal,0.0,0.54772500000,reentry,0.25000000,RESEARCH-ONLY — exploratory_trade_surface,572734,0.24000000,EXPLORATORY,exploratory_trade_surface,phase_h_explore_20260516,9.128668583687069240951207266,flat_small,0.025,strict_context_valid,8320fbd56d516de160c905a0
99208e893dbe40cc8333ef1878a5840c,3496b04d1407bfa617b8d7e95b3dfc9a,,,78140458432174397862436707256368409182467606418188760097873260862383336868084,buy,a,1754550009000,5.0,research,exploratory_trade_surface,unknown,c51124b9a5a81d2d7a7d8facd5457603,sports_ranking_finish_position,reenter_after_cooldown,price_history_only,close_on_reversal,0.0,0.20602500000,reentry,0.25000000,RESEARCH-ONLY — exploratory_trade_surface,566188,0.24000000,EXPLORATORY,exploratory_trade_surface,phase_h_explore_20260516,24.26889940541196456740686810,flat_small,0.025,strict_context_valid,8320fbd56d516de160c905a0
3c3f5a9f8db44fcbbf99c613e33bdb3b,3496b04d1407bfa617b8d7e95b3dfc9a,,,47891421265650815165883328427019266875679075440812617437375575277711635613845,buy,b,1754550009000,5.0,research,exploratory_trade_surface,unknown,c51124b9a5a81d2d7a7d8facd5457603,sports_ranking_finish_position,reenter_after_cooldown,price_history_only,close_on_reversal,0.0,0.54772500000,reentry,0.25000000,RESEARCH-ONLY — exploratory_trade_surface,572734,0.24000000,EXPLORATORY,exploratory_trade_surface,phase_h_explore_20260516,9.128668583687069240951207266,flat_small,0.025,strict_context_valid,8320fbd56d516de160c905a0
97449a1eb5394ca890a70bc6d8787f67,3496b04d1407bfa617b8d7e95b3dfc9a,,,78140458432174397862436707256368409182467606418188760097873260862383336868084,buy,a,1754553609000,5.0,research,exploratory_trade_surface,unknown,f5378d117a35ce24c004c223cee853e5,sports_ranking_finish_position,reenter_after_cooldown,price_history_only,close_on_reversal,0.0,0.20602500000,reentry,0.25000000,RESEARCH-ONLY — exploratory_trade_surface,566188,0.24000000,EXPLORATORY,exploratory_trade_surface,phase_h_explore_20260516,24.26889940541196456740686810,flat_small,0.025,strict_context_valid,8320fbd56d516de160c905a0
51c23852783740b0859d760f28717067,3496b04d1407bfa617b8d7e95b3dfc9a,,,47891421265650815165883328427019266875679075440812617437375575277711635613845,buy,b,1754553609000,5.0,research,exploratory_trade_surface,unknown,f5378d117a35ce24c004c223cee853e5,sports_ranking_finish_position,reenter_after_cooldown,price_history_only,close_on_reversal,0.0,0.54772500000,reentry,0.25000000,RESEARCH-ONLY — exploratory_trade_surface,572734,0.24000000,EXPLORATORY,exploratory_trade_surface,phase_h_explore_20260516,9.128668583687069240951207266,flat_small,0.025,strict_context_valid,8320fbd56d516de160c905a0
2f963b3e7da548e9b10be86a9b3a2c7a,3496b04d1407bfa617b8d7e95b3dfc9a,,,78140458432174397862436707256368409182467606418188760097873260862383336868084,buy,a,1754557209000,5.0,research,exploratory_trade_surface,unknown,e0624c2757ad6eb32740c6042a28a041,sports_ranking_finish_position,reenter_after_cooldown,price_history_only,close_on_reversal,0.0,0.20602500000,reentry,0.25000000,RESEARCH-ONLY — exploratory_trade_surface,566188,0.24000000,EXPLORATORY,exploratory_trade_surface,phase_h_explore_20260516,24.26889940541196456740686810,flat_small,0.025,strict_context_valid,8320fbd56d516de160c905a0
95624d6e06534d7884d3e1a60cd398ef,3496b04d1407bfa617b8d7e95b3dfc9a,,,47891421265650815165883328427019266875679075440812617437375575277711635613845,buy,b,1754557209000,5.0,research,exploratory_trade_surface,unknown,e0624c2757ad6eb32740c6042a28a041,sports_ranking_finish_position,reenter_after_cooldown,price_history_only,close_on_reversal,0.0,0.54772500000,reentry,0.25000000,RESEARCH-ONLY — exploratory_trade_surface,572734,0.24000000,EXPLORATORY,exploratory_trade_surface,phase_h_explore_20260516,9.128668583687069240951207266,flat_small,0.025,strict_context_valid,8320fbd56d516de160c905a0
bbae8e5e0d7e4bb986401db37af2415a,3496b04d1407bfa617b8d7e95b3dfc9a,,,78140458432174397862436707256368409182467606418188760097873260862383336868084,buy,a,1754560809000,5.0,research,exploratory_trade_surface,unknown,c571788274f1b5e821719af5bae2fd06,sports_ranking_finish_position,reenter_after_cooldown,price_history_only,close_on_reversal,0.0,0.20602500000,reentry,0.25000000,RESEARCH-ONLY — exploratory_trade_surface,566188,0.24000000,EXPLORATORY,exploratory_trade_surface,phase_h_explore_20260516,24.26889940541196456740686810,flat_small,0.025,strict_context_valid,8320fbd56d516de160c905a0
b4811b8df39543008bfa66aa5961a7de,3496b04d1407bfa617b8d7e95b3dfc9a,,,47891421265650815165883328427019266875679075440812617437375575277711635613845,buy,b,1754560809000,5.0,research,exploratory_trade_surface,unknown,c571788274f1b5e821719af5bae2fd06,sports_ranking_finish_position,reenter_after_cooldown,price_history_only,close_on_reversal,0.0,0.54772500000,reentry,0.25000000,RESEARCH-ONLY — exploratory_trade_surface,572734,0.24000000,EXPLORATORY,exploratory_trade_surface,phase_h_explore_20260516,9.128668583687069240951207266,flat_small,0.025,strict_context_valid,8320fbd56d516de160c905a0
30fc9115e9834823a1d2d0eed3fde603,3496b04d1407bfa617b8d7e95b3dfc9a,,,78140458432174397862436707256368409182467606418188760097873260862383336868084,buy,a,1754564409000,5.0,research,exploratory_trade_surface,unknown,fcd4d57060137245f1ac674153f17fe3,sports_ranking_finish_position,reenter_after_cooldown,price_history_only,close_on_reversal,0.0,0.20602500000,reentry,0.25000000,RESEARCH-ONLY — exploratory_trade_surface,566188,0.24000000,EXPLORATORY,exploratory_trade_surface,phase_h_explore_20260516,24.26889940541196456740686810,flat_small,0.025,strict_context_valid,8320fbd56d516de160c905a0
f076be8f2b7141f099d649c88dda4946,3496b04d1407bfa617b8d7e95b3dfc9a,,,47891421265650815165883328427019266875679075440812617437375575277711635613845,buy,b,1754564409000,5.0,research,exploratory_trade_surface,unknown,fcd4d57060137245f1ac674153f17fe3,sports_ranking_finish_position,reenter_after_cooldown,price_history_only,close_on_reversal,0.0,0.54772500000,reentry,0.25000000,RESEARCH-ONLY — exploratory_trade_surface,572734,0.24000000,EXPLORATORY,exploratory_trade_surface,phase_h_explore_20260516,9.128668583687069240951207266,flat_small,0.025,strict_context_valid,8320fbd56d516de160c905a0
380a974e8ed34fe2a4917929c8127a5a,3496b04d1407bfa617b8d7e95b3dfc9a,,,78140458432174397862436707256368409182467606418188760097873260862383336868084,buy,a,1754568009000,5.0,research,exploratory_trade_surface,unknown,79b3b1d59ecf362f7d8390c3e82b535d,sports_ranking_finish_position,reenter_after_cooldown,price_history_only,close_on_reversal,0.0,0.20602500000,reentry,0.25000000,RESEARCH-ONLY — exploratory_trade_surface,566188,0.24000000,EXPLORATORY,exploratory_trade_surface,phase_h_explore_20260516,24.26889940541196456740686810,flat_small,0.025,strict_context_valid,8320fbd56d516de160c905a0
b8779d6374e54e7cb3bbbefc36745e7f,3496b04d1407bfa617b8d7e95b3dfc9a,,,47891421265650815165883328427019266875679075440812617437375575277711635613845,buy,b,1754568009000,5.0,research,exploratory_trade_surface,unknown,79b3b1d59ecf362f7d8390c3e82b535d,sports_ranking_finish_position,reenter_after_cooldown,price_history_only,close_on_reversal,0.0,0.54772500000,reentry,0.25000000,RESEARCH-ONLY — exploratory_trade_surface,572734,0.24000000,EXPLORATORY,exploratory_trade_surface,phase_h_explore_20260516,9.128668583687069240951207266,flat_small,0.025,strict_context_valid,8320fbd56d516de160c905a0
9e2e935c171949558f1858bba57aa196,3496b04d1407bfa617b8d7e95b3dfc9a,,,78140458432174397862436707256368409182467606418188760097873260862383336868084,buy,a,1754571609000,5.0,research,exploratory_trade_surface,unknown,aec14e454ebc0c45ac8abd1cbed0ae0f,sports_ranking_finish_position,reenter_after_cooldown,price_history_only,close_on_reversal,0.0,0.20602500000,reentry,0.27500000,RESEARCH-ONLY — exploratory_trade_surface,566188,0.26500000,EXPLORATORY,exploratory_trade_surface,phase_h_explore_20260516,24.26889940541196456740686810,flat_small,0.025,strict_context_valid,8320fbd56d516de160c905a0
03485c7f60c540628b6230f2a919f1ca,3496b04d1407bfa617b8d7e95b3dfc9a,,,47891421265650815165883328427019266875679075440812617437375575277711635613845,buy,b,1754571609000,5.0,research,exploratory_trade_surface,unknown,aec14e454ebc0c45ac8abd1cbed0ae0f,sports_ranking_finish_position,reenter_after_cooldown,price_history_only,close_on_reversal,0.0,0.52260000000,reentry,0.27500000,RESEARCH-ONLY — exploratory_trade_surface,572734,0.26500000,EXPLORATORY,exploratory_trade_surface,phase_h_explore_20260516,9.567546880979716800612323000,flat_small,0.025,strict_context_valid,8320fbd56d516de160c905a0
240cc568d9894c47ba074fb177894aa5,3496b04d1407bfa617b8d7e95b3dfc9a,,,78140458432174397862436707256368409182467606418188760097873260862383336868084,buy,a,1754575209000,5.0,research,exploratory_trade_surface,unknown,a168b58e72871f4f4149971cb9f79adb,sports_ranking_finish_position,reenter_after_cooldown,price_history_only,close_on_reversal,0.0,0.20602500000,reentry,0.27500000,RESEARCH-ONLY — exploratory_trade_surface,566188,0.26500000,EXPLORATORY,exploratory_trade_surface,phase_h_explore_20260516,24.26889940541196456740686810,flat_small,0.025,strict_context_valid,8320fbd56d516de160c905a0
9c65ddc45a1d47ab97f114bc266bcd9b,3496b04d1407bfa617b8d7e95b3dfc9a,,,47891421265650815165883328427019266875679075440812617437375575277711635613845,buy,b,1754575209000,5.0,research,exploratory_trade_surface,unknown,a168b58e72871f4f4149971cb9f79adb,sports_ranking_finish_position,reenter_after_cooldown,price_history_only,close_on_reversal,0.0,0.52260000000,reentry,0.27500000,RESEARCH-ONLY — exploratory_trade_surface,572734,0.26500000,EXPLORATORY,exploratory_trade_surface,phase_h_explore_20260516,9.567546880979716800612323000,flat_small,0.025,strict_context_valid,8320fbd56d516de160c905a0
9dcc106d117245e5830d58098dd61cdc,3496b04d1407bfa617b8d7e95b3dfc9a,,,78140458432174397862436707256368409182467606418188760097873260862383336868084,buy,a,1754578809000,5.0,research,exploratory_trade_surface,unknown,9e14df749223676786b086871e0e2cc0,sports_ranking_finish_position,reenter_after_cooldown,price_history_only,close_on_reversal,0.0,0.20602500000,reentry,0.27500000,RESEARCH-ONLY — exploratory_trade_surface,566188,0.26500000,EXPLORATORY,exploratory_trade_surface,phase_h_explore_20260516,24.26889940541196456740686810,flat_small,0.025,strict_context_valid,8320fbd56d516de160c905a0
e63acd03c4b84eaa838a9aea8f5efe16,3496b04d1407bfa617b8d7e95b3dfc9a,,,47891421265650815165883328427019266875679075440812617437375575277711635613845,buy,b,1754578809000,5.0,research,exploratory_trade_surface,unknown,9e14df749223676786b086871e0e2cc0,sports_ranking_finish_position,reenter_after_cooldown,price_history_only,close_on_reversal,0.0,0.52260000000,reentry,0.27500000,RESEARCH-ONLY — exploratory_trade_surface,572734,0.26500000,EXPLORATORY,exploratory_trade_surface,phase_h_explore_20260516,9.567546880979716800612323000,flat_small,0.025,strict_context_valid,8320fbd56d516de160c905a0
065c555edcd14a6983dc1f79b8f903b7,3496b04d1407bfa617b8d7e95b3dfc9a,,,78140458432174397862436707256368409182467606418188760097873260862383336868084,buy,a,1754582409000,5.0,research,exploratory_trade_surface,unknown,f158ebab57496648fe603895deb49378,sports_ranking_finish_position,reenter_after_cooldown,price_history_only,close_on_reversal,0.0,0.20602500000,reentry,0.27500000,RESEARCH-ONLY — exploratory_trade_surface,566188,0.26500000,EXPLORATORY,exploratory_trade_surface,phase_h_explore_20260516,24.26889940541196456740686810,flat_small,0.025,strict_context_valid,8320fbd56d516de160c905a0
75e5e053fd5e48caadd9c089ef163c38,3496b04d1407bfa617b8d7e95b3dfc9a,,,47891421265650815165883328427019266875679075440812617437375575277711635613845,buy,b,1754582409000,5.0,research,exploratory_trade_surface,unknown,f158ebab57496648fe603895deb49378,sports_ranking_finish_position,reenter_after_cooldown,price_history_only,close_on_reversal,0.0,0.52260000000,reentry,0.27500000,RESEARCH-ONLY — exploratory_trade_surface,572734,0.26500000,EXPLORATORY,exploratory_trade_surface,phase_h_explore_20260516,9.567546880979716800612323000,flat_small,0.025,strict_context_valid,8320fbd56d516de160c905a0
6e2242dbdead4e7595d1e7dd8e2f47dd,3496b04d1407bfa617b8d7e95b3dfc9a,,,78140458432174397862436707256368409182467606418188760097873260862383336868084,buy,a,1754586009000,5.0,research,exploratory_trade_surface,unknown,b7a370ca1e592337418532b506344cb0,sports_ranking_finish_position,reenter_after_cooldown,price_history_only,close_on_reversal,0.0,0.20602500000,reentry,0.27500000,RESEARCH-ONLY — exploratory_trade_surface,566188,0.26500000,EXPLORATORY,exploratory_trade_surface,phase_h_explore_20260516,24.26889940541196456740686810,flat_small,0.025,strict_context_valid,8320fbd56d516de160c905a0
5cb78a712d634fcd85e3c5c6f3e5c775,3496b04d1407bfa617b8d7e95b3dfc9a,,,47891421265650815165883328427019266875679075440812617437375575277711635613845,buy,b,1754586009000,5.0,research,exploratory_trade_surface,unknown,b7a370ca1e592337418532b506344cb0,sports_ranking_finish_position,reenter_after_cooldown,price_history_only,close_on_reversal,0.0,0.52260000000,reentry,0.27500000,RESEARCH-ONLY — exploratory_trade_surface,572734,0.26500000,EXPLORATORY,exploratory_trade_surface,phase_h_explore_20260516,9.567546880979716800612323000,flat_small,0.025,strict_context_valid,8320fbd56d516de160c905a0
a431913235d84ed49836166aa2571018,3496b04d1407bfa617b8d7e95b3dfc9a,,,78140458432174397862436707256368409182467606418188760097873260862383336868084,buy,a,1754589609000,5.0,research,exploratory_trade_surface,unknown,637b0e0e945adefc3114d4babb8e6405,sports_ranking_finish_position,reenter_after_cooldown,price_history_only,close_on_reversal,0.0,0.20602500000,reentry,0.27500000,RESEARCH-ONLY — exploratory_trade_surface,566188,0.26500000,EXPLORATORY,exploratory_trade_surface,phase_h_explore_20260516,24.26889940541196456740686810,flat_small,0.025,strict_context_valid,8320fbd56d516de160c905a0
463690bd9cc1470dae4665b3a3f92489,3496b04d1407bfa617b8d7e95b3dfc9a,,,47891421265650815165883328427019266875679075440812617437375575277711635613845,buy,b,1754589609000,5.0,research,exploratory_trade_surface,unknown,637b0e0e945adefc3114d4babb8e6405,sports_ranking_finish_position,reenter_after_cooldown,price_history_only,close_on_reversal,0.0,0.52260000000,reentry,0.27500000,RESEARCH-ONLY — exploratory_trade_surface,572734,0.26500000,EXPLORATORY,exploratory_trade_surface,phase_h_explore_20260516,9.567546880979716800612323000,flat_small,0.025,strict_context_valid,8320fbd56d516de160c905a0
08295c53a79a47a9b4d54c91ba0cb244,3496b04d1407bfa617b8d7e95b3dfc9a,,,78140458432174397862436707256368409182467606418188760097873260862383336868084,buy,a,1754593209000,5.0,research,exploratory_trade_surface,unknown,b235ef2d6e71a01177e7954658c9c42c,sports_ranking_finish_position,reenter_after_cooldown,price_history_only,close_on_reversal,0.0,0.20602500000,reentry,0.27500000,RESEARCH-ONLY — exploratory_trade_surface,566188,0.26500000,EXPLORATORY,exploratory_trade_surface,phase_h_explore_20260516,24.26889940541196456740686810,flat_small,0.025,strict_context_valid,8320fbd56d516de160c905a0
3a2528e2444446bc811f31014a96204b,3496b04d1407bfa617b8d7e95b3dfc9a,,,47891421265650815165883328427019266875679075440812617437375575277711635613845,buy,b,1754593209000,5.0,research,exploratory_trade_surface,unknown,b235ef2d6e71a01177e7954658c9c42c,sports_ranking_finish_position,reenter_after_cooldown,price_history_only,close_on_reversal,0.0,0.52260000000,reentry,0.27500000,RESEARCH-ONLY — exploratory_trade_surface,572734,0.26500000,EXPLORATORY,exploratory_trade_surface,phase_h_explore_20260516,9.567546880979716800612323000,flat_small,0.025,strict_context_valid,8320fbd56d516de160c905a0
