decision_id,relationship_id,context_space_id,context_rule_ids_json,previous_validation_status,new_validation_status,previous_strategy_eligibility,new_strategy_eligibility,strategy_lane,decision_reason,evidence_summary,schema_version,ingested_ts_ms,market_id_a,market_id_b,question_a,question_b,relationship_type,relationship_subtype,relationship_family
c8978c0244e5b69ec6ca32c7ed1a6def,2f3b8169d39e895ea88fe78bb95bfcea,colombia_2026_presidential_election,[],needs_manual_review,needs_manual_review,ineligible,ineligible,research_only,missing required world-context rule,,1,1778587447574,569338,569362,Will Gustavo Bolívar win the 1st round of the 2026 Colombian presidential election?,Will Gustavo Bolívar win the 2026 Colombian presidential election?,rejected,first_round_to_general_dependency,
df770fca0054ccbd5aab0a397781baad,3214ebdab19448d4deb5f5ac27f636d2,colombia_2026_presidential_election,[],needs_manual_review,needs_manual_review,ineligible,ineligible,research_only,missing required world-context rule,,1,1778587447574,569347,569372,Will Juan Carlos Pinzón win the 1st round of the 2026 Colombian presidential election?,Will Juan Carlos Pinzón win the 2026 Colombian presidential election?,rejected,first_round_to_general_dependency,
b079794d57ccc095fbaf7ba811dd81a9,3a3c613e7cb2d99759542047d399cfb4,colombia_2026_presidential_election,[],needs_manual_review,needs_manual_review,ineligible,ineligible,research_only,missing required world-context rule,,1,1778587447575,569332,569356,Will Vicky Dávila win the 1st round of the 2026 Colombian presidential election?,Will Vicky Dávila win the 2026 Colombian presidential election?,rejected,first_round_to_general_dependency,
d37d8ff2fcfe7b53fca64b296d3a58bb,46f491500c8d3a55a6d6a065fd1ddd1e,colombia_2026_presidential_election,[],needs_manual_review,needs_manual_review,ineligible,ineligible,research_only,missing required world-context rule,,1,1778587447574,569336,569360,Will Juan Daniel Oviedo win the 1st round of the 2026 Colombian presidential election?,Will Juan Daniel Oviedo win the 2026 Colombian presidential election?,rejected,first_round_to_general_dependency,
a2c1c5d4c28df0ee7afd4958d09e7719,5dc05ffe4bb533b54ab4caf1b113b7f2,colombia_2026_presidential_election,[],needs_manual_review,needs_manual_review,ineligible,ineligible,research_only,missing required world-context rule,,1,1778587447573,569334,569358,Will Claudia López win the 1st round of the 2026 Colombian presidential election?,Will Claudia López win the 2026 Colombian presidential election?,rejected,first_round_to_general_dependency,
1b03a5bb4d192553f8acd6d55e9ab2b0,a15ce15124782057519af731455cc627,colombia_2026_presidential_election,[],needs_manual_review,needs_manual_review,ineligible,ineligible,research_only,missing required world-context rule,,1,1778587447574,569342,569373,Will Paloma Valencia win the 1st round of the 2026 Colombian presidential election?,Will Paloma Valencia win the 2026 Colombian presidential election?,rejected,first_round_to_general_dependency,
df0d87cf37273183c4864acca6f8b44e,a76d8c40b710308fead83c35e873b19f,colombia_2026_presidential_election,[],needs_manual_review,needs_manual_review,ineligible,ineligible,research_only,missing required world-context rule,,1,1778587447573,569345,569370,Will Roy Barreras win the 1st round of the 2026 Colombian presidential election?,Will Roy Barreras win the 2026 Colombian presidential election?,rejected,first_round_to_general_dependency,
014f861f83893daed59c8a041da161db,badeea356251d7af400bffb82399e31b,colombia_2026_presidential_election,[],needs_manual_review,needs_manual_review,ineligible,ineligible,research_only,missing required world-context rule,,1,1778587447583,569349,569371,Will Enrique Peñalosa win the 1st round of the 2026 Colombian presidential election?,Will Enrique Peñalosa win the 2026 Colombian presidential election?,rejected,first_round_to_general_dependency,
98a82017fa9abdd3f9fd11ed2df4fc65,bc339e3c53d811630394178f2d69ce59,colombia_2026_presidential_election,[],needs_manual_review,needs_manual_review,ineligible,ineligible,research_only,missing required world-context rule,,1,1778587447585,569335,569359,Will David Luna Sánchez win the 1st round of the 2026 Colombian presidential election?,Will David Luna Sánchez win the 2026 Colombian presidential election?,rejected,first_round_to_general_dependency,
857c52133782b29d4c670be54fa664b7,cd1b23c2db2b5e4ee6b4318189cbed90,colombia_2026_presidential_election,[],needs_manual_review,needs_manual_review,ineligible,ineligible,research_only,missing required world-context rule,,1,1778587447574,569340,569364,Will Juan Manuel Galán win the 1st round of the 2026 Colombian presidential election?,Will Juan Manuel Galán win the 2026 Colombian presidential election?,rejected,first_round_to_general_dependency,
d32460cea98c91f6b5951f1d3d4a30b3,ce10f57c2a8d9700af8f9633f13eca01,colombia_2026_presidential_election,[],needs_manual_review,needs_manual_review,ineligible,ineligible,research_only,missing required world-context rule,,1,1778587447574,569341,569365,Will Germán Vargas Lleras win the 1st round of the 2026 Colombian presidential election?,Will Germán Vargas Lleras win the 2026 Colombian presidential election?,rejected,first_round_to_general_dependency,
2cd872b383c643f96f2da80c371cae23,cf0e55c8f3e6db3e2750ce4f188515ae,colombia_2026_presidential_election,[],needs_manual_review,needs_manual_review,ineligible,ineligible,research_only,missing required world-context rule,,1,1778587447575,569333,569357,Will Luis Gilberto Murillo win the 1st round of the 2026 Colombian presidential election?,Will Luis Gilberto Murillo win the 2026 Colombian presidential election?,rejected,first_round_to_general_dependency,
2821c28c81eaa3459d6819d71049d96a,d9cbd7dea520c7efa0c9ebae24784c97,colombia_2026_presidential_election,[],needs_manual_review,needs_manual_review,ineligible,ineligible,research_only,missing required world-context rule,,1,1778587447575,569344,569366,Will Abelardo de la Espriella win the 1st round of the 2026 Colombian presidential election?,Will Abelardo de la Espriella  win the 2026 Colombian presidential election?,rejected,first_round_to_general_dependency,
1197c3876e7b3679f7714b0a61092e28,e1872765035ad88c7f40da4b8df7da14,colombia_2026_presidential_election,[],needs_manual_review,needs_manual_review,ineligible,ineligible,research_only,missing required world-context rule,,1,1778587447573,569346,569369,Will Daniel Quintero win the 1st round of the 2026 Colombian presidential election?,Will Daniel Quintero win the 2026 Colombian presidential election?,rejected,first_round_to_general_dependency,
38ecaba18ca6f64d5bce36b0478a7a91,f9e9da8c2d0b6f0481a0ecaff08ed685,colombia_2026_presidential_election,[],needs_manual_review,needs_manual_review,ineligible,ineligible,research_only,missing required world-context rule,,1,1778587447577,569339,569363,Will Sergio Fajardo win the 1st round of the 2026 Colombian presidential election?,Will Sergio Fajardo win the 2026 Colombian presidential election?,rejected,first_round_to_general_dependency,
6f90947c6d4fa7b9a31d4bcf08e393ff,05ae0794a6a689f86dd1441ff2df26ec,premier_league_finish_position,"[""epl_world_exact_topn_v1"", ""epl_world_exact_exclusive_v1"", ""epl_terms_same_scope_v1""]",rejected,needs_manual_review,ineligible,ineligible,exploratory_context_unreviewed,context exists but still needs review,exact_finish_implies_top_n:pending:0.90; exact_finish_positions_mutually_exclusive:pending:0.90; market_terms_exact_finish_scope:pending:0.75,1,1778587447579,572765,582134,Will Liverpool finish in 3rd place in the 2025-26 English Premier League?,Will Liverpool finish in the top 4 of the EPL 2025–26 standings?,rejected,team_exact_finish_position_vs_team_top_n_finish,
f9b819625ddaf7355cf70004534bfa60,4d8e3f1dfa6859ea0a922dd6e3d3c163,premier_league_finish_position,"[""epl_world_exact_topn_v1"", ""epl_world_exact_exclusive_v1"", ""epl_terms_same_scope_v1""]",rejected,needs_manual_review,ineligible,ineligible,exploratory_context_unreviewed,context exists but still needs review,exact_finish_implies_top_n:pending:0.90; exact_finish_positions_mutually_exclusive:pending:0.90; market_terms_exact_finish_scope:pending:0.75,1,1778587447591,572770,582138,Will Manchester United finish in 3rd place in the 2025-26 English Premier League?,Will Manchester United finish in the top 4 of the EPL 2025–26 standings?,rejected,team_exact_finish_position_vs_team_top_n_finish,
02dec803a3fabd5a1a28f717b62f04e4,866a3f7cda29a5d81f552e8d3bf9ee2e,premier_league_finish_position,"[""epl_world_exact_topn_v1"", ""epl_world_exact_exclusive_v1"", ""epl_terms_same_scope_v1""]",rejected,needs_manual_review,ineligible,ineligible,exploratory_context_unreviewed,context exists but still needs review,exact_finish_implies_top_n:pending:0.90; exact_finish_positions_mutually_exclusive:pending:0.90; market_terms_exact_finish_scope:pending:0.75,1,1778587447602,572772,582139,Will Aston Villa finish in 3rd place in the 2025-26 English Premier League?,Will Aston Villa finish in the top 4 of the EPL 2025–26 standings?,rejected,team_exact_finish_position_vs_team_top_n_finish,
3515a569fd06372dc5534683ed6dba96,2fc7c0bfadee801d685006086656d299,same_reference_clock_before_gta_vi,"[""same_reference_not_tradeable_v1""]",needs_manual_review,needs_manual_review,ineligible,ineligible,analysis_only,context rule explicitly keeps this relationship analysis-only,shared_reference_not_tradeable:pending:0.90,1,1778587447588,540820,540843,Trump out as President before GTA VI?,Will China invades Taiwan before GTA VI?,same_reference_clock,same_reference_clock_only,temporal
e129d9868337f0ce1ac8825cfc4955f7,323a222f5b4e83bb756ed5a6e3c939a1,same_reference_clock_before_gta_vi,"[""same_reference_not_tradeable_v1""]",rejected,needs_manual_review,ineligible,ineligible,analysis_only,context rule explicitly keeps this relationship analysis-only,shared_reference_not_tradeable:pending:0.90,1,1778587447790,540819,573647,Will Jesus Christ return before GTA VI?,Will GPT-6 be released before GTA VI?,rejected,same_reference_clock_only,
0d71b2567a9c9a404ed99049bbc01f26,3408dfe3c22c0d8ccb013839c62ae2aa,same_reference_clock_before_gta_vi,"[""same_reference_not_tradeable_v1""]",rejected,needs_manual_review,ineligible,ineligible,analysis_only,context rule explicitly keeps this relationship analysis-only,shared_reference_not_tradeable:pending:0.90,1,1778587447792,540844,573647,Will bitcoin hit $1m before GTA VI?,Will GPT-6 be released before GTA VI?,rejected,same_reference_clock_only,
c64d7a9234bc17581e9a543ec0861665,3510fa79844874170bc5aa27001fd3f9,same_reference_clock_before_gta_vi,"[""same_reference_not_tradeable_v1""]",needs_manual_review,needs_manual_review,ineligible,ineligible,analysis_only,context rule explicitly keeps this relationship analysis-only,shared_reference_not_tradeable:pending:0.90,1,1778587447588,540818,540843,New Playboi Carti Album before GTA VI?,Will China invades Taiwan before GTA VI?,same_reference_clock,same_reference_clock_only,temporal
c729dbc884d6fdd44ad5b8b2328e437e,44b90050a17ee86d2db590ea611662e1,same_reference_clock_before_gta_vi,"[""same_reference_not_tradeable_v1""]",rejected,needs_manual_review,ineligible,ineligible,analysis_only,context rule explicitly keeps this relationship analysis-only,shared_reference_not_tradeable:pending:0.90,1,1778587447792,540820,540844,Trump out as President before GTA VI?,Will bitcoin hit $1m before GTA VI?,rejected,same_reference_clock_only,
dffb2bd678069e56345ff87f10755aee,656c1df5bb31997622521bc9e9f0adc6,same_reference_clock_before_gta_vi,"[""same_reference_not_tradeable_v1""]",needs_manual_review,needs_manual_review,ineligible,ineligible,analysis_only,context rule explicitly keeps this relationship analysis-only,shared_reference_not_tradeable:pending:0.90,1,1778587447587,540819,540843,Will Jesus Christ return before GTA VI?,Will China invades Taiwan before GTA VI?,same_reference_clock,same_reference_clock_only,temporal
eb2b3d158cb03f0f6124dbc6804421a2,759843b8ca4b1c0c5f6cd9d21c0f7f06,same_reference_clock_before_gta_vi,"[""same_reference_not_tradeable_v1""]",rejected,needs_manual_review,ineligible,ineligible,analysis_only,context rule explicitly keeps this relationship analysis-only,shared_reference_not_tradeable:pending:0.90,1,1778587447793,540820,573647,Trump out as President before GTA VI?,Will GPT-6 be released before GTA VI?,rejected,same_reference_clock_only,
0212765f3c8ff64e3050dedab59e5bb8,7e196c9cbf9fd7930dfcbf324ce82ebd,same_reference_clock_before_gta_vi,"[""same_reference_not_tradeable_v1""]",rejected,needs_manual_review,ineligible,ineligible,analysis_only,context rule explicitly keeps this relationship analysis-only,shared_reference_not_tradeable:pending:0.90,1,1778587447684,540817,540818,New Rihanna Album before GTA VI?,New Playboi Carti Album before GTA VI?,rejected,same_reference_clock_only,
649ea29fc6b9e9383c2f603d9d720bdc,9f8979f5595d8799aa56516df800886a,same_reference_clock_before_gta_vi,"[""same_reference_not_tradeable_v1""]",needs_manual_review,needs_manual_review,ineligible,ineligible,analysis_only,context rule explicitly keeps this relationship analysis-only,shared_reference_not_tradeable:pending:0.90,1,1778587447587,540817,540843,New Rihanna Album before GTA VI?,Will China invades Taiwan before GTA VI?,same_reference_clock,same_reference_clock_only,temporal
551aedbb39b030236fbf1fcc1d6ff93d,a38a46b0aa9e43da32288b6491f29802,same_reference_clock_before_gta_vi,"[""same_reference_not_tradeable_v1""]",needs_manual_review,needs_manual_review,ineligible,ineligible,analysis_only,context rule explicitly keeps this relationship analysis-only,shared_reference_not_tradeable:pending:0.90,1,1778587447587,540843,540844,Will China invades Taiwan before GTA VI?,Will bitcoin hit $1m before GTA VI?,same_reference_clock,same_reference_clock_only,temporal
88064ca6dc1d694a23ed5a975fed004c,d6b7e9ccd5f194edc1dbaf107b3b87c2,same_reference_clock_before_gta_vi,"[""same_reference_not_tradeable_v1""]",rejected,needs_manual_review,ineligible,ineligible,analysis_only,context rule explicitly keeps this relationship analysis-only,shared_reference_not_tradeable:pending:0.90,1,1778587447792,540819,540844,Will Jesus Christ return before GTA VI?,Will bitcoin hit $1m before GTA VI?,rejected,same_reference_clock_only,
fa84a47649cd6ee3dc9c72026a9d39e7,e02bbc12cf27e2f1c7892aeaf4730cdf,same_reference_clock_before_gta_vi,"[""same_reference_not_tradeable_v1""]",rejected,needs_manual_review,ineligible,ineligible,analysis_only,context rule explicitly keeps this relationship analysis-only,shared_reference_not_tradeable:pending:0.90,1,1778587447790,540819,540820,Will Jesus Christ return before GTA VI?,Trump out as President before GTA VI?,rejected,same_reference_clock_only,
9049c83448a052911d725dbd0a3ccb9d,eb2787e350b8e0294d593c91947117e4,same_reference_clock_before_gta_vi,"[""same_reference_not_tradeable_v1""]",needs_manual_review,needs_manual_review,ineligible,ineligible,analysis_only,context rule explicitly keeps this relationship analysis-only,shared_reference_not_tradeable:pending:0.90,1,1778587447587,540843,573647,Will China invades Taiwan before GTA VI?,Will GPT-6 be released before GTA VI?,same_reference_clock,same_reference_clock_only,temporal
2a05eb26918cf285e7fd53490675897f,041a070f2522e0085ca5b0f128910ac5,us_2028_presidential_nomination_general,[],rejected,rejected,ineligible,ineligible,research_only,missing required world-context rule,,1,1778587447781,561230,565065,Will Gavin Newsom win the 2028 US Presidential Election?,Will the Democrats win the 2028 US Presidential Election?,rejected,candidate_to_party_dependency,
78a1800e35ef078a812e0051a203633d,0588919fb5757ba381b2acd9e49a13ac,us_2028_presidential_nomination_general,[],rejected,rejected,ineligible,ineligible,research_only,missing required world-context rule,,1,1778587447764,561263,565064,Will Eric Trump win the 2028 US Presidential Election?,Will the Republicans win the 2028 US Presidential Election?,rejected,candidate_to_party_dependency,
561072455b8543d6e3736b569c0b41af,0757dba0a05e54599e481c229b5c61cf,us_2028_presidential_nomination_general,"[""us_nomination_general_not_deterministic_v1""]",needs_manual_review,needs_manual_review,ineligible,ineligible,analysis_only,context rule explicitly keeps this relationship analysis-only,nomination_general_not_deterministic:pending:0.90,1,1778587447602,561242,561976,Will Tulsi Gabbard win the 2028 US Presidential Election?,Will Tulsi Gabbard win the 2028 Republican presidential nomination?,rejected,nomination_to_general_dependency,
944418285cacf0a0264e6ef6051c0b5b,08f3aac10db26432a45c16b66e950080,us_2028_presidential_nomination_general,[],rejected,rejected,ineligible,ineligible,research_only,missing required world-context rule,,1,1778587447772,561246,565065,Will Ron DeSantis win the 2028 US Presidential Election?,Will the Democrats win the 2028 US Presidential Election?,rejected,candidate_to_party_dependency,
eb4b0e5868af39090e7343594a61c240,0a46a3c67826638e3f0bcb5e386c397b,us_2028_presidential_nomination_general,[],rejected,rejected,ineligible,ineligible,research_only,missing required world-context rule,,1,1778587447773,561260,565065,Will Thomas Massie win the 2028 US Presidential Election?,Will the Democrats win the 2028 US Presidential Election?,rejected,candidate_to_party_dependency,
3c1b526d59b64a895944a9040df40cae,0bdd77d3e422f310da192706152eb3c6,us_2028_presidential_nomination_general,[],rejected,rejected,ineligible,ineligible,research_only,missing required world-context rule,,1,1778587447759,561259,565064,Will Ro Khanna win the 2028 US Presidential Election?,Will the Republicans win the 2028 US Presidential Election?,rejected,candidate_to_party_dependency,
258b1c06cd50920c5cacfeb03d7b8efa,0c2bbb1172ebad2c914731d5b11944f4,us_2028_presidential_nomination_general,[],rejected,rejected,ineligible,ineligible,research_only,missing required world-context rule,,1,1778587447789,561262,565064,Will James Talarico win the 2028 US Presidential Election?,Will the Republicans win the 2028 US Presidential Election?,rejected,candidate_to_party_dependency,
e0d2a947e07abceccb8d0edce2ff3db6,0c6b92b7277bcc75dc61ab8ee3c319cb,us_2028_presidential_nomination_general,[],rejected,rejected,ineligible,ineligible,research_only,missing required world-context rule,,1,1778587447775,561263,565065,Will Eric Trump win the 2028 US Presidential Election?,Will the Democrats win the 2028 US Presidential Election?,rejected,candidate_to_party_dependency,
fb93378f7dab551d7bf1630d23b80c83,0fd03a5450fa049fe88aba1635a46d26,us_2028_presidential_nomination_general,[],rejected,rejected,ineligible,ineligible,research_only,missing required world-context rule,,1,1778587447786,561256,565064,Will Zohran Mamdani win the 2028 US Presidential Election?,Will the Republicans win the 2028 US Presidential Election?,rejected,candidate_to_party_dependency,
82d0831b3ab259467e7fc5eea3e8fdcd,11297a83a431c39fb5e2debf36ca336e,us_2028_presidential_nomination_general,[],rejected,rejected,ineligible,ineligible,research_only,missing required world-context rule,,1,1778587447774,561231,565064,Will Alexandria Ocasio-Cortez win the 2028 US Presidential Election?,Will the Republicans win the 2028 US Presidential Election?,rejected,candidate_to_party_dependency,
87a12ff49a96104b081974af10854483,17feb22f47cb4979505c2426b7de7de9,us_2028_presidential_nomination_general,[],rejected,rejected,ineligible,ineligible,research_only,missing required world-context rule,,1,1778587447774,561254,565064,Will Kim Kardashian win the 2028 US Presidential Election?,Will the Republicans win the 2028 US Presidential Election?,rejected,candidate_to_party_dependency,
bfefdd04f86beab75d6d215dd7b0f8c0,18fb149ec147379b34dea643cb9f5222,us_2028_presidential_nomination_general,[],rejected,rejected,ineligible,ineligible,research_only,missing required world-context rule,,1,1778587447796,561251,565064,Will LeBron James win the 2028 US Presidential Election?,Will the Republicans win the 2028 US Presidential Election?,rejected,candidate_to_party_dependency,
0c8b3089815b1d1df0ef0dc30d6bc2d3,1c302d09aad4deb9ff7250e3c822df1d,us_2028_presidential_nomination_general,"[""us_nomination_general_not_deterministic_v1""]",needs_manual_review,needs_manual_review,ineligible,ineligible,analysis_only,context rule explicitly keeps this relationship analysis-only,nomination_general_not_deterministic:pending:0.90,1,1778587447601,561238,561977,Will Glenn Youngkin win the 2028 US Presidential Election?,Will Glenn Youngkin win the 2028 Republican presidential nomination?,rejected,nomination_to_general_dependency,
bc4865f9c92d6348551ac4e756d0ecb8,2502768162b199ed335812829da2d413,us_2028_presidential_nomination_general,[],rejected,rejected,ineligible,ineligible,research_only,missing required world-context rule,,1,1778587447781,561252,565065,Will Dwayne 'The Rock' Johnson win the 2028 US Presidential Election?,Will the Democrats win the 2028 US Presidential Election?,rejected,candidate_to_party_dependency,
497e33c5cf9315c58b01b0bf1c802165,270d24767c9562847fa4314296c5b634,us_2028_presidential_nomination_general,[],rejected,rejected,ineligible,ineligible,research_only,missing required world-context rule,,1,1778587447791,561233,565064,Will Josh Shapiro win the 2028 US Presidential Election?,Will the Republicans win the 2028 US Presidential Election?,rejected,candidate_to_party_dependency,
10039735afa9be5f20e7c78c64b80c6d,2d25494e96480450e77183ad9b2454a9,us_2028_presidential_nomination_general,[],rejected,rejected,ineligible,ineligible,research_only,missing required world-context rule,,1,1778587447774,561248,565064,Will Vivek Ramaswamy win the 2028 US Presidential Election?,Will the Republicans win the 2028 US Presidential Election?,rejected,candidate_to_party_dependency,
9bf22e90b68ffd77af505a3f23eb9c55,2d911c0905127bffd7fd430f4b610760,us_2028_presidential_nomination_general,"[""us_nomination_general_not_deterministic_v1""]",needs_manual_review,needs_manual_review,ineligible,ineligible,analysis_only,context rule explicitly keeps this relationship analysis-only,nomination_general_not_deterministic:pending:0.90,1,1778587447601,559654,561232,Will Pete Buttigieg win the 2028 Democratic presidential nomination?,Will Pete Buttigieg win the 2028 US Presidential Election?,rejected,nomination_to_general_dependency,
faa42f395193862ace9295d7728ad527,2de26bc261398987df16efb1545e1843,us_2028_presidential_nomination_general,"[""us_nomination_general_not_deterministic_v1""]",needs_manual_review,needs_manual_review,ineligible,ineligible,analysis_only,context rule explicitly keeps this relationship analysis-only,nomination_general_not_deterministic:pending:0.90,1,1778587447604,561264,562008,Will Pete Hegseth win the 2028 US Presidential Election?,Will Pete Hegseth win the 2028 Republican presidential nomination?,rejected,nomination_to_general_dependency,
214c581c689a2b2808373c728bde7a45,2f0acba9f0f6fa8c16d05b347b168757,us_2028_presidential_nomination_general,[],rejected,rejected,ineligible,ineligible,research_only,missing required world-context rule,,1,1778587447778,561253,565065,Will Tucker Carlson win the 2028 US Presidential Election?,Will the Democrats win the 2028 US Presidential Election?,rejected,candidate_to_party_dependency,
2422bc4133016e2ccfded1a5eba94a40,2f712e642673ecb9a5e9a9ac4f5ecb82,us_2028_presidential_nomination_general,[],rejected,rejected,ineligible,ineligible,research_only,missing required world-context rule,,1,1778587447774,561243,565065,Will Donald Trump win the 2028 US Presidential Election?,Will the Democrats win the 2028 US Presidential Election?,rejected,candidate_to_party_dependency,
1761344bbb074a0b4d1501c96317279a,32aab9963a4f36a90e88aea93c00d33a,us_2028_presidential_nomination_general,[],rejected,rejected,ineligible,ineligible,research_only,missing required world-context rule,,1,1778587447780,561244,565065,Will Donald Trump Jr. win the 2028 US Presidential Election?,Will the Democrats win the 2028 US Presidential Election?,rejected,candidate_to_party_dependency,
6c16d42ce496615da1f479f478b4f02c,33c741f36ffaa2666f3fbcf2ff1de4dc,us_2028_presidential_nomination_general,[],rejected,rejected,ineligible,ineligible,research_only,missing required world-context rule,,1,1778587447774,561232,565064,Will Pete Buttigieg win the 2028 US Presidential Election?,Will the Republicans win the 2028 US Presidential Election?,rejected,candidate_to_party_dependency,
19b0c08bd5d8352fc720761fa64de208,351d1fdb96c8437bcc50c9efdc849634,us_2028_presidential_nomination_general,[],rejected,rejected,ineligible,ineligible,research_only,missing required world-context rule,,1,1778587447779,561239,565064,Will Kamala Harris win the 2028 US Presidential Election?,Will the Republicans win the 2028 US Presidential Election?,rejected,candidate_to_party_dependency,
3206d0c84807d1992305593d70747962,38155e7ac6731e5aec259ee31b612f51,us_2028_presidential_nomination_general,[],rejected,rejected,ineligible,ineligible,research_only,missing required world-context rule,,1,1778587447779,561264,565065,Will Pete Hegseth win the 2028 US Presidential Election?,Will the Democrats win the 2028 US Presidential Election?,rejected,candidate_to_party_dependency,
851d68a001ff5fdafb61eceb127aea5a,3aae3cb1b2ec3730bfac0f54ce120dc9,us_2028_presidential_nomination_general,"[""us_nomination_general_not_deterministic_v1""]",needs_manual_review,needs_manual_review,ineligible,ineligible,analysis_only,context rule explicitly keeps this relationship analysis-only,nomination_general_not_deterministic:pending:0.90,1,1778587447620,561254,562003,Will Kim Kardashian win the 2028 US Presidential Election?,Will Kim Kardashian win the 2028 Republican presidential nomination?,rejected,nomination_to_general_dependency,
b48ac95525d456262496a703e323d43f,3ab9645d3305aa7753a43e4712fec8e6,us_2028_presidential_nomination_general,[],rejected,rejected,ineligible,ineligible,research_only,missing required world-context rule,,1,1778587447778,561260,565064,Will Thomas Massie win the 2028 US Presidential Election?,Will the Republicans win the 2028 US Presidential Election?,rejected,candidate_to_party_dependency,
a0caf8687f07e8577ca6cdfd93468d15,3c339f59ff666afdd8ea9906149a1eb0,us_2028_presidential_nomination_general,[],rejected,rejected,ineligible,ineligible,research_only,missing required world-context rule,,1,1778587447763,561238,565065,Will Glenn Youngkin win the 2028 US Presidential Election?,Will the Democrats win the 2028 US Presidential Election?,rejected,candidate_to_party_dependency,
66f1b38ee975dd24d71ad23953daa980,3c4c4d4734389fadaed96d4f40e0c654,us_2028_presidential_nomination_general,"[""us_nomination_general_not_deterministic_v1""]",needs_manual_review,needs_manual_review,ineligible,ineligible,analysis_only,context rule explicitly keeps this relationship analysis-only,nomination_general_not_deterministic:pending:0.90,1,1778587447592,561250,561990,Will Elon Musk win the 2028 US Presidential Election?,Will Elon Musk win the 2028 Republican presidential nomination?,rejected,nomination_to_general_dependency,
44b0239ee946fa9a3ee1956a6045e352,3d634456c3026c071a0457c05dc4f462,us_2028_presidential_nomination_general,"[""us_nomination_general_not_deterministic_v1""]",needs_manual_review,needs_manual_review,ineligible,ineligible,analysis_only,context rule explicitly keeps this relationship analysis-only,nomination_general_not_deterministic:pending:0.90,1,1778587447609,561253,561996,Will Tucker Carlson win the 2028 US Presidential Election?,Will Tucker Carlson win the 2028 Republican presidential nomination?,rejected,nomination_to_general_dependency,
752a0bc15908a9fe91cf5a26a0cf7652,3e724fd557311a758d2ff30d51f096d4,us_2028_presidential_nomination_general,[],rejected,rejected,ineligible,ineligible,research_only,missing required world-context rule,,1,1778587447774,561257,565064,Will Michelle Obama win the 2028 US Presidential Election?,Will the Republicans win the 2028 US Presidential Election?,rejected,candidate_to_party_dependency,
c7a619615453cc9eeebc795bba2020b4,418590bdf1fce3b701b0dbf876edeb79,us_2028_presidential_nomination_general,"[""us_nomination_general_not_deterministic_v1""]",needs_manual_review,needs_manual_review,ineligible,ineligible,analysis_only,context rule explicitly keeps this relationship analysis-only,nomination_general_not_deterministic:pending:0.90,1,1778587447605,559652,561230,Will Gavin Newsom win the 2028 Democratic presidential nomination?,Will Gavin Newsom win the 2028 US Presidential Election?,rejected,nomination_to_general_dependency,
675f6a6ed64ebeec19289487644bcd72,4ceb6c57b9a9908fcbbbe636c2b57b9d,us_2028_presidential_nomination_general,"[""us_nomination_general_not_deterministic_v1""]",needs_manual_review,needs_manual_review,ineligible,ineligible,analysis_only,context rule explicitly keeps this relationship analysis-only,nomination_general_not_deterministic:pending:0.90,1,1778587447594,559658,561239,Will Kamala Harris win the 2028 Democratic presidential nomination?,Will Kamala Harris win the 2028 US Presidential Election?,rejected,nomination_to_general_dependency,
10cda3d469732eb922046d22fd04e8c5,5523209e676b059e80540211313918fc,us_2028_presidential_nomination_general,[],rejected,rejected,ineligible,ineligible,research_only,missing required world-context rule,,1,1778587447787,561249,565065,Will Greg Abbott win the 2028 US Presidential Election?,Will the Democrats win the 2028 US Presidential Election?,rejected,candidate_to_party_dependency,
7d982809e2734d7e685c162228d543ab,55c2d8572e14422eb9d47ccfd590a2e7,us_2028_presidential_nomination_general,"[""us_nomination_general_not_deterministic_v1""]",needs_manual_review,needs_manual_review,ineligible,ineligible,analysis_only,context rule explicitly keeps this relationship analysis-only,nomination_general_not_deterministic:pending:0.90,1,1778587447606,559659,561236,Will Gretchen Whitmer win the 2028 Democratic presidential nomination?,Will Gretchen Whitmer win the 2028 US Presidential Election?,rejected,nomination_to_general_dependency,
c45760e4a000a9230e83336b5d4328ab,5a13d948bddde820b36f6b176f42c66a,us_2028_presidential_nomination_general,[],rejected,rejected,ineligible,ineligible,research_only,missing required world-context rule,,1,1778587447775,561229,565065,Will JD Vance win the 2028 US Presidential Election?,Will the Democrats win the 2028 US Presidential Election?,rejected,candidate_to_party_dependency,
1fadd6fb95509aef897a631e3989702a,5b9170e0c89e0e7ad7bb127a5796d918,us_2028_presidential_nomination_general,"[""us_nomination_general_not_deterministic_v1""]",needs_manual_review,needs_manual_review,ineligible,ineligible,analysis_only,context rule explicitly keeps this relationship analysis-only,nomination_general_not_deterministic:pending:0.90,1,1778587447600,559666,561247,Will Tim Walz win the 2028 Democratic presidential nomination?,Will Tim Walz win the 2028 US Presidential Election?,rejected,nomination_to_general_dependency,
b3b449e8cd464c6ca8b042756cc6e495,5e4f3398e379448f6f4bd5b880fda170,us_2028_presidential_nomination_general,[],rejected,rejected,ineligible,ineligible,research_only,missing required world-context rule,,1,1778587447785,561231,565065,Will Alexandria Ocasio-Cortez win the 2028 US Presidential Election?,Will the Democrats win the 2028 US Presidential Election?,rejected,candidate_to_party_dependency,
f744a2f6c824d7d380f662c037234f2f,61dd190553f0361fc726b37bcc3b5775,us_2028_presidential_nomination_general,[],rejected,rejected,ineligible,ineligible,research_only,missing required world-context rule,,1,1778587447772,561242,565064,Will Tulsi Gabbard win the 2028 US Presidential Election?,Will the Republicans win the 2028 US Presidential Election?,rejected,candidate_to_party_dependency,
78a872484705ac340de1c74107476217,671c63a001cfdfe037255346d48f4dd6,us_2028_presidential_nomination_general,"[""us_nomination_general_not_deterministic_v1""]",needs_manual_review,needs_manual_review,ineligible,ineligible,analysis_only,context rule explicitly keeps this relationship analysis-only,nomination_general_not_deterministic:pending:0.90,1,1778587447596,559660,561237,Will Andy Beshear win the 2028 Democratic presidential nomination?,Will Andy Beshear win the 2028 US Presidential Election?,rejected,nomination_to_general_dependency,
ade05fccd411b0915a6202269163d7ae,67702d888fa0ce85614d831561f2d55b,us_2028_presidential_nomination_general,"[""us_nomination_general_not_deterministic_v1""]",needs_manual_review,needs_manual_review,ineligible,ineligible,analysis_only,context rule explicitly keeps this relationship analysis-only,nomination_general_not_deterministic:pending:0.90,1,1778587447596,559653,561231,Will Alexandria Ocasio-Cortez win the 2028 Democratic presidential nomination?,Will Alexandria Ocasio-Cortez win the 2028 US Presidential Election?,rejected,nomination_to_general_dependency,
d7553c6c82e9b02e62f970cb6533b565,6a7536dda972f3e6f43a55e64e479b68,us_2028_presidential_nomination_general,[],rejected,rejected,ineligible,ineligible,research_only,missing required world-context rule,,1,1778587447788,561233,565065,Will Josh Shapiro win the 2028 US Presidential Election?,Will the Democrats win the 2028 US Presidential Election?,rejected,candidate_to_party_dependency,
2b58bf8ba9fa044bc2b04f0f058cdcff,73c04070ff490857838b43f3a1787f6b,us_2028_presidential_nomination_general,[],rejected,rejected,ineligible,ineligible,research_only,missing required world-context rule,,1,1778587447764,561255,565064,Will Ivanka Trump win the 2028 US Presidential Election?,Will the Republicans win the 2028 US Presidential Election?,rejected,candidate_to_party_dependency,
d0f96b01155eac133c6179029aa9c8f6,74619b48e9320daafede268066cda94a,us_2028_presidential_nomination_general,[],rejected,rejected,ineligible,ineligible,research_only,missing required world-context rule,,1,1778587447784,561252,565064,Will Dwayne 'The Rock' Johnson win the 2028 US Presidential Election?,Will the Republicans win the 2028 US Presidential Election?,rejected,candidate_to_party_dependency,
4afc734120996236b9874e95a8d41bb8,77094e2876b43ddac6c2c45ce51c69f4,us_2028_presidential_nomination_general,[],rejected,rejected,ineligible,ineligible,research_only,missing required world-context rule,,1,1778587447778,561247,565065,Will Tim Walz win the 2028 US Presidential Election?,Will the Democrats win the 2028 US Presidential Election?,rejected,candidate_to_party_dependency,
bc48422a35ef4c99f88a7aec8badb08c,7a9cc4dbf932e4123f399332a534f1cb,us_2028_presidential_nomination_general,[],rejected,rejected,ineligible,ineligible,research_only,missing required world-context rule,,1,1778587447769,561253,565064,Will Tucker Carlson win the 2028 US Presidential Election?,Will the Republicans win the 2028 US Presidential Election?,rejected,candidate_to_party_dependency,
9b036f226133012ce2dc77e8f31883cb,7b13eefd6d90d2688ac31722ff8efe17,us_2028_presidential_nomination_general,"[""us_nomination_general_not_deterministic_v1""]",needs_manual_review,needs_manual_review,ineligible,ineligible,analysis_only,context rule explicitly keeps this relationship analysis-only,nomination_general_not_deterministic:pending:0.90,1,1778587447599,561260,562005,Will Thomas Massie win the 2028 US Presidential Election?,Will Thomas Massie win the 2028 Republican presidential nomination?,rejected,nomination_to_general_dependency,
fec86fc2dd83b9220e54e44f6861301f,7cdfdbb5ff8de218448e3fff3d31d9eb,us_2028_presidential_nomination_general,[],rejected,rejected,ineligible,ineligible,research_only,missing required world-context rule,,1,1778587447787,561249,565064,Will Greg Abbott win the 2028 US Presidential Election?,Will the Republicans win the 2028 US Presidential Election?,rejected,candidate_to_party_dependency,
4abd45846758efe7506f18808ddcb416,7d2c2f8b74ec402bdfaae1cea70a698c,us_2028_presidential_nomination_general,[],rejected,rejected,ineligible,ineligible,research_only,missing required world-context rule,,1,1778587447774,561239,565065,Will Kamala Harris win the 2028 US Presidential Election?,Will the Democrats win the 2028 US Presidential Election?,rejected,candidate_to_party_dependency,
a8755155464adc33ce143e79d1eed3e8,7d53deada47bec03cc46ad7b22d0eb6f,us_2028_presidential_nomination_general,[],rejected,rejected,ineligible,ineligible,research_only,missing required world-context rule,,1,1778587447769,561245,565065,Will Nikki Haley win the 2028 US Presidential Election?,Will the Democrats win the 2028 US Presidential Election?,rejected,candidate_to_party_dependency,
0a7c9efddf42027a5076f2a50e5da2da,7d620b6a5740a37d8cf88394d01f5c05,us_2028_presidential_nomination_general,[],rejected,rejected,ineligible,ineligible,research_only,missing required world-context rule,,1,1778587447786,561240,565064,Will Stephen Smith win the 2028 US Presidential Election?,Will the Republicans win the 2028 US Presidential Election?,rejected,candidate_to_party_dependency,
f545b9b43ea281c978f9334c0d66ab37,81bc17f1290a94cdc67b3f9e0af9ecea,us_2028_presidential_nomination_general,"[""us_nomination_general_not_deterministic_v1""]",needs_manual_review,needs_manual_review,ineligible,ineligible,analysis_only,context rule explicitly keeps this relationship analysis-only,nomination_general_not_deterministic:pending:0.90,1,1778587447604,561255,561998,Will Ivanka Trump win the 2028 US Presidential Election?,Will Ivanka Trump win the 2028 Republican presidential nomination?,rejected,nomination_to_general_dependency,
83f708932868568c4198b71d8bd8a054,85617d0a3fd12833ebbfd19f36eb8a84,us_2028_presidential_nomination_general,[],rejected,rejected,ineligible,ineligible,research_only,missing required world-context rule,,1,1778587447787,561262,565065,Will James Talarico win the 2028 US Presidential Election?,Will the Democrats win the 2028 US Presidential Election?,rejected,candidate_to_party_dependency,
3479a062681bb12a830064cf41bb2483,86c746a8180839a3673ca3029ae7384b,us_2028_presidential_nomination_general,[],rejected,rejected,ineligible,ineligible,research_only,missing required world-context rule,,1,1778587447781,561237,565065,Will Andy Beshear win the 2028 US Presidential Election?,Will the Democrats win the 2028 US Presidential Election?,rejected,candidate_to_party_dependency,
48312a845864a74f8306501920431880,8b937b1b819dbf225c72414c3b5653d9,us_2028_presidential_nomination_general,"[""us_nomination_general_not_deterministic_v1""]",needs_manual_review,needs_manual_review,ineligible,ineligible,analysis_only,context rule explicitly keeps this relationship analysis-only,nomination_general_not_deterministic:pending:0.90,1,1778587447594,559686,561252,Will Dwayne 'The Rock' Johnson win the 2028 Democratic presidential nomination?,Will Dwayne 'The Rock' Johnson win the 2028 US Presidential Election?,rejected,nomination_to_general_dependency,
1f69534590f378fe71f900a06eba7450,8c54d9a10d5386ce5266acdd320cf56a,us_2028_presidential_nomination_general,[],rejected,rejected,ineligible,ineligible,research_only,missing required world-context rule,,1,1778587447788,561234,565064,Will Marco Rubio win the 2028 US Presidential Election?,Will the Republicans win the 2028 US Presidential Election?,rejected,candidate_to_party_dependency,
1280508b6e6cf0f147f957a937f7575d,8cd78a1977f5200ff342e072bdd6bf15,us_2028_presidential_nomination_general,"[""us_nomination_general_not_deterministic_v1""]",needs_manual_review,needs_manual_review,ineligible,ineligible,analysis_only,context rule explicitly keeps this relationship analysis-only,nomination_general_not_deterministic:pending:0.90,1,1778587447595,559667,561257,Will Michelle Obama win the 2028 Democratic presidential nomination?,Will Michelle Obama win the 2028 US Presidential Election?,rejected,nomination_to_general_dependency,
71e8fd97a1be5e641e0fe930d8064248,8daf151f9737c385edbd72f358471e90,us_2028_presidential_nomination_general,[],rejected,rejected,ineligible,ineligible,research_only,missing required world-context rule,,1,1778587447764,561243,565064,Will Donald Trump win the 2028 US Presidential Election?,Will the Republicans win the 2028 US Presidential Election?,rejected,candidate_to_party_dependency,
8b2f14c66d78dec8b45d05dc60a162b7,9003ce2e15bbe67795cee885e20fcca1,us_2028_presidential_nomination_general,"[""us_nomination_general_not_deterministic_v1""]",needs_manual_review,needs_manual_review,ineligible,ineligible,analysis_only,context rule explicitly keeps this relationship analysis-only,nomination_general_not_deterministic:pending:0.90,1,1778587447586,559661,561261,Will Jon Ossoff win the 2028 Democratic presidential nomination?,Will Jon Ossoff win the 2028 US Presidential Election?,rejected,nomination_to_general_dependency,
815ce89809c4291408de1b3ae706b8f3,928a4c111dd6a7c0c55f8d344c4c3055,us_2028_presidential_nomination_general,[],rejected,rejected,ineligible,ineligible,research_only,missing required world-context rule,,1,1778587447774,561234,565065,Will Marco Rubio win the 2028 US Presidential Election?,Will the Democrats win the 2028 US Presidential Election?,rejected,candidate_to_party_dependency,
24cd0507096cc139ac58485d32766bf5,952b390ac22b54f8aa0636f70573f86c,us_2028_presidential_nomination_general,[],rejected,rejected,ineligible,ineligible,research_only,missing required world-context rule,,1,1778587447776,561256,565065,Will Zohran Mamdani win the 2028 US Presidential Election?,Will the Democrats win the 2028 US Presidential Election?,rejected,candidate_to_party_dependency,
595123893fe02573be9589d4e2c68e13,97196aacf20fbde444ef5da1d070710f,us_2028_presidential_nomination_general,[],rejected,rejected,ineligible,ineligible,research_only,missing required world-context rule,,1,1778587447773,561264,565064,Will Pete Hegseth win the 2028 US Presidential Election?,Will the Republicans win the 2028 US Presidential Election?,rejected,candidate_to_party_dependency,
3ccdaba00aa23ca67b314928ca1c9d19,97acf25caecb8c5f6128148612b5b595,us_2028_presidential_nomination_general,[],rejected,rejected,ineligible,ineligible,research_only,missing required world-context rule,,1,1778587447770,561257,565065,Will Michelle Obama win the 2028 US Presidential Election?,Will the Democrats win the 2028 US Presidential Election?,rejected,candidate_to_party_dependency,
0ff08d36276b7404b4d6f74c501fff86,9814f0b1f2c1e137cdd0f01081c9d79d,us_2028_presidential_nomination_general,"[""us_nomination_general_not_deterministic_v1""]",needs_manual_review,needs_manual_review,ineligible,ineligible,analysis_only,context rule explicitly keeps this relationship analysis-only,nomination_general_not_deterministic:pending:0.90,1,1778587447598,561248,561981,Will Vivek Ramaswamy win the 2028 US Presidential Election?,Will Vivek Ramaswamy win the 2028 Republican presidential nomination?,rejected,nomination_to_general_dependency,
40f88ed7cc06142aa72f310be783eb69,9d5e6da736426316f2d7b4d67325f2ae,us_2028_presidential_nomination_general,[],rejected,rejected,ineligible,ineligible,research_only,missing required world-context rule,,1,1778587447773,561236,565064,Will Gretchen Whitmer win the 2028 US Presidential Election?,Will the Republicans win the 2028 US Presidential Election?,rejected,candidate_to_party_dependency,
5208fd9ffc0ac9417ee034e5f343ff7e,9f2893717414b1728b2ee69dbc0da2fa,us_2028_presidential_nomination_general,[],rejected,rejected,ineligible,ineligible,research_only,missing required world-context rule,,1,1778587447783,561250,565064,Will Elon Musk win the 2028 US Presidential Election?,Will the Republicans win the 2028 US Presidential Election?,rejected,candidate_to_party_dependency,
37c21c4388fd2554b993b162d61ad92f,a32d8d6605c4ff9fc8381752bb637f2e,us_2028_presidential_nomination_general,"[""us_nomination_general_not_deterministic_v1""]",needs_manual_review,needs_manual_review,ineligible,ineligible,analysis_only,context rule explicitly keeps this relationship analysis-only,nomination_general_not_deterministic:pending:0.90,1,1778587447601,559655,561233,Will Josh Shapiro win the 2028 Democratic presidential nomination?,Will Josh Shapiro win the 2028 US Presidential Election?,rejected,nomination_to_general_dependency,
f48cc4b7b898490827edc7aa724841d4,a3967f58d5c4d476e90bb80f0245101f,us_2028_presidential_nomination_general,[],rejected,rejected,ineligible,ineligible,research_only,missing required world-context rule,,1,1778587447794,561261,565065,Will Jon Ossoff win the 2028 US Presidential Election?,Will the Democrats win the 2028 US Presidential Election?,rejected,candidate_to_party_dependency,
3642f097644d0f0d5501bc04187d4dba,ab29c3a650ebac63be8170393c149aec,us_2028_presidential_nomination_general,[],rejected,rejected,ineligible,ineligible,research_only,missing required world-context rule,,1,1778587447790,561261,565064,Will Jon Ossoff win the 2028 US Presidential Election?,Will the Republicans win the 2028 US Presidential Election?,rejected,candidate_to_party_dependency,
413ae57898f6c7fea4566dfa3d8ea3f6,afbb888cff6a11db64add1dcbd907460,us_2028_presidential_nomination_general,"[""us_nomination_general_not_deterministic_v1""]",needs_manual_review,needs_manual_review,ineligible,ineligible,analysis_only,context rule explicitly keeps this relationship analysis-only,nomination_general_not_deterministic:pending:0.90,1,1778587447607,561263,562006,Will Eric Trump win the 2028 US Presidential Election?,Will Eric Trump win the 2028 Republican presidential nomination?,rejected,nomination_to_general_dependency,
616d116f2aae9947473490c4f86833b1,b743524a9765856526ac4d811420a1ea,us_2028_presidential_nomination_general,[],rejected,rejected,ineligible,ineligible,research_only,missing required world-context rule,,1,1778587447767,561250,565065,Will Elon Musk win the 2028 US Presidential Election?,Will the Democrats win the 2028 US Presidential Election?,rejected,candidate_to_party_dependency,
25985accbbfa1cf1290993379900f646,b7af699c4c25cda7c7c5b16ee302e7fb,us_2028_presidential_nomination_general,[],rejected,rejected,ineligible,ineligible,research_only,missing required world-context rule,,1,1778587447774,561245,565064,Will Nikki Haley win the 2028 US Presidential Election?,Will the Republicans win the 2028 US Presidential Election?,rejected,candidate_to_party_dependency,
caf27df941d41ffa8b9d23d4138b8388,b8d6b154e8b43a925e92b9e27b42b848,us_2028_presidential_nomination_general,[],rejected,rejected,ineligible,ineligible,research_only,missing required world-context rule,,1,1778587447788,561230,565064,Will Gavin Newsom win the 2028 US Presidential Election?,Will the Republicans win the 2028 US Presidential Election?,rejected,candidate_to_party_dependency,
8e51ffab8e3409f9f53431b8f5dbfd72,be516ec12277ab08f0637154e1ba5060,us_2028_presidential_nomination_general,[],rejected,rejected,ineligible,ineligible,research_only,missing required world-context rule,,1,1778587447767,561242,565065,Will Tulsi Gabbard win the 2028 US Presidential Election?,Will the Democrats win the 2028 US Presidential Election?,rejected,candidate_to_party_dependency,
cff54c4a15e69aa849b15ef94b887a31,c16c87976c39bf32c46a238058a19da0,us_2028_presidential_nomination_general,"[""us_nomination_general_not_deterministic_v1""]",needs_manual_review,needs_manual_review,ineligible,ineligible,analysis_only,context rule explicitly keeps this relationship analysis-only,nomination_general_not_deterministic:pending:0.90,1,1778587447607,561243,561973,Will Donald Trump win the 2028 US Presidential Election?,Will Donald Trump win the 2028 Republican presidential nomination?,rejected,nomination_to_general_dependency,
8286de02bc1cf3c36d343528cd476b07,c30a8da72e76b3fbb882e493f3e647a9,us_2028_presidential_nomination_general,"[""us_nomination_general_not_deterministic_v1""]",needs_manual_review,needs_manual_review,ineligible,ineligible,analysis_only,context rule explicitly keeps this relationship analysis-only,nomination_general_not_deterministic:pending:0.90,1,1778587447610,559656,561235,Will Wes Moore win the 2028 Democratic presidential nomination?,Will Wes Moore win the 2028 US Presidential Election?,rejected,nomination_to_general_dependency,
e52ab7440bd10715ba163d8a82b69d02,c4ac702878118991a81f3c0460e855ba,us_2028_presidential_nomination_general,[],rejected,rejected,ineligible,ineligible,research_only,missing required world-context rule,,1,1778587447767,561241,565065,Will JB Pritzker win the 2028 US Presidential Election?,Will the Democrats win the 2028 US Presidential Election?,rejected,candidate_to_party_dependency,
15b3c9632f4438a501ffa08f884f5216,cce6da878f0f5fd8d1c06e2049d0674c,us_2028_presidential_nomination_general,[],rejected,rejected,ineligible,ineligible,research_only,missing required world-context rule,,1,1778587447772,561258,565065,Will Jamie Dimon win the 2028 US Presidential Election?,Will the Democrats win the 2028 US Presidential Election?,rejected,candidate_to_party_dependency,
71d8fd5164d420a4781b218192e051ad,ce1403a76b3c8a70b5e36e97d0a18741,us_2028_presidential_nomination_general,"[""us_nomination_general_not_deterministic_v1""]",needs_manual_review,needs_manual_review,ineligible,ineligible,analysis_only,context rule explicitly keeps this relationship analysis-only,nomination_general_not_deterministic:pending:0.90,1,1778587447589,561234,561975,Will Marco Rubio win the 2028 US Presidential Election?,Will Marco Rubio win the 2028 Republican presidential nomination?,rejected,nomination_to_general_dependency,
f3a599847633d6dd654d4fb871a4efb9,cec0db338843fe1406f15edb794b2acd,us_2028_presidential_nomination_general,"[""us_nomination_general_not_deterministic_v1""]",needs_manual_review,needs_manual_review,ineligible,ineligible,analysis_only,context rule explicitly keeps this relationship analysis-only,nomination_general_not_deterministic:pending:0.90,1,1778587447605,561246,561979,Will Ron DeSantis win the 2028 US Presidential Election?,Will Ron DeSantis win the 2028 Republican presidential nomination?,rejected,nomination_to_general_dependency,
860a74f5f08af9b2f732af51b895c0d0,cf16259291f23bb8c092833634ff60b6,us_2028_presidential_nomination_general,[],rejected,rejected,ineligible,ineligible,research_only,missing required world-context rule,,1,1778587447777,561246,565064,Will Ron DeSantis win the 2028 US Presidential Election?,Will the Republicans win the 2028 US Presidential Election?,rejected,candidate_to_party_dependency,
8b07a5dfb034c63aa212be5419543068,d1665f8688af505f6969f6abefb096d6,us_2028_presidential_nomination_general,"[""us_nomination_general_not_deterministic_v1""]",needs_manual_review,needs_manual_review,ineligible,ineligible,analysis_only,context rule explicitly keeps this relationship analysis-only,nomination_general_not_deterministic:pending:0.90,1,1778587447601,559694,561259,Will Ro Khanna win the 2028 Democratic presidential nomination?,Will Ro Khanna win the 2028 US Presidential Election?,rejected,nomination_to_general_dependency,
a6d376fc3c54a8744e854a34e8f1e45f,d2054254e1430861a52539edb8dcac23,us_2028_presidential_nomination_general,[],rejected,rejected,ineligible,ineligible,research_only,missing required world-context rule,,1,1778587447770,561248,565065,Will Vivek Ramaswamy win the 2028 US Presidential Election?,Will the Democrats win the 2028 US Presidential Election?,rejected,candidate_to_party_dependency,
1312fa9c5c1d6c1d65dfff1b1264a8f0,d35f569ac408a0ba9f40f9907354980f,us_2028_presidential_nomination_general,[],rejected,rejected,ineligible,ineligible,research_only,missing required world-context rule,,1,1778587447785,561229,565064,Will JD Vance win the 2028 US Presidential Election?,Will the Republicans win the 2028 US Presidential Election?,rejected,candidate_to_party_dependency,
369725b9576c11fed861fb95cfe76ba8,d68a65b2990858769cc835f83b337be6,us_2028_presidential_nomination_general,[],rejected,rejected,ineligible,ineligible,research_only,missing required world-context rule,,1,1778587447776,561240,565065,Will Stephen Smith win the 2028 US Presidential Election?,Will the Democrats win the 2028 US Presidential Election?,rejected,candidate_to_party_dependency,
8e4229fd63d401d26c5439ed4bbe65b1,d6f3e0670c0e7765406d5af2709303ed,us_2028_presidential_nomination_general,"[""us_nomination_general_not_deterministic_v1""]",needs_manual_review,needs_manual_review,ineligible,ineligible,analysis_only,context rule explicitly keeps this relationship analysis-only,nomination_general_not_deterministic:pending:0.90,1,1778587447593,561245,561980,Will Nikki Haley win the 2028 US Presidential Election?,Will Nikki Haley win the 2028 Republican presidential nomination?,rejected,nomination_to_general_dependency,
302b35c29a1ebec209cce171078857b3,d83ea6ad30dbdbf28a07297bbba46ff2,us_2028_presidential_nomination_general,"[""us_nomination_general_not_deterministic_v1""]",needs_manual_review,needs_manual_review,ineligible,ineligible,analysis_only,context rule explicitly keeps this relationship analysis-only,nomination_general_not_deterministic:pending:0.90,1,1778587447585,559695,561262,Will James Talarico win the 2028 Democratic presidential nomination?,Will James Talarico win the 2028 US Presidential Election?,rejected,nomination_to_general_dependency,
226008cb57bbac8f0d3cae3b7639caad,de09480270f8bde54b9c400673afde66,us_2028_presidential_nomination_general,[],rejected,rejected,ineligible,ineligible,research_only,missing required world-context rule,,1,1778587447774,561255,565065,Will Ivanka Trump win the 2028 US Presidential Election?,Will the Democrats win the 2028 US Presidential Election?,rejected,candidate_to_party_dependency,
5364757bcba5066ae60ef5ccd47029ed,e3c8cb56e29404983d6aa0a3514460ff,us_2028_presidential_nomination_general,[],rejected,rejected,ineligible,ineligible,research_only,missing required world-context rule,,1,1778587447776,561247,565064,Will Tim Walz win the 2028 US Presidential Election?,Will the Republicans win the 2028 US Presidential Election?,rejected,candidate_to_party_dependency,
771378ccc1e4e273b244124e26aaf68e,e508aab11f8716a1a97c4896885b4a23,us_2028_presidential_nomination_general,[],rejected,rejected,ineligible,ineligible,research_only,missing required world-context rule,,1,1778587447779,561235,565065,Will Wes Moore win the 2028 US Presidential Election?,Will the Democrats win the 2028 US Presidential Election?,rejected,candidate_to_party_dependency,
7eea9650d83e98e0b46074102a77afa1,e5267754e49a11237e3cd6f4d4a5eda2,us_2028_presidential_nomination_general,"[""us_nomination_general_not_deterministic_v1""]",needs_manual_review,needs_manual_review,ineligible,ineligible,analysis_only,context rule explicitly keeps this relationship analysis-only,nomination_general_not_deterministic:pending:0.90,1,1778587447595,559671,561256,Will Zohran Mamdani win the 2028 Democratic presidential nomination?,Will Zohran Mamdani win the 2028 US Presidential Election?,rejected,nomination_to_general_dependency,
0361fb2f2a791d75296686525f05b10d,e531f38d0b9ea14c827b8fea20c8388f,us_2028_presidential_nomination_general,[],rejected,rejected,ineligible,ineligible,research_only,missing required world-context rule,,1,1778587447770,561237,565064,Will Andy Beshear win the 2028 US Presidential Election?,Will the Republicans win the 2028 US Presidential Election?,rejected,candidate_to_party_dependency,
acf674c6cb95ae04028ce3224491d782,e578cddccb941a961f98472028c115bd,us_2028_presidential_nomination_general,[],rejected,rejected,ineligible,ineligible,research_only,missing required world-context rule,,1,1778587447784,561232,565065,Will Pete Buttigieg win the 2028 US Presidential Election?,Will the Democrats win the 2028 US Presidential Election?,rejected,candidate_to_party_dependency,
d412ce7e8a812c7bdadcde57a1e53c3a,e602b8cb88b133424c34496b91dcd2b7,us_2028_presidential_nomination_general,"[""us_nomination_general_not_deterministic_v1""]",needs_manual_review,needs_manual_review,ineligible,ineligible,analysis_only,context rule explicitly keeps this relationship analysis-only,nomination_general_not_deterministic:pending:0.90,1,1778587447606,561249,561983,Will Greg Abbott win the 2028 US Presidential Election?,Will Greg Abbott win the 2028 Republican presidential nomination?,rejected,nomination_to_general_dependency,
00b63d256c9bdae236501c15e4f20d33,e8af3932bb64f988367dcce26d335be2,us_2028_presidential_nomination_general,[],rejected,rejected,ineligible,ineligible,research_only,missing required world-context rule,,1,1778587447781,561254,565065,Will Kim Kardashian win the 2028 US Presidential Election?,Will the Democrats win the 2028 US Presidential Election?,rejected,candidate_to_party_dependency,
790e2071d682c93557e2c14d0f7588f2,e8c3db08926b95fb54eaba299b766d6d,us_2028_presidential_nomination_general,[],rejected,rejected,ineligible,ineligible,research_only,missing required world-context rule,,1,1778587447776,561259,565065,Will Ro Khanna win the 2028 US Presidential Election?,Will the Democrats win the 2028 US Presidential Election?,rejected,candidate_to_party_dependency,
9f59ac2fcb812eb73d4e82935e631d04,e906fb1dbba51adc13f45ab47f8f391a,us_2028_presidential_nomination_general,[],rejected,rejected,ineligible,ineligible,research_only,missing required world-context rule,,1,1778587447782,561238,565064,Will Glenn Youngkin win the 2028 US Presidential Election?,Will the Republicans win the 2028 US Presidential Election?,rejected,candidate_to_party_dependency,
7ab72cb8cd3bebb2eba202b62dd7a95a,e916b1eed9b2b3dca25064c383a4cb55,us_2028_presidential_nomination_general,[],rejected,rejected,ineligible,ineligible,research_only,missing required world-context rule,,1,1778587447783,561244,565064,Will Donald Trump Jr. win the 2028 US Presidential Election?,Will the Republicans win the 2028 US Presidential Election?,rejected,candidate_to_party_dependency,
08511dc985900b75150033161b8bce15,e95b6dcecc0de2e23c0043829de0c4c2,us_2028_presidential_nomination_general,[],rejected,rejected,ineligible,ineligible,research_only,missing required world-context rule,,1,1778587447777,561258,565064,Will Jamie Dimon win the 2028 US Presidential Election?,Will the Republicans win the 2028 US Presidential Election?,rejected,candidate_to_party_dependency,
e51a2ec5d851f4adce10838aa1139a34,eafa282f1fe3c2034c6e7000af2a36f1,us_2028_presidential_nomination_general,"[""us_nomination_general_not_deterministic_v1""]",needs_manual_review,needs_manual_review,ineligible,ineligible,analysis_only,context rule explicitly keeps this relationship analysis-only,nomination_general_not_deterministic:pending:0.90,1,1778587447591,561244,561978,Will Donald Trump Jr. win the 2028 US Presidential Election?,Will Donald Trump Jr. win the 2028 Republican presidential nomination?,rejected,nomination_to_general_dependency,
a88884167b1d279909dea2fe5eac9ae5,eb3a5dbeda50cda3d8ebb7efb0ec27ac,us_2028_presidential_nomination_general,"[""us_nomination_general_not_deterministic_v1""]",needs_manual_review,needs_manual_review,ineligible,ineligible,analysis_only,context rule explicitly keeps this relationship analysis-only,nomination_general_not_deterministic:pending:0.90,1,1778587447592,559681,561251,Will LeBron James win the 2028 Democratic presidential nomination?,Will LeBron James win the 2028 US Presidential Election?,rejected,nomination_to_general_dependency,
a242ace26d292ff219b81db82920fa71,eff3afd7267974c0dec2d5b346542051,us_2028_presidential_nomination_general,[],rejected,rejected,ineligible,ineligible,research_only,missing required world-context rule,,1,1778587447767,561236,565065,Will Gretchen Whitmer win the 2028 US Presidential Election?,Will the Democrats win the 2028 US Presidential Election?,rejected,candidate_to_party_dependency,
75526d35305fb8a8bd521279c4a6ca59,f2882bb64692933a9e7adb47e2ad9452,us_2028_presidential_nomination_general,[],rejected,rejected,ineligible,ineligible,research_only,missing required world-context rule,,1,1778587447765,561241,565064,Will JB Pritzker win the 2028 US Presidential Election?,Will the Republicans win the 2028 US Presidential Election?,rejected,candidate_to_party_dependency,
be7eaa066a15b727ae41b844e63b48d5,f5f3dd0e7bd76afdd722395e9500eda0,us_2028_presidential_nomination_general,[],rejected,rejected,ineligible,ineligible,research_only,missing required world-context rule,,1,1778587447796,561251,565065,Will LeBron James win the 2028 US Presidential Election?,Will the Democrats win the 2028 US Presidential Election?,rejected,candidate_to_party_dependency,
66ccea2adf5d51660246201121636292,f91baba31c7cbd931f2ad3a8ce640780,us_2028_presidential_nomination_general,"[""us_nomination_general_not_deterministic_v1""]",needs_manual_review,needs_manual_review,ineligible,ineligible,analysis_only,context rule explicitly keeps this relationship analysis-only,nomination_general_not_deterministic:pending:0.90,1,1778587447609,559690,561254,Will Kim Kardashian win the 2028 Democratic presidential nomination?,Will Kim Kardashian win the 2028 US Presidential Election?,rejected,nomination_to_general_dependency,
ced6a41e13617390f230aa054b6abaa0,fbd613ce2942adb17aa0e7940d02c2d1,us_2028_presidential_nomination_general,[],rejected,rejected,ineligible,ineligible,research_only,missing required world-context rule,,1,1778587447777,561235,565064,Will Wes Moore win the 2028 US Presidential Election?,Will the Republicans win the 2028 US Presidential Election?,rejected,candidate_to_party_dependency,
