fees_usdc,fill_price,fill_ts_ms,first_entry_or_reentry,gross_edge,label,leg,net_edge_after_cost,notional_usdc,preset_name,relationship_id,shares,slippage_cost_usdc,space_attribution_status,space_id,strategy_family,template_id,token_id,trade_id,violation_window_id
0.0,0.4824,1758243610000,first,0.07,RESEARCH-ONLY — exploratory_trade_surface,a,0.06,5.0,exploratory_trade_surface,76405aef13934b11bd2be96b93e36dc8,10.364842454394694,0.025,context_space,2026_us_presidential_election_candidate_winner,mutual_exclusion,,106302272146511626715366732538958019243031587527887799373406690681902311718700,21439535d5c74ddbb9e70654518b3950,3fb2ebc3f88a516aa5c3fea6
0.0,0.59295,1758243610000,first,0.07,RESEARCH-ONLY — exploratory_trade_surface,b,0.06,5.0,exploratory_trade_surface,76405aef13934b11bd2be96b93e36dc8,8.432414200185512,0.025,context_space,2026_us_presidential_election_candidate_winner,mutual_exclusion,,79191939610100241429039499950443680906623179487184628479206155805558220344190,87655780cf1e4c659fef525c8995233a,3fb2ebc3f88a516aa5c3fea6
0.0,0.4824,1758247210000,reentry,0.07,RESEARCH-ONLY — exploratory_trade_surface,a,0.06,5.0,exploratory_trade_surface,76405aef13934b11bd2be96b93e36dc8,10.364842454394694,0.025,context_space,2026_us_presidential_election_candidate_winner,mutual_exclusion,,106302272146511626715366732538958019243031587527887799373406690681902311718700,029b30766b9441a59214e2a6ebc4f48c,3fb2ebc3f88a516aa5c3fea6
0.0,0.59295,1758247210000,reentry,0.07,RESEARCH-ONLY — exploratory_trade_surface,b,0.06,5.0,exploratory_trade_surface,76405aef13934b11bd2be96b93e36dc8,8.432414200185512,0.025,context_space,2026_us_presidential_election_candidate_winner,mutual_exclusion,,79191939610100241429039499950443680906623179487184628479206155805558220344190,f9cc44dee62442359721737e8d1a0007,3fb2ebc3f88a516aa5c3fea6
0.0,0.4824,1758250810000,reentry,0.07,RESEARCH-ONLY — exploratory_trade_surface,a,0.06,5.0,exploratory_trade_surface,76405aef13934b11bd2be96b93e36dc8,10.364842454394694,0.025,context_space,2026_us_presidential_election_candidate_winner,mutual_exclusion,,106302272146511626715366732538958019243031587527887799373406690681902311718700,6bd2bc3bacc145d9afe497b9227681ed,3fb2ebc3f88a516aa5c3fea6
0.0,0.59295,1758250810000,reentry,0.07,RESEARCH-ONLY — exploratory_trade_surface,b,0.06,5.0,exploratory_trade_surface,76405aef13934b11bd2be96b93e36dc8,8.432414200185512,0.025,context_space,2026_us_presidential_election_candidate_winner,mutual_exclusion,,79191939610100241429039499950443680906623179487184628479206155805558220344190,b2ecdb2516154e35bc8d6d60f77900a3,3fb2ebc3f88a516aa5c3fea6
0.0,0.4824,1758254410000,reentry,0.07,RESEARCH-ONLY — exploratory_trade_surface,a,0.06,5.0,exploratory_trade_surface,76405aef13934b11bd2be96b93e36dc8,10.364842454394694,0.025,context_space,2026_us_presidential_election_candidate_winner,mutual_exclusion,,106302272146511626715366732538958019243031587527887799373406690681902311718700,e7c9d5d757cb47f8a580ea86ee92986b,3fb2ebc3f88a516aa5c3fea6
0.0,0.59295,1758254410000,reentry,0.07,RESEARCH-ONLY — exploratory_trade_surface,b,0.06,5.0,exploratory_trade_surface,76405aef13934b11bd2be96b93e36dc8,8.432414200185512,0.025,context_space,2026_us_presidential_election_candidate_winner,mutual_exclusion,,79191939610100241429039499950443680906623179487184628479206155805558220344190,4a0e5308be064a909e24598e7205e2ed,3fb2ebc3f88a516aa5c3fea6
0.0,0.4824,1758258010000,reentry,0.07,RESEARCH-ONLY — exploratory_trade_surface,a,0.06,5.0,exploratory_trade_surface,76405aef13934b11bd2be96b93e36dc8,10.364842454394694,0.025,context_space,2026_us_presidential_election_candidate_winner,mutual_exclusion,,106302272146511626715366732538958019243031587527887799373406690681902311718700,746eb27903c242a7bd002f16c930702e,3fb2ebc3f88a516aa5c3fea6
0.0,0.59295,1758258010000,reentry,0.07,RESEARCH-ONLY — exploratory_trade_surface,b,0.06,5.0,exploratory_trade_surface,76405aef13934b11bd2be96b93e36dc8,8.432414200185512,0.025,context_space,2026_us_presidential_election_candidate_winner,mutual_exclusion,,79191939610100241429039499950443680906623179487184628479206155805558220344190,ca166ee959634d3e9dfbfb0ca1d6a05d,3fb2ebc3f88a516aa5c3fea6
0.0,0.4824,1758261610000,reentry,0.07,RESEARCH-ONLY — exploratory_trade_surface,a,0.06,5.0,exploratory_trade_surface,76405aef13934b11bd2be96b93e36dc8,10.364842454394694,0.025,context_space,2026_us_presidential_election_candidate_winner,mutual_exclusion,,106302272146511626715366732538958019243031587527887799373406690681902311718700,c6bf34b55f23400fa395086dd307e103,3fb2ebc3f88a516aa5c3fea6
0.0,0.59295,1758261610000,reentry,0.07,RESEARCH-ONLY — exploratory_trade_surface,b,0.06,5.0,exploratory_trade_surface,76405aef13934b11bd2be96b93e36dc8,8.432414200185512,0.025,context_space,2026_us_presidential_election_candidate_winner,mutual_exclusion,,79191939610100241429039499950443680906623179487184628479206155805558220344190,37f4f38f305f44c083f23496d8176b30,3fb2ebc3f88a516aa5c3fea6
0.0,0.4824,1758265210000,reentry,0.07,RESEARCH-ONLY — exploratory_trade_surface,a,0.06,5.0,exploratory_trade_surface,76405aef13934b11bd2be96b93e36dc8,10.364842454394694,0.025,context_space,2026_us_presidential_election_candidate_winner,mutual_exclusion,,106302272146511626715366732538958019243031587527887799373406690681902311718700,0b9024044b294776926d3cdf11997924,3fb2ebc3f88a516aa5c3fea6
0.0,0.59295,1758265210000,reentry,0.07,RESEARCH-ONLY — exploratory_trade_surface,b,0.06,5.0,exploratory_trade_surface,76405aef13934b11bd2be96b93e36dc8,8.432414200185512,0.025,context_space,2026_us_presidential_election_candidate_winner,mutual_exclusion,,79191939610100241429039499950443680906623179487184628479206155805558220344190,bb5fa4e3292341e197dde475e6221e34,3fb2ebc3f88a516aa5c3fea6
0.0,0.4824,1758268810000,reentry,0.07,RESEARCH-ONLY — exploratory_trade_surface,a,0.06,5.0,exploratory_trade_surface,76405aef13934b11bd2be96b93e36dc8,10.364842454394694,0.025,context_space,2026_us_presidential_election_candidate_winner,mutual_exclusion,,106302272146511626715366732538958019243031587527887799373406690681902311718700,0c1ae2f28e51463e8bb6d7702fb150c6,3fb2ebc3f88a516aa5c3fea6
0.0,0.59295,1758268810000,reentry,0.07,RESEARCH-ONLY — exploratory_trade_surface,b,0.06,5.0,exploratory_trade_surface,76405aef13934b11bd2be96b93e36dc8,8.432414200185512,0.025,context_space,2026_us_presidential_election_candidate_winner,mutual_exclusion,,79191939610100241429039499950443680906623179487184628479206155805558220344190,ccc7b32e9b3a445987606736e7b2de12,3fb2ebc3f88a516aa5c3fea6
0.0,0.4824,1758272410000,reentry,0.07,RESEARCH-ONLY — exploratory_trade_surface,a,0.06,5.0,exploratory_trade_surface,76405aef13934b11bd2be96b93e36dc8,10.364842454394694,0.025,context_space,2026_us_presidential_election_candidate_winner,mutual_exclusion,,106302272146511626715366732538958019243031587527887799373406690681902311718700,0a97301d97c140e9941c1e8c5b96dc0d,3fb2ebc3f88a516aa5c3fea6
0.0,0.59295,1758272410000,reentry,0.07,RESEARCH-ONLY — exploratory_trade_surface,b,0.06,5.0,exploratory_trade_surface,76405aef13934b11bd2be96b93e36dc8,8.432414200185512,0.025,context_space,2026_us_presidential_election_candidate_winner,mutual_exclusion,,79191939610100241429039499950443680906623179487184628479206155805558220344190,5b75a6532f8f4b078ad09fa6a7872607,3fb2ebc3f88a516aa5c3fea6
0.0,0.4824,1758276010000,reentry,0.07,RESEARCH-ONLY — exploratory_trade_surface,a,0.06,5.0,exploratory_trade_surface,76405aef13934b11bd2be96b93e36dc8,10.364842454394694,0.025,context_space,2026_us_presidential_election_candidate_winner,mutual_exclusion,,106302272146511626715366732538958019243031587527887799373406690681902311718700,c4af0ea16f084f91882ace45542f3100,3fb2ebc3f88a516aa5c3fea6
0.0,0.59295,1758276010000,reentry,0.07,RESEARCH-ONLY — exploratory_trade_surface,b,0.06,5.0,exploratory_trade_surface,76405aef13934b11bd2be96b93e36dc8,8.432414200185512,0.025,context_space,2026_us_presidential_election_candidate_winner,mutual_exclusion,,79191939610100241429039499950443680906623179487184628479206155805558220344190,375fbc3a81b640a0b88fb58d9f671a09,3fb2ebc3f88a516aa5c3fea6
0.0,0.4824,1758279610000,reentry,0.07,RESEARCH-ONLY — exploratory_trade_surface,a,0.06,5.0,exploratory_trade_surface,76405aef13934b11bd2be96b93e36dc8,10.364842454394694,0.025,context_space,2026_us_presidential_election_candidate_winner,mutual_exclusion,,106302272146511626715366732538958019243031587527887799373406690681902311718700,201e5d5497fb4ba09a4673ab3552f01e,3fb2ebc3f88a516aa5c3fea6
0.0,0.59295,1758279610000,reentry,0.07,RESEARCH-ONLY — exploratory_trade_surface,b,0.06,5.0,exploratory_trade_surface,76405aef13934b11bd2be96b93e36dc8,8.432414200185512,0.025,context_space,2026_us_presidential_election_candidate_winner,mutual_exclusion,,79191939610100241429039499950443680906623179487184628479206155805558220344190,8d14d5f4ebf34f9092aa6719e23d319e,3fb2ebc3f88a516aa5c3fea6
0.0,0.768825,1777723210000,first,0.02,RESEARCH-ONLY — exploratory_trade_surface,a,0.01,5.0,exploratory_trade_surface,089caf0e270e445bb06e54a63b74917d,6.5034305596202,0.025,context_space,unknown_year_us_presidential_election_candidate_winner,mutual_exclusion,,5154529759143354321965408580500124466061411864975031283027488892061050073342,688878ad04bf425b8013b3e19d3beb69,0b19934e79adca2ac36b0874
0.0,0.256275,1777723210000,first,0.02,RESEARCH-ONLY — exploratory_trade_surface,b,0.01,5.0,exploratory_trade_surface,089caf0e270e445bb06e54a63b74917d,19.5102916788606,0.025,context_space,unknown_year_us_presidential_election_candidate_winner,mutual_exclusion,,29839239030455345331935107628562858693253410752781588028421925645563808428122,d2394133c7b84ee48ec715d23391ed90,0b19934e79adca2ac36b0874
0.0,0.768825,1777726810000,reentry,0.02,RESEARCH-ONLY — exploratory_trade_surface,a,0.01,5.0,exploratory_trade_surface,089caf0e270e445bb06e54a63b74917d,6.5034305596202,0.025,context_space,unknown_year_us_presidential_election_candidate_winner,mutual_exclusion,,5154529759143354321965408580500124466061411864975031283027488892061050073342,f056a22b186949438b195cdfd7160f06,0b19934e79adca2ac36b0874
0.0,0.256275,1777726810000,reentry,0.02,RESEARCH-ONLY — exploratory_trade_surface,b,0.01,5.0,exploratory_trade_surface,089caf0e270e445bb06e54a63b74917d,19.5102916788606,0.025,context_space,unknown_year_us_presidential_election_candidate_winner,mutual_exclusion,,29839239030455345331935107628562858693253410752781588028421925645563808428122,e2da4be8373944c0ace61913e93dcd5b,0b19934e79adca2ac36b0874
0.0,0.768825,1777730410000,reentry,0.02,RESEARCH-ONLY — exploratory_trade_surface,a,0.01,5.0,exploratory_trade_surface,089caf0e270e445bb06e54a63b74917d,6.5034305596202,0.025,context_space,unknown_year_us_presidential_election_candidate_winner,mutual_exclusion,,5154529759143354321965408580500124466061411864975031283027488892061050073342,4944736df38a43328604db42b35c82cc,0b19934e79adca2ac36b0874
0.0,0.256275,1777730410000,reentry,0.02,RESEARCH-ONLY — exploratory_trade_surface,b,0.01,5.0,exploratory_trade_surface,089caf0e270e445bb06e54a63b74917d,19.5102916788606,0.025,context_space,unknown_year_us_presidential_election_candidate_winner,mutual_exclusion,,29839239030455345331935107628562858693253410752781588028421925645563808428122,dcb1f4a9e402487abd263fecdaca2ade,0b19934e79adca2ac36b0874
0.0,0.768825,1777734010000,reentry,0.02,RESEARCH-ONLY — exploratory_trade_surface,a,0.01,5.0,exploratory_trade_surface,089caf0e270e445bb06e54a63b74917d,6.5034305596202,0.025,context_space,unknown_year_us_presidential_election_candidate_winner,mutual_exclusion,,5154529759143354321965408580500124466061411864975031283027488892061050073342,fdc87b730cc94d078810ec334ab0b2d6,0b19934e79adca2ac36b0874
0.0,0.256275,1777734010000,reentry,0.02,RESEARCH-ONLY — exploratory_trade_surface,b,0.01,5.0,exploratory_trade_surface,089caf0e270e445bb06e54a63b74917d,19.5102916788606,0.025,context_space,unknown_year_us_presidential_election_candidate_winner,mutual_exclusion,,29839239030455345331935107628562858693253410752781588028421925645563808428122,1c723238bbd741eea8a24764742be4c2,0b19934e79adca2ac36b0874
0.0,0.768825,1777737610000,reentry,0.02,RESEARCH-ONLY — exploratory_trade_surface,a,0.01,5.0,exploratory_trade_surface,089caf0e270e445bb06e54a63b74917d,6.5034305596202,0.025,context_space,unknown_year_us_presidential_election_candidate_winner,mutual_exclusion,,5154529759143354321965408580500124466061411864975031283027488892061050073342,6e9a3bfb17aa41e7b3511a7d51064c18,0b19934e79adca2ac36b0874
0.0,0.256275,1777737610000,reentry,0.02,RESEARCH-ONLY — exploratory_trade_surface,b,0.01,5.0,exploratory_trade_surface,089caf0e270e445bb06e54a63b74917d,19.5102916788606,0.025,context_space,unknown_year_us_presidential_election_candidate_winner,mutual_exclusion,,29839239030455345331935107628562858693253410752781588028421925645563808428122,d877aba5681346d0a0ae9f92f4f4bfa3,0b19934e79adca2ac36b0874
0.0,0.768825,1777741210000,reentry,0.02,RESEARCH-ONLY — exploratory_trade_surface,a,0.01,5.0,exploratory_trade_surface,089caf0e270e445bb06e54a63b74917d,6.5034305596202,0.025,context_space,unknown_year_us_presidential_election_candidate_winner,mutual_exclusion,,5154529759143354321965408580500124466061411864975031283027488892061050073342,98ea7fdb12ed43f3b608c7745ebd5381,0b19934e79adca2ac36b0874
0.0,0.256275,1777741210000,reentry,0.02,RESEARCH-ONLY — exploratory_trade_surface,b,0.01,5.0,exploratory_trade_surface,089caf0e270e445bb06e54a63b74917d,19.5102916788606,0.025,context_space,unknown_year_us_presidential_election_candidate_winner,mutual_exclusion,,29839239030455345331935107628562858693253410752781588028421925645563808428122,2bc3e698f75445cb8263989fee8b79e9,0b19934e79adca2ac36b0874
0.0,0.768825,1777744810000,reentry,0.02,RESEARCH-ONLY — exploratory_trade_surface,a,0.01,5.0,exploratory_trade_surface,089caf0e270e445bb06e54a63b74917d,6.5034305596202,0.025,context_space,unknown_year_us_presidential_election_candidate_winner,mutual_exclusion,,5154529759143354321965408580500124466061411864975031283027488892061050073342,3741e7b3009349e68d49ea8564db6365,0b19934e79adca2ac36b0874
0.0,0.256275,1777744810000,reentry,0.02,RESEARCH-ONLY — exploratory_trade_surface,b,0.01,5.0,exploratory_trade_surface,089caf0e270e445bb06e54a63b74917d,19.5102916788606,0.025,context_space,unknown_year_us_presidential_election_candidate_winner,mutual_exclusion,,29839239030455345331935107628562858693253410752781588028421925645563808428122,80e36a989b3748d4a786ddcfd95c2f51,0b19934e79adca2ac36b0874
0.0,0.768825,1777748410000,reentry,0.02,RESEARCH-ONLY — exploratory_trade_surface,a,0.01,5.0,exploratory_trade_surface,089caf0e270e445bb06e54a63b74917d,6.5034305596202,0.025,context_space,unknown_year_us_presidential_election_candidate_winner,mutual_exclusion,,5154529759143354321965408580500124466061411864975031283027488892061050073342,781951461beb4d7394c437c3cd6b020b,0b19934e79adca2ac36b0874
0.0,0.256275,1777748410000,reentry,0.02,RESEARCH-ONLY — exploratory_trade_surface,b,0.01,5.0,exploratory_trade_surface,089caf0e270e445bb06e54a63b74917d,19.5102916788606,0.025,context_space,unknown_year_us_presidential_election_candidate_winner,mutual_exclusion,,29839239030455345331935107628562858693253410752781588028421925645563808428122,84bae3c080344c36bf10960d26a5c6f9,0b19934e79adca2ac36b0874
0.0,0.768825,1777752010000,reentry,0.02,RESEARCH-ONLY — exploratory_trade_surface,a,0.01,5.0,exploratory_trade_surface,089caf0e270e445bb06e54a63b74917d,6.5034305596202,0.025,context_space,unknown_year_us_presidential_election_candidate_winner,mutual_exclusion,,5154529759143354321965408580500124466061411864975031283027488892061050073342,5e8c25a273a44f72a78a205731daa303,0b19934e79adca2ac36b0874
0.0,0.256275,1777752010000,reentry,0.02,RESEARCH-ONLY — exploratory_trade_surface,b,0.01,5.0,exploratory_trade_surface,089caf0e270e445bb06e54a63b74917d,19.5102916788606,0.025,context_space,unknown_year_us_presidential_election_candidate_winner,mutual_exclusion,,29839239030455345331935107628562858693253410752781588028421925645563808428122,5c0bab8b21224fbf944e20a01b2d9400,0b19934e79adca2ac36b0874
0.0,0.768825,1777755610000,reentry,0.02,RESEARCH-ONLY — exploratory_trade_surface,a,0.01,5.0,exploratory_trade_surface,089caf0e270e445bb06e54a63b74917d,6.5034305596202,0.025,context_space,unknown_year_us_presidential_election_candidate_winner,mutual_exclusion,,5154529759143354321965408580500124466061411864975031283027488892061050073342,0bf3e894e3444ca5918434090b76169f,0b19934e79adca2ac36b0874
0.0,0.256275,1777755610000,reentry,0.02,RESEARCH-ONLY — exploratory_trade_surface,b,0.01,5.0,exploratory_trade_surface,089caf0e270e445bb06e54a63b74917d,19.5102916788606,0.025,context_space,unknown_year_us_presidential_election_candidate_winner,mutual_exclusion,,29839239030455345331935107628562858693253410752781588028421925645563808428122,4304d2a090d24ad391208933f63e2b2c,0b19934e79adca2ac36b0874
0.0,0.768825,1777759210000,reentry,0.02,RESEARCH-ONLY — exploratory_trade_surface,a,0.01,5.0,exploratory_trade_surface,089caf0e270e445bb06e54a63b74917d,6.5034305596202,0.025,context_space,unknown_year_us_presidential_election_candidate_winner,mutual_exclusion,,5154529759143354321965408580500124466061411864975031283027488892061050073342,9969e8a6d1fa4f139ad492e7ae085b87,0b19934e79adca2ac36b0874
0.0,0.256275,1777759210000,reentry,0.02,RESEARCH-ONLY — exploratory_trade_surface,b,0.01,5.0,exploratory_trade_surface,089caf0e270e445bb06e54a63b74917d,19.5102916788606,0.025,context_space,unknown_year_us_presidential_election_candidate_winner,mutual_exclusion,,29839239030455345331935107628562858693253410752781588028421925645563808428122,dd6acf482c7c4f278da95d67fe6207a0,0b19934e79adca2ac36b0874
0.0,0.768825,1777762810000,reentry,0.02,RESEARCH-ONLY — exploratory_trade_surface,a,0.01,5.0,exploratory_trade_surface,089caf0e270e445bb06e54a63b74917d,6.5034305596202,0.025,context_space,unknown_year_us_presidential_election_candidate_winner,mutual_exclusion,,5154529759143354321965408580500124466061411864975031283027488892061050073342,d7bf9ff9bcb94dcda787f1cb842817de,0b19934e79adca2ac36b0874
0.0,0.256275,1777762810000,reentry,0.02,RESEARCH-ONLY — exploratory_trade_surface,b,0.01,5.0,exploratory_trade_surface,089caf0e270e445bb06e54a63b74917d,19.5102916788606,0.025,context_space,unknown_year_us_presidential_election_candidate_winner,mutual_exclusion,,29839239030455345331935107628562858693253410752781588028421925645563808428122,e8dbd3cd11214b46879dc3685e20a1cd,0b19934e79adca2ac36b0874
0.0,0.5427,1778025610000,reentry,0.02,RESEARCH-ONLY — exploratory_trade_surface,a,0.01,5.0,exploratory_trade_surface,089caf0e270e445bb06e54a63b74917d,9.213193292795284,0.025,context_space,unknown_year_us_presidential_election_candidate_winner,mutual_exclusion,,5154529759143354321965408580500124466061411864975031283027488892061050073342,b47e83c4d8b6467baa0d1714db56fd94,a9468a58f820cfef4cd99b02
0.0,0.4824,1778025610000,reentry,0.02,RESEARCH-ONLY — exploratory_trade_surface,b,0.01,5.0,exploratory_trade_surface,089caf0e270e445bb06e54a63b74917d,10.364842454394694,0.025,context_space,unknown_year_us_presidential_election_candidate_winner,mutual_exclusion,,29839239030455345331935107628562858693253410752781588028421925645563808428122,bca9d5d0fe4a46aea13b6ae592ad47c0,a9468a58f820cfef4cd99b02
0.0,0.5427,1778029210000,reentry,0.02,RESEARCH-ONLY — exploratory_trade_surface,a,0.01,5.0,exploratory_trade_surface,089caf0e270e445bb06e54a63b74917d,9.213193292795284,0.025,context_space,unknown_year_us_presidential_election_candidate_winner,mutual_exclusion,,5154529759143354321965408580500124466061411864975031283027488892061050073342,427a961edf894394a4a8a8f0d0b0a954,a9468a58f820cfef4cd99b02
0.0,0.4824,1778029210000,reentry,0.02,RESEARCH-ONLY — exploratory_trade_surface,b,0.01,5.0,exploratory_trade_surface,089caf0e270e445bb06e54a63b74917d,10.364842454394694,0.025,context_space,unknown_year_us_presidential_election_candidate_winner,mutual_exclusion,,29839239030455345331935107628562858693253410752781588028421925645563808428122,4afb9ed6f09f4690816e949b0e744239,a9468a58f820cfef4cd99b02
0.0,0.5427,1778032810000,reentry,0.02,RESEARCH-ONLY — exploratory_trade_surface,a,0.01,5.0,exploratory_trade_surface,089caf0e270e445bb06e54a63b74917d,9.213193292795284,0.025,context_space,unknown_year_us_presidential_election_candidate_winner,mutual_exclusion,,5154529759143354321965408580500124466061411864975031283027488892061050073342,1227e4d4f68f426e820ddde280c5bb3a,a9468a58f820cfef4cd99b02
0.0,0.4824,1778032810000,reentry,0.02,RESEARCH-ONLY — exploratory_trade_surface,b,0.01,5.0,exploratory_trade_surface,089caf0e270e445bb06e54a63b74917d,10.364842454394694,0.025,context_space,unknown_year_us_presidential_election_candidate_winner,mutual_exclusion,,29839239030455345331935107628562858693253410752781588028421925645563808428122,ca211712ef5a4e8bae9093e412cc4a0b,a9468a58f820cfef4cd99b02
0.0,0.5427,1778036410000,reentry,0.02,RESEARCH-ONLY — exploratory_trade_surface,a,0.01,5.0,exploratory_trade_surface,089caf0e270e445bb06e54a63b74917d,9.213193292795284,0.025,context_space,unknown_year_us_presidential_election_candidate_winner,mutual_exclusion,,5154529759143354321965408580500124466061411864975031283027488892061050073342,ed49502cadbf4c47bf49cd3a9ea2e070,a9468a58f820cfef4cd99b02
0.0,0.4824,1778036410000,reentry,0.02,RESEARCH-ONLY — exploratory_trade_surface,b,0.01,5.0,exploratory_trade_surface,089caf0e270e445bb06e54a63b74917d,10.364842454394694,0.025,context_space,unknown_year_us_presidential_election_candidate_winner,mutual_exclusion,,29839239030455345331935107628562858693253410752781588028421925645563808428122,a33cf0f6b28c41d4a141615b40b5172a,a9468a58f820cfef4cd99b02
0.0,0.5427,1778040010000,reentry,0.02,RESEARCH-ONLY — exploratory_trade_surface,a,0.01,5.0,exploratory_trade_surface,089caf0e270e445bb06e54a63b74917d,9.213193292795284,0.025,context_space,unknown_year_us_presidential_election_candidate_winner,mutual_exclusion,,5154529759143354321965408580500124466061411864975031283027488892061050073342,41a56c12949a43b484a4048656c09e87,a9468a58f820cfef4cd99b02
0.0,0.4824,1778040010000,reentry,0.02,RESEARCH-ONLY — exploratory_trade_surface,b,0.01,5.0,exploratory_trade_surface,089caf0e270e445bb06e54a63b74917d,10.364842454394694,0.025,context_space,unknown_year_us_presidential_election_candidate_winner,mutual_exclusion,,29839239030455345331935107628562858693253410752781588028421925645563808428122,541cf7ac240c453888d62a5ff07b54da,a9468a58f820cfef4cd99b02
0.0,0.5427,1778043610000,reentry,0.02,RESEARCH-ONLY — exploratory_trade_surface,a,0.01,5.0,exploratory_trade_surface,089caf0e270e445bb06e54a63b74917d,9.213193292795284,0.025,context_space,unknown_year_us_presidential_election_candidate_winner,mutual_exclusion,,5154529759143354321965408580500124466061411864975031283027488892061050073342,55d65f5c4fb04a0f9c178ba81f745f95,a9468a58f820cfef4cd99b02
0.0,0.4824,1778043610000,reentry,0.02,RESEARCH-ONLY — exploratory_trade_surface,b,0.01,5.0,exploratory_trade_surface,089caf0e270e445bb06e54a63b74917d,10.364842454394694,0.025,context_space,unknown_year_us_presidential_election_candidate_winner,mutual_exclusion,,29839239030455345331935107628562858693253410752781588028421925645563808428122,e5b2e46e1e634989aa9f76f0e2a18542,a9468a58f820cfef4cd99b02
0.0,0.5427,1778047210000,reentry,0.02,RESEARCH-ONLY — exploratory_trade_surface,a,0.01,5.0,exploratory_trade_surface,089caf0e270e445bb06e54a63b74917d,9.213193292795284,0.025,context_space,unknown_year_us_presidential_election_candidate_winner,mutual_exclusion,,5154529759143354321965408580500124466061411864975031283027488892061050073342,f37173fcf5f2462ca96773084695c125,a9468a58f820cfef4cd99b02
0.0,0.4824,1778047210000,reentry,0.02,RESEARCH-ONLY — exploratory_trade_surface,b,0.01,5.0,exploratory_trade_surface,089caf0e270e445bb06e54a63b74917d,10.364842454394694,0.025,context_space,unknown_year_us_presidential_election_candidate_winner,mutual_exclusion,,29839239030455345331935107628562858693253410752781588028421925645563808428122,fccf0c57296847cfbefa409b4299cc6b,a9468a58f820cfef4cd99b02
0.0,0.5427,1778050810000,reentry,0.02,RESEARCH-ONLY — exploratory_trade_surface,a,0.01,5.0,exploratory_trade_surface,089caf0e270e445bb06e54a63b74917d,9.213193292795284,0.025,context_space,unknown_year_us_presidential_election_candidate_winner,mutual_exclusion,,5154529759143354321965408580500124466061411864975031283027488892061050073342,44ccf1e287f04e9da7ebe8edfcfa4da1,a9468a58f820cfef4cd99b02
0.0,0.4824,1778050810000,reentry,0.02,RESEARCH-ONLY — exploratory_trade_surface,b,0.01,5.0,exploratory_trade_surface,089caf0e270e445bb06e54a63b74917d,10.364842454394694,0.025,context_space,unknown_year_us_presidential_election_candidate_winner,mutual_exclusion,,29839239030455345331935107628562858693253410752781588028421925645563808428122,5e07d39070d04b3b9b17ac7bf4ed4a4d,a9468a58f820cfef4cd99b02
0.0,0.7035,1753405206000,first,0.015,RESEARCH-ONLY — exploratory_trade_surface,a,0.005,5.0,exploratory_trade_surface,0b14f32acefb31b6de8901ae,7.107320540156361,0.025,context_space,llm_hyp_540881_559651_temporal_ordering_pair,temporal,,109289569086508934142323222102974769075074494425163878721602922903101062859033,561dee8443d0481e82592964b897f8ed,acd49abdd469c2038d4a24f7
0.0,0.316575,1753405206000,first,0.015,RESEARCH-ONLY — exploratory_trade_surface,b,0.005,5.0,exploratory_trade_surface,0b14f32acefb31b6de8901ae,15.794045644791913,0.025,context_space,llm_hyp_540881_559651_temporal_ordering_pair,temporal,,25659310674993675562345759665114759892400026242514633218387667107987341231962,327aaa6ef4a749cfb559f22d86162dbd,acd49abdd469c2038d4a24f7
0.0,0.7035,1753408806000,reentry,0.015,RESEARCH-ONLY — exploratory_trade_surface,a,0.005,5.0,exploratory_trade_surface,0b14f32acefb31b6de8901ae,7.107320540156361,0.025,context_space,llm_hyp_540881_559651_temporal_ordering_pair,temporal,,109289569086508934142323222102974769075074494425163878721602922903101062859033,96c5f175eed5420a8b502262db988299,acd49abdd469c2038d4a24f7
0.0,0.316575,1753408806000,reentry,0.015,RESEARCH-ONLY — exploratory_trade_surface,b,0.005,5.0,exploratory_trade_surface,0b14f32acefb31b6de8901ae,15.794045644791913,0.025,context_space,llm_hyp_540881_559651_temporal_ordering_pair,temporal,,25659310674993675562345759665114759892400026242514633218387667107987341231962,23e52aee0008484c9b9afb14c96ce56b,acd49abdd469c2038d4a24f7
0.0,0.7035,1753412406000,reentry,0.015,RESEARCH-ONLY — exploratory_trade_surface,a,0.005,5.0,exploratory_trade_surface,0b14f32acefb31b6de8901ae,7.107320540156361,0.025,context_space,llm_hyp_540881_559651_temporal_ordering_pair,temporal,,109289569086508934142323222102974769075074494425163878721602922903101062859033,6d974c6c0aac46fdbdc728285ad927dc,acd49abdd469c2038d4a24f7
0.0,0.316575,1753412406000,reentry,0.015,RESEARCH-ONLY — exploratory_trade_surface,b,0.005,5.0,exploratory_trade_surface,0b14f32acefb31b6de8901ae,15.794045644791913,0.025,context_space,llm_hyp_540881_559651_temporal_ordering_pair,temporal,,25659310674993675562345759665114759892400026242514633218387667107987341231962,c1455fcb3057480381fe8f8846119d6d,acd49abdd469c2038d4a24f7
0.0,0.7035,1753416006000,reentry,0.015,RESEARCH-ONLY — exploratory_trade_surface,a,0.005,5.0,exploratory_trade_surface,0b14f32acefb31b6de8901ae,7.107320540156361,0.025,context_space,llm_hyp_540881_559651_temporal_ordering_pair,temporal,,109289569086508934142323222102974769075074494425163878721602922903101062859033,206d19cf3ce647e084b94ebafe52a4cf,acd49abdd469c2038d4a24f7
0.0,0.316575,1753416006000,reentry,0.015,RESEARCH-ONLY — exploratory_trade_surface,b,0.005,5.0,exploratory_trade_surface,0b14f32acefb31b6de8901ae,15.794045644791913,0.025,context_space,llm_hyp_540881_559651_temporal_ordering_pair,temporal,,25659310674993675562345759665114759892400026242514633218387667107987341231962,b368a0fd8906441594d8e02d462c5c77,acd49abdd469c2038d4a24f7
0.0,0.7035,1753419606000,reentry,0.015,RESEARCH-ONLY — exploratory_trade_surface,a,0.005,5.0,exploratory_trade_surface,0b14f32acefb31b6de8901ae,7.107320540156361,0.025,context_space,llm_hyp_540881_559651_temporal_ordering_pair,temporal,,109289569086508934142323222102974769075074494425163878721602922903101062859033,4d0d624818764f26bce19e025ec5cda9,acd49abdd469c2038d4a24f7
0.0,0.316575,1753419606000,reentry,0.015,RESEARCH-ONLY — exploratory_trade_surface,b,0.005,5.0,exploratory_trade_surface,0b14f32acefb31b6de8901ae,15.794045644791913,0.025,context_space,llm_hyp_540881_559651_temporal_ordering_pair,temporal,,25659310674993675562345759665114759892400026242514633218387667107987341231962,fa90f6645f3c4857bb9e9b61d1a078ed,acd49abdd469c2038d4a24f7
0.0,0.7035,1753423206000,reentry,0.015,RESEARCH-ONLY — exploratory_trade_surface,a,0.005,5.0,exploratory_trade_surface,0b14f32acefb31b6de8901ae,7.107320540156361,0.025,context_space,llm_hyp_540881_559651_temporal_ordering_pair,temporal,,109289569086508934142323222102974769075074494425163878721602922903101062859033,a5add8cdc59347c7b1fa9bc349783531,acd49abdd469c2038d4a24f7
0.0,0.316575,1753423206000,reentry,0.015,RESEARCH-ONLY — exploratory_trade_surface,b,0.005,5.0,exploratory_trade_surface,0b14f32acefb31b6de8901ae,15.794045644791913,0.025,context_space,llm_hyp_540881_559651_temporal_ordering_pair,temporal,,25659310674993675562345759665114759892400026242514633218387667107987341231962,0198630e305d4e57bdbe7241ee84fd96,acd49abdd469c2038d4a24f7
0.0,0.7035,1753426806000,reentry,0.015,RESEARCH-ONLY — exploratory_trade_surface,a,0.005,5.0,exploratory_trade_surface,0b14f32acefb31b6de8901ae,7.107320540156361,0.025,context_space,llm_hyp_540881_559651_temporal_ordering_pair,temporal,,109289569086508934142323222102974769075074494425163878721602922903101062859033,6b8d1c077b244732947d2b47f7474278,acd49abdd469c2038d4a24f7
0.0,0.316575,1753426806000,reentry,0.015,RESEARCH-ONLY — exploratory_trade_surface,b,0.005,5.0,exploratory_trade_surface,0b14f32acefb31b6de8901ae,15.794045644791913,0.025,context_space,llm_hyp_540881_559651_temporal_ordering_pair,temporal,,25659310674993675562345759665114759892400026242514633218387667107987341231962,bd6afe6801124dcaae4b1cfc7eaa9f74,acd49abdd469c2038d4a24f7
0.0,0.7035,1753430406000,reentry,0.015,RESEARCH-ONLY — exploratory_trade_surface,a,0.005,5.0,exploratory_trade_surface,0b14f32acefb31b6de8901ae,7.107320540156361,0.025,context_space,llm_hyp_540881_559651_temporal_ordering_pair,temporal,,109289569086508934142323222102974769075074494425163878721602922903101062859033,13a96084000d4cb08a54a91046c7d970,acd49abdd469c2038d4a24f7
0.0,0.316575,1753430406000,reentry,0.015,RESEARCH-ONLY — exploratory_trade_surface,b,0.005,5.0,exploratory_trade_surface,0b14f32acefb31b6de8901ae,15.794045644791913,0.025,context_space,llm_hyp_540881_559651_temporal_ordering_pair,temporal,,25659310674993675562345759665114759892400026242514633218387667107987341231962,234c79d835da4b35ba697219b8662448,acd49abdd469c2038d4a24f7
0.0,0.7035,1753434006000,reentry,0.015,RESEARCH-ONLY — exploratory_trade_surface,a,0.005,5.0,exploratory_trade_surface,0b14f32acefb31b6de8901ae,7.107320540156361,0.025,context_space,llm_hyp_540881_559651_temporal_ordering_pair,temporal,,109289569086508934142323222102974769075074494425163878721602922903101062859033,7f1d91d46326471a915076f9d89c6f17,acd49abdd469c2038d4a24f7
0.0,0.316575,1753434006000,reentry,0.015,RESEARCH-ONLY — exploratory_trade_surface,b,0.005,5.0,exploratory_trade_surface,0b14f32acefb31b6de8901ae,15.794045644791913,0.025,context_space,llm_hyp_540881_559651_temporal_ordering_pair,temporal,,25659310674993675562345759665114759892400026242514633218387667107987341231962,fcfdfaa5370c4c08b0ec9dc1eed6b8bd,acd49abdd469c2038d4a24f7
0.0,0.7035,1753437606000,reentry,0.015,RESEARCH-ONLY — exploratory_trade_surface,a,0.005,5.0,exploratory_trade_surface,0b14f32acefb31b6de8901ae,7.107320540156361,0.025,context_space,llm_hyp_540881_559651_temporal_ordering_pair,temporal,,109289569086508934142323222102974769075074494425163878721602922903101062859033,c9af3802f99840278a25e620c0500db2,acd49abdd469c2038d4a24f7
0.0,0.316575,1753437606000,reentry,0.015,RESEARCH-ONLY — exploratory_trade_surface,b,0.005,5.0,exploratory_trade_surface,0b14f32acefb31b6de8901ae,15.794045644791913,0.025,context_space,llm_hyp_540881_559651_temporal_ordering_pair,temporal,,25659310674993675562345759665114759892400026242514633218387667107987341231962,abc30d47239d4a74a6805c8e4712e961,acd49abdd469c2038d4a24f7
0.0,0.7035,1753441206000,reentry,0.015,RESEARCH-ONLY — exploratory_trade_surface,a,0.005,5.0,exploratory_trade_surface,0b14f32acefb31b6de8901ae,7.107320540156361,0.025,context_space,llm_hyp_540881_559651_temporal_ordering_pair,temporal,,109289569086508934142323222102974769075074494425163878721602922903101062859033,eb3041e50f784881b4c1d0344d4763ba,acd49abdd469c2038d4a24f7
0.0,0.316575,1753441206000,reentry,0.015,RESEARCH-ONLY — exploratory_trade_surface,b,0.005,5.0,exploratory_trade_surface,0b14f32acefb31b6de8901ae,15.794045644791913,0.025,context_space,llm_hyp_540881_559651_temporal_ordering_pair,temporal,,25659310674993675562345759665114759892400026242514633218387667107987341231962,e43c1274825449598a9655a826fee742,acd49abdd469c2038d4a24f7
0.0,0.7035,1753444806000,reentry,0.015,RESEARCH-ONLY — exploratory_trade_surface,a,0.005,5.0,exploratory_trade_surface,0b14f32acefb31b6de8901ae,7.107320540156361,0.025,context_space,llm_hyp_540881_559651_temporal_ordering_pair,temporal,,109289569086508934142323222102974769075074494425163878721602922903101062859033,9ae2a1a4a9184c84989d28c02fdfd54b,acd49abdd469c2038d4a24f7
0.0,0.316575,1753444806000,reentry,0.015,RESEARCH-ONLY — exploratory_trade_surface,b,0.005,5.0,exploratory_trade_surface,0b14f32acefb31b6de8901ae,15.794045644791913,0.025,context_space,llm_hyp_540881_559651_temporal_ordering_pair,temporal,,25659310674993675562345759665114759892400026242514633218387667107987341231962,0c69fbb2ce68402cbd739ad73708eedf,acd49abdd469c2038d4a24f7
0.0,0.7035,1753448406000,reentry,0.035,RESEARCH-ONLY — exploratory_trade_surface,a,0.025,5.0,exploratory_trade_surface,0b14f32acefb31b6de8901ae,7.107320540156361,0.025,context_space,llm_hyp_540881_559651_temporal_ordering_pair,temporal,,109289569086508934142323222102974769075074494425163878721602922903101062859033,5eb17ac8398d4553b2ae28422726dd93,acd49abdd469c2038d4a24f7
0.0,0.336675,1753448406000,reentry,0.035,RESEARCH-ONLY — exploratory_trade_surface,b,0.025,5.0,exploratory_trade_surface,0b14f32acefb31b6de8901ae,14.85111754659538,0.025,context_space,llm_hyp_540881_559651_temporal_ordering_pair,temporal,,25659310674993675562345759665114759892400026242514633218387667107987341231962,02bf1ee9fbe242199c664b1891af8580,acd49abdd469c2038d4a24f7
0.0,0.7035,1753452006000,reentry,0.035,RESEARCH-ONLY — exploratory_trade_surface,a,0.025,5.0,exploratory_trade_surface,0b14f32acefb31b6de8901ae,7.107320540156361,0.025,context_space,llm_hyp_540881_559651_temporal_ordering_pair,temporal,,109289569086508934142323222102974769075074494425163878721602922903101062859033,61c69551287242df938dfaa6833d2062,acd49abdd469c2038d4a24f7
0.0,0.336675,1753452006000,reentry,0.035,RESEARCH-ONLY — exploratory_trade_surface,b,0.025,5.0,exploratory_trade_surface,0b14f32acefb31b6de8901ae,14.85111754659538,0.025,context_space,llm_hyp_540881_559651_temporal_ordering_pair,temporal,,25659310674993675562345759665114759892400026242514633218387667107987341231962,4e4de3a5612a45a1a7216b524e9bcbcc,acd49abdd469c2038d4a24f7
0.0,0.7035,1753455606000,reentry,0.035,RESEARCH-ONLY — exploratory_trade_surface,a,0.025,5.0,exploratory_trade_surface,0b14f32acefb31b6de8901ae,7.107320540156361,0.025,context_space,llm_hyp_540881_559651_temporal_ordering_pair,temporal,,109289569086508934142323222102974769075074494425163878721602922903101062859033,57de96ab170a48dd9c6bcd169142621b,acd49abdd469c2038d4a24f7
0.0,0.336675,1753455606000,reentry,0.035,RESEARCH-ONLY — exploratory_trade_surface,b,0.025,5.0,exploratory_trade_surface,0b14f32acefb31b6de8901ae,14.85111754659538,0.025,context_space,llm_hyp_540881_559651_temporal_ordering_pair,temporal,,25659310674993675562345759665114759892400026242514633218387667107987341231962,d8117a4f876746b0b2efc37979c10208,acd49abdd469c2038d4a24f7
0.0,0.7035,1753459206000,reentry,0.035,RESEARCH-ONLY — exploratory_trade_surface,a,0.025,5.0,exploratory_trade_surface,0b14f32acefb31b6de8901ae,7.107320540156361,0.025,context_space,llm_hyp_540881_559651_temporal_ordering_pair,temporal,,109289569086508934142323222102974769075074494425163878721602922903101062859033,03586ccaf8ef411c86ab6f910b69d3a1,acd49abdd469c2038d4a24f7
0.0,0.336675,1753459206000,reentry,0.035,RESEARCH-ONLY — exploratory_trade_surface,b,0.025,5.0,exploratory_trade_surface,0b14f32acefb31b6de8901ae,14.85111754659538,0.025,context_space,llm_hyp_540881_559651_temporal_ordering_pair,temporal,,25659310674993675562345759665114759892400026242514633218387667107987341231962,7bb9895fdfaa449f9a31d8b24cf62288,acd49abdd469c2038d4a24f7
0.0,0.7035,1753462806000,reentry,0.035,RESEARCH-ONLY — exploratory_trade_surface,a,0.025,5.0,exploratory_trade_surface,0b14f32acefb31b6de8901ae,7.107320540156361,0.025,context_space,llm_hyp_540881_559651_temporal_ordering_pair,temporal,,109289569086508934142323222102974769075074494425163878721602922903101062859033,1610c61f1aa543b797bf7c4aa8aaaf34,acd49abdd469c2038d4a24f7
0.0,0.336675,1753462806000,reentry,0.035,RESEARCH-ONLY — exploratory_trade_surface,b,0.025,5.0,exploratory_trade_surface,0b14f32acefb31b6de8901ae,14.85111754659538,0.025,context_space,llm_hyp_540881_559651_temporal_ordering_pair,temporal,,25659310674993675562345759665114759892400026242514633218387667107987341231962,6f8eeb2a6c154fbcb5ac2e658b3cb59a,acd49abdd469c2038d4a24f7
0.0,0.7035,1753466406000,reentry,0.035,RESEARCH-ONLY — exploratory_trade_surface,a,0.025,5.0,exploratory_trade_surface,0b14f32acefb31b6de8901ae,7.107320540156361,0.025,context_space,llm_hyp_540881_559651_temporal_ordering_pair,temporal,,109289569086508934142323222102974769075074494425163878721602922903101062859033,54f7f619af664f9fa307aa3af44d7b94,acd49abdd469c2038d4a24f7
0.0,0.336675,1753466406000,reentry,0.035,RESEARCH-ONLY — exploratory_trade_surface,b,0.025,5.0,exploratory_trade_surface,0b14f32acefb31b6de8901ae,14.85111754659538,0.025,context_space,llm_hyp_540881_559651_temporal_ordering_pair,temporal,,25659310674993675562345759665114759892400026242514633218387667107987341231962,f734beb220f040fc976f267043a151b1,acd49abdd469c2038d4a24f7
0.0,0.7035,1753470006000,reentry,0.035,RESEARCH-ONLY — exploratory_trade_surface,a,0.025,5.0,exploratory_trade_surface,0b14f32acefb31b6de8901ae,7.107320540156361,0.025,context_space,llm_hyp_540881_559651_temporal_ordering_pair,temporal,,109289569086508934142323222102974769075074494425163878721602922903101062859033,b15fb8a18f5c49b783fa5ae8d410b008,acd49abdd469c2038d4a24f7
0.0,0.336675,1753470006000,reentry,0.035,RESEARCH-ONLY — exploratory_trade_surface,b,0.025,5.0,exploratory_trade_surface,0b14f32acefb31b6de8901ae,14.85111754659538,0.025,context_space,llm_hyp_540881_559651_temporal_ordering_pair,temporal,,25659310674993675562345759665114759892400026242514633218387667107987341231962,49e0dace05a04be0b9700f11981b8be7,acd49abdd469c2038d4a24f7
0.0,0.7035,1753473606000,reentry,0.035,RESEARCH-ONLY — exploratory_trade_surface,a,0.025,5.0,exploratory_trade_surface,0b14f32acefb31b6de8901ae,7.107320540156361,0.025,context_space,llm_hyp_540881_559651_temporal_ordering_pair,temporal,,109289569086508934142323222102974769075074494425163878721602922903101062859033,3f6625248a2a43e8bdbd51f5b506fc60,acd49abdd469c2038d4a24f7
0.0,0.336675,1753473606000,reentry,0.035,RESEARCH-ONLY — exploratory_trade_surface,b,0.025,5.0,exploratory_trade_surface,0b14f32acefb31b6de8901ae,14.85111754659538,0.025,context_space,llm_hyp_540881_559651_temporal_ordering_pair,temporal,,25659310674993675562345759665114759892400026242514633218387667107987341231962,cacb8dd939e04d7ca34ef1e81535045c,acd49abdd469c2038d4a24f7
0.0,0.256275,1755216007000,first,0.04,RESEARCH-ONLY — exploratory_trade_surface,a,0.03,5.0,exploratory_trade_surface,a6edab19118abe85173fa9a8b0f4cbe4,19.5102916788606,0.025,context_space,sports_championship_conference_progression,nesting,,44914465637297319816681463234953032477919413063019359633128421605039733545953,3d3abe682da84b4f9e1422aed768f6a5,2ef42c5114504a1f7287c7be
0.0,0.216075,1755216007000,first,0.04,RESEARCH-ONLY — exploratory_trade_surface,b,0.03,5.0,exploratory_trade_surface,a6edab19118abe85173fa9a8b0f4cbe4,23.140113386555594,0.025,context_space,sports_championship_conference_progression,nesting,,105874436620923713168019020245858616944322383958692280683224180064376992665538,644718b4ebc640f8b87b9abf7452de25,2ef42c5114504a1f7287c7be
0.0,0.256275,1755219607000,reentry,0.04,RESEARCH-ONLY — exploratory_trade_surface,a,0.03,5.0,exploratory_trade_surface,a6edab19118abe85173fa9a8b0f4cbe4,19.5102916788606,0.025,context_space,sports_championship_conference_progression,nesting,,44914465637297319816681463234953032477919413063019359633128421605039733545953,529763df3bd541cd9fcd45fff4bf0ff5,2ef42c5114504a1f7287c7be
0.0,0.216075,1755219607000,reentry,0.04,RESEARCH-ONLY — exploratory_trade_surface,b,0.03,5.0,exploratory_trade_surface,a6edab19118abe85173fa9a8b0f4cbe4,23.140113386555594,0.025,context_space,sports_championship_conference_progression,nesting,,105874436620923713168019020245858616944322383958692280683224180064376992665538,d6beaa49f3574551b818e9bb2cb3bb92,2ef42c5114504a1f7287c7be
0.0,0.256275,1755223207000,reentry,0.04,RESEARCH-ONLY — exploratory_trade_surface,a,0.03,5.0,exploratory_trade_surface,a6edab19118abe85173fa9a8b0f4cbe4,19.5102916788606,0.025,context_space,sports_championship_conference_progression,nesting,,44914465637297319816681463234953032477919413063019359633128421605039733545953,8e36bbfb26614d65a1ac70c63ff3aa33,2ef42c5114504a1f7287c7be
0.0,0.216075,1755223207000,reentry,0.04,RESEARCH-ONLY — exploratory_trade_surface,b,0.03,5.0,exploratory_trade_surface,a6edab19118abe85173fa9a8b0f4cbe4,23.140113386555594,0.025,context_space,sports_championship_conference_progression,nesting,,105874436620923713168019020245858616944322383958692280683224180064376992665538,40ecc4c4166a437d88e14bf4719dc542,2ef42c5114504a1f7287c7be
0.0,0.256275,1755226807000,reentry,0.04,RESEARCH-ONLY — exploratory_trade_surface,a,0.03,5.0,exploratory_trade_surface,a6edab19118abe85173fa9a8b0f4cbe4,19.5102916788606,0.025,context_space,sports_championship_conference_progression,nesting,,44914465637297319816681463234953032477919413063019359633128421605039733545953,e1c8c335e63643fd9067dd6368aeb8ad,2ef42c5114504a1f7287c7be
0.0,0.216075,1755226807000,reentry,0.04,RESEARCH-ONLY — exploratory_trade_surface,b,0.03,5.0,exploratory_trade_surface,a6edab19118abe85173fa9a8b0f4cbe4,23.140113386555594,0.025,context_space,sports_championship_conference_progression,nesting,,105874436620923713168019020245858616944322383958692280683224180064376992665538,4f1a1f38a6024bb58e44839a488b77dd,2ef42c5114504a1f7287c7be
0.0,0.256275,1755230407000,reentry,0.04,RESEARCH-ONLY — exploratory_trade_surface,a,0.03,5.0,exploratory_trade_surface,a6edab19118abe85173fa9a8b0f4cbe4,19.5102916788606,0.025,context_space,sports_championship_conference_progression,nesting,,44914465637297319816681463234953032477919413063019359633128421605039733545953,8b93ab5d91864602a9f53191e579cbfa,2ef42c5114504a1f7287c7be
0.0,0.216075,1755230407000,reentry,0.04,RESEARCH-ONLY — exploratory_trade_surface,b,0.03,5.0,exploratory_trade_surface,a6edab19118abe85173fa9a8b0f4cbe4,23.140113386555594,0.025,context_space,sports_championship_conference_progression,nesting,,105874436620923713168019020245858616944322383958692280683224180064376992665538,b65d1b5434484f0381c6a1230d674be3,2ef42c5114504a1f7287c7be
0.0,0.256275,1755234007000,reentry,0.04,RESEARCH-ONLY — exploratory_trade_surface,a,0.03,5.0,exploratory_trade_surface,a6edab19118abe85173fa9a8b0f4cbe4,19.5102916788606,0.025,context_space,sports_championship_conference_progression,nesting,,44914465637297319816681463234953032477919413063019359633128421605039733545953,69321ef92e75477da5f517538d790e85,2ef42c5114504a1f7287c7be
0.0,0.216075,1755234007000,reentry,0.04,RESEARCH-ONLY — exploratory_trade_surface,b,0.03,5.0,exploratory_trade_surface,a6edab19118abe85173fa9a8b0f4cbe4,23.140113386555594,0.025,context_space,sports_championship_conference_progression,nesting,,105874436620923713168019020245858616944322383958692280683224180064376992665538,b8c34a7d7b464b24bab3485c09a44460,2ef42c5114504a1f7287c7be
0.0,0.256275,1755237607000,reentry,0.04,RESEARCH-ONLY — exploratory_trade_surface,a,0.03,5.0,exploratory_trade_surface,a6edab19118abe85173fa9a8b0f4cbe4,19.5102916788606,0.025,context_space,sports_championship_conference_progression,nesting,,44914465637297319816681463234953032477919413063019359633128421605039733545953,26f48985c5c44051b01b2ae430ce2356,2ef42c5114504a1f7287c7be
0.0,0.216075,1755237607000,reentry,0.04,RESEARCH-ONLY — exploratory_trade_surface,b,0.03,5.0,exploratory_trade_surface,a6edab19118abe85173fa9a8b0f4cbe4,23.140113386555594,0.025,context_space,sports_championship_conference_progression,nesting,,105874436620923713168019020245858616944322383958692280683224180064376992665538,d75823ae980e4c20afe0d95ba0a97256,2ef42c5114504a1f7287c7be
0.0,0.256275,1755241207000,reentry,0.04,RESEARCH-ONLY — exploratory_trade_surface,a,0.03,5.0,exploratory_trade_surface,a6edab19118abe85173fa9a8b0f4cbe4,19.5102916788606,0.025,context_space,sports_championship_conference_progression,nesting,,44914465637297319816681463234953032477919413063019359633128421605039733545953,daf69a8b4f6a49e68442df10e2961def,2ef42c5114504a1f7287c7be
0.0,0.216075,1755241207000,reentry,0.04,RESEARCH-ONLY — exploratory_trade_surface,b,0.03,5.0,exploratory_trade_surface,a6edab19118abe85173fa9a8b0f4cbe4,23.140113386555594,0.025,context_space,sports_championship_conference_progression,nesting,,105874436620923713168019020245858616944322383958692280683224180064376992665538,d387577941564953899c508ae91ea150,2ef42c5114504a1f7287c7be
0.0,0.256275,1755244807000,reentry,0.04,RESEARCH-ONLY — exploratory_trade_surface,a,0.03,5.0,exploratory_trade_surface,a6edab19118abe85173fa9a8b0f4cbe4,19.5102916788606,0.025,context_space,sports_championship_conference_progression,nesting,,44914465637297319816681463234953032477919413063019359633128421605039733545953,cb29055392c943999fae95e939219449,2ef42c5114504a1f7287c7be
0.0,0.216075,1755244807000,reentry,0.04,RESEARCH-ONLY — exploratory_trade_surface,b,0.03,5.0,exploratory_trade_surface,a6edab19118abe85173fa9a8b0f4cbe4,23.140113386555594,0.025,context_space,sports_championship_conference_progression,nesting,,105874436620923713168019020245858616944322383958692280683224180064376992665538,295ba06974c748c3be85faf01e633ea0,2ef42c5114504a1f7287c7be
0.0,0.256275,1755248407000,reentry,0.04,RESEARCH-ONLY — exploratory_trade_surface,a,0.03,5.0,exploratory_trade_surface,a6edab19118abe85173fa9a8b0f4cbe4,19.5102916788606,0.025,context_space,sports_championship_conference_progression,nesting,,44914465637297319816681463234953032477919413063019359633128421605039733545953,93c9f2abafc0430bb493fbc2e2d97e06,2ef42c5114504a1f7287c7be
0.0,0.216075,1755248407000,reentry,0.04,RESEARCH-ONLY — exploratory_trade_surface,b,0.03,5.0,exploratory_trade_surface,a6edab19118abe85173fa9a8b0f4cbe4,23.140113386555594,0.025,context_space,sports_championship_conference_progression,nesting,,105874436620923713168019020245858616944322383958692280683224180064376992665538,7aacd16416694e33ba80b5beb75a96e0,2ef42c5114504a1f7287c7be
0.0,0.256275,1755252007000,reentry,0.04,RESEARCH-ONLY — exploratory_trade_surface,a,0.03,5.0,exploratory_trade_surface,a6edab19118abe85173fa9a8b0f4cbe4,19.5102916788606,0.025,context_space,sports_championship_conference_progression,nesting,,44914465637297319816681463234953032477919413063019359633128421605039733545953,b267ffecfd0f435e90089508d1913fcf,2ef42c5114504a1f7287c7be
0.0,0.216075,1755252007000,reentry,0.04,RESEARCH-ONLY — exploratory_trade_surface,b,0.03,5.0,exploratory_trade_surface,a6edab19118abe85173fa9a8b0f4cbe4,23.140113386555594,0.025,context_space,sports_championship_conference_progression,nesting,,105874436620923713168019020245858616944322383958692280683224180064376992665538,54081b7d230e42b9b055096b78e0e981,2ef42c5114504a1f7287c7be
0.0,0.256275,1755255607000,reentry,0.04,RESEARCH-ONLY — exploratory_trade_surface,a,0.03,5.0,exploratory_trade_surface,a6edab19118abe85173fa9a8b0f4cbe4,19.5102916788606,0.025,context_space,sports_championship_conference_progression,nesting,,44914465637297319816681463234953032477919413063019359633128421605039733545953,ab51d541f7494c5b9db953c02a9d580f,2ef42c5114504a1f7287c7be
0.0,0.216075,1755255607000,reentry,0.04,RESEARCH-ONLY — exploratory_trade_surface,b,0.03,5.0,exploratory_trade_surface,a6edab19118abe85173fa9a8b0f4cbe4,23.140113386555594,0.025,context_space,sports_championship_conference_progression,nesting,,105874436620923713168019020245858616944322383958692280683224180064376992665538,64ecaf37db99452392c96630d9989d92,2ef42c5114504a1f7287c7be
0.0,0.256275,1755259207000,reentry,0.04,RESEARCH-ONLY — exploratory_trade_surface,a,0.03,5.0,exploratory_trade_surface,a6edab19118abe85173fa9a8b0f4cbe4,19.5102916788606,0.025,context_space,sports_championship_conference_progression,nesting,,44914465637297319816681463234953032477919413063019359633128421605039733545953,266ba7286786442a93a57a90d34ac7f8,2ef42c5114504a1f7287c7be
0.0,0.216075,1755259207000,reentry,0.04,RESEARCH-ONLY — exploratory_trade_surface,b,0.03,5.0,exploratory_trade_surface,a6edab19118abe85173fa9a8b0f4cbe4,23.140113386555594,0.025,context_space,sports_championship_conference_progression,nesting,,105874436620923713168019020245858616944322383958692280683224180064376992665538,c5c70ac44bf74f18905cea1930874349,2ef42c5114504a1f7287c7be
0.0,0.256275,1755432007000,reentry,0.035,RESEARCH-ONLY — exploratory_trade_surface,a,0.025,5.0,exploratory_trade_surface,a6edab19118abe85173fa9a8b0f4cbe4,19.5102916788606,0.025,context_space,sports_championship_conference_progression,nesting,,44914465637297319816681463234953032477919413063019359633128421605039733545953,3dd59ea5d3fc427985659469ed48fa4c,c7ac1826174ee9a23d55bdb4
0.0,0.2211,1755432007000,reentry,0.035,RESEARCH-ONLY — exploratory_trade_surface,b,0.025,5.0,exploratory_trade_surface,a6edab19118abe85173fa9a8b0f4cbe4,22.61420171867933,0.025,context_space,sports_championship_conference_progression,nesting,,105874436620923713168019020245858616944322383958692280683224180064376992665538,ee65c5bb01b84992a1f951cbbb57a70e,c7ac1826174ee9a23d55bdb4
0.0,0.256275,1755435607000,reentry,0.035,RESEARCH-ONLY — exploratory_trade_surface,a,0.025,5.0,exploratory_trade_surface,a6edab19118abe85173fa9a8b0f4cbe4,19.5102916788606,0.025,context_space,sports_championship_conference_progression,nesting,,44914465637297319816681463234953032477919413063019359633128421605039733545953,71fc11bc41904bc4ad23e8c1e774c56d,c7ac1826174ee9a23d55bdb4
0.0,0.2211,1755435607000,reentry,0.035,RESEARCH-ONLY — exploratory_trade_surface,b,0.025,5.0,exploratory_trade_surface,a6edab19118abe85173fa9a8b0f4cbe4,22.61420171867933,0.025,context_space,sports_championship_conference_progression,nesting,,105874436620923713168019020245858616944322383958692280683224180064376992665538,1717164b87234751ade15dca02ac577f,c7ac1826174ee9a23d55bdb4
0.0,0.256275,1755439207000,reentry,0.035,RESEARCH-ONLY — exploratory_trade_surface,a,0.025,5.0,exploratory_trade_surface,a6edab19118abe85173fa9a8b0f4cbe4,19.5102916788606,0.025,context_space,sports_championship_conference_progression,nesting,,44914465637297319816681463234953032477919413063019359633128421605039733545953,04c91cfa7103437aa178d6bc5b1ee06d,c7ac1826174ee9a23d55bdb4
0.0,0.2211,1755439207000,reentry,0.035,RESEARCH-ONLY — exploratory_trade_surface,b,0.025,5.0,exploratory_trade_surface,a6edab19118abe85173fa9a8b0f4cbe4,22.61420171867933,0.025,context_space,sports_championship_conference_progression,nesting,,105874436620923713168019020245858616944322383958692280683224180064376992665538,207d03e3d3cc4bfe8c6be3df29730146,c7ac1826174ee9a23d55bdb4
0.0,0.256275,1755442807000,reentry,0.035,RESEARCH-ONLY — exploratory_trade_surface,a,0.025,5.0,exploratory_trade_surface,a6edab19118abe85173fa9a8b0f4cbe4,19.5102916788606,0.025,context_space,sports_championship_conference_progression,nesting,,44914465637297319816681463234953032477919413063019359633128421605039733545953,7618f7f4f7394aa38e04c3dc82eef1cf,c7ac1826174ee9a23d55bdb4
0.0,0.2211,1755442807000,reentry,0.035,RESEARCH-ONLY — exploratory_trade_surface,b,0.025,5.0,exploratory_trade_surface,a6edab19118abe85173fa9a8b0f4cbe4,22.61420171867933,0.025,context_space,sports_championship_conference_progression,nesting,,105874436620923713168019020245858616944322383958692280683224180064376992665538,527f2274406f4610a028d8a3a8134bc2,c7ac1826174ee9a23d55bdb4
0.0,0.256275,1755446407000,reentry,0.035,RESEARCH-ONLY — exploratory_trade_surface,a,0.025,5.0,exploratory_trade_surface,a6edab19118abe85173fa9a8b0f4cbe4,19.5102916788606,0.025,context_space,sports_championship_conference_progression,nesting,,44914465637297319816681463234953032477919413063019359633128421605039733545953,4c75fc259151474fa7b7f7a9d5bb99f3,c7ac1826174ee9a23d55bdb4
0.0,0.2211,1755446407000,reentry,0.035,RESEARCH-ONLY — exploratory_trade_surface,b,0.025,5.0,exploratory_trade_surface,a6edab19118abe85173fa9a8b0f4cbe4,22.61420171867933,0.025,context_space,sports_championship_conference_progression,nesting,,105874436620923713168019020245858616944322383958692280683224180064376992665538,af5970d72037452fb02a3ba4a0947a0c,c7ac1826174ee9a23d55bdb4
0.0,0.256275,1755450007000,reentry,0.035,RESEARCH-ONLY — exploratory_trade_surface,a,0.025,5.0,exploratory_trade_surface,a6edab19118abe85173fa9a8b0f4cbe4,19.5102916788606,0.025,context_space,sports_championship_conference_progression,nesting,,44914465637297319816681463234953032477919413063019359633128421605039733545953,f0133cec34bf4b7ebdb0395f6d6fece1,c7ac1826174ee9a23d55bdb4
0.0,0.2211,1755450007000,reentry,0.035,RESEARCH-ONLY — exploratory_trade_surface,b,0.025,5.0,exploratory_trade_surface,a6edab19118abe85173fa9a8b0f4cbe4,22.61420171867933,0.025,context_space,sports_championship_conference_progression,nesting,,105874436620923713168019020245858616944322383958692280683224180064376992665538,0e87f67b2e8e4dfcacdbbfd2adbd8d35,c7ac1826174ee9a23d55bdb4
0.0,0.256275,1755453607000,reentry,0.035,RESEARCH-ONLY — exploratory_trade_surface,a,0.025,5.0,exploratory_trade_surface,a6edab19118abe85173fa9a8b0f4cbe4,19.5102916788606,0.025,context_space,sports_championship_conference_progression,nesting,,44914465637297319816681463234953032477919413063019359633128421605039733545953,c8661f55898c461fb15da4e6cfa35083,c7ac1826174ee9a23d55bdb4
0.0,0.2211,1755453607000,reentry,0.035,RESEARCH-ONLY — exploratory_trade_surface,b,0.025,5.0,exploratory_trade_surface,a6edab19118abe85173fa9a8b0f4cbe4,22.61420171867933,0.025,context_space,sports_championship_conference_progression,nesting,,105874436620923713168019020245858616944322383958692280683224180064376992665538,8fe7425862414e02bf5da97e5726f601,c7ac1826174ee9a23d55bdb4
0.0,0.039195,1765458007000,first,0.011,RESEARCH-ONLY — exploratory_trade_surface,a,0.001,5.0,exploratory_trade_surface,5910a43939d7ba6fe59cf6b80718e5c3,127.56729174639622,0.025,context_space,sports_championship_conference_progression,nesting,,12636035070565821048178968461063687179393834041535317885287743395873720755118,1a66d50981ab4a308f6c9c00624293de,daba84efdff911b3ab9f8d31
0.0,0.02814,1765458007000,first,0.011,RESEARCH-ONLY — exploratory_trade_surface,b,0.001,5.0,exploratory_trade_surface,5910a43939d7ba6fe59cf6b80718e5c3,177.68301350390902,0.025,context_space,sports_championship_conference_progression,nesting,,6842047670820419171425914468337077680927367717837404858652329372722501774629,2de57a956aab4283a03cf531f0992f20,daba84efdff911b3ab9f8d31
0.0,0.039195,1765461607000,reentry,0.011,RESEARCH-ONLY — exploratory_trade_surface,a,0.001,5.0,exploratory_trade_surface,5910a43939d7ba6fe59cf6b80718e5c3,127.56729174639622,0.025,context_space,sports_championship_conference_progression,nesting,,12636035070565821048178968461063687179393834041535317885287743395873720755118,02ebeffaf18f45b0814308e7c2a595d4,c20dc8304382fc0dd383afdc
0.0,0.02814,1765461607000,reentry,0.011,RESEARCH-ONLY — exploratory_trade_surface,b,0.001,5.0,exploratory_trade_surface,5910a43939d7ba6fe59cf6b80718e5c3,177.68301350390902,0.025,context_space,sports_championship_conference_progression,nesting,,6842047670820419171425914468337077680927367717837404858652329372722501774629,8d97b7b66ae542a996bdd7f8949b09f8,c20dc8304382fc0dd383afdc
0.0,0.039195,1765465207000,reentry,0.011,RESEARCH-ONLY — exploratory_trade_surface,a,0.001,5.0,exploratory_trade_surface,5910a43939d7ba6fe59cf6b80718e5c3,127.56729174639622,0.025,context_space,sports_championship_conference_progression,nesting,,12636035070565821048178968461063687179393834041535317885287743395873720755118,a61dca4a5ae140999c29a3e680cdbac4,f1fd8efa2df92114c6d87794
0.0,0.02814,1765465207000,reentry,0.011,RESEARCH-ONLY — exploratory_trade_surface,b,0.001,5.0,exploratory_trade_surface,5910a43939d7ba6fe59cf6b80718e5c3,177.68301350390902,0.025,context_space,sports_championship_conference_progression,nesting,,6842047670820419171425914468337077680927367717837404858652329372722501774629,f7fbed5f08ea41d3b3ce4925ead6ca6b,f1fd8efa2df92114c6d87794
0.0,0.039195,1765468807000,reentry,0.011,RESEARCH-ONLY — exploratory_trade_surface,a,0.001,5.0,exploratory_trade_surface,5910a43939d7ba6fe59cf6b80718e5c3,127.56729174639622,0.025,context_space,sports_championship_conference_progression,nesting,,12636035070565821048178968461063687179393834041535317885287743395873720755118,b7b023becc8c4501b904e349c1e84acb,c108ee3a0882c566143c7083
0.0,0.02814,1765468807000,reentry,0.011,RESEARCH-ONLY — exploratory_trade_surface,b,0.001,5.0,exploratory_trade_surface,5910a43939d7ba6fe59cf6b80718e5c3,177.68301350390902,0.025,context_space,sports_championship_conference_progression,nesting,,6842047670820419171425914468337077680927367717837404858652329372722501774629,994b58c211ae48a6a0c94c9f3bd0808c,c108ee3a0882c566143c7083
0.0,0.039195,1765472407000,reentry,0.011,RESEARCH-ONLY — exploratory_trade_surface,a,0.001,5.0,exploratory_trade_surface,5910a43939d7ba6fe59cf6b80718e5c3,127.56729174639622,0.025,context_space,sports_championship_conference_progression,nesting,,12636035070565821048178968461063687179393834041535317885287743395873720755118,c69e90f4457e45b8aee906d2ec45d23d,419ad19b06e7d94e130d0d6a
0.0,0.02814,1765472407000,reentry,0.011,RESEARCH-ONLY — exploratory_trade_surface,b,0.001,5.0,exploratory_trade_surface,5910a43939d7ba6fe59cf6b80718e5c3,177.68301350390902,0.025,context_space,sports_championship_conference_progression,nesting,,6842047670820419171425914468337077680927367717837404858652329372722501774629,ee6e7031068b41c7b4fe0e1111471a11,419ad19b06e7d94e130d0d6a
0.0,0.039195,1765476007000,reentry,0.011,RESEARCH-ONLY — exploratory_trade_surface,a,0.001,5.0,exploratory_trade_surface,5910a43939d7ba6fe59cf6b80718e5c3,127.56729174639622,0.025,context_space,sports_championship_conference_progression,nesting,,12636035070565821048178968461063687179393834041535317885287743395873720755118,9e5247ea511f47b3b47f779cfbc0c4e1,e624ca7cb1ac218d5c932460
0.0,0.02814,1765476007000,reentry,0.011,RESEARCH-ONLY — exploratory_trade_surface,b,0.001,5.0,exploratory_trade_surface,5910a43939d7ba6fe59cf6b80718e5c3,177.68301350390902,0.025,context_space,sports_championship_conference_progression,nesting,,6842047670820419171425914468337077680927367717837404858652329372722501774629,b9735143886440e9bea340d00014f3c3,e624ca7cb1ac218d5c932460
0.0,0.039195,1765479607000,reentry,0.011,RESEARCH-ONLY — exploratory_trade_surface,a,0.001,5.0,exploratory_trade_surface,5910a43939d7ba6fe59cf6b80718e5c3,127.56729174639622,0.025,context_space,sports_championship_conference_progression,nesting,,12636035070565821048178968461063687179393834041535317885287743395873720755118,ab05d814e16c4b429d75ff5dd7936256,672c7620f57fa448f4277f64
0.0,0.02814,1765479607000,reentry,0.011,RESEARCH-ONLY — exploratory_trade_surface,b,0.001,5.0,exploratory_trade_surface,5910a43939d7ba6fe59cf6b80718e5c3,177.68301350390902,0.025,context_space,sports_championship_conference_progression,nesting,,6842047670820419171425914468337077680927367717837404858652329372722501774629,5cbdf5643e9741c1a3c6ef235c1fddf4,672c7620f57fa448f4277f64
0.0,0.039195,1765483207000,reentry,0.011,RESEARCH-ONLY — exploratory_trade_surface,a,0.001,5.0,exploratory_trade_surface,5910a43939d7ba6fe59cf6b80718e5c3,127.56729174639622,0.025,context_space,sports_championship_conference_progression,nesting,,12636035070565821048178968461063687179393834041535317885287743395873720755118,2399255b59224fc88c5e57765e8ca2ca,b6982f6eb4a1ee033a8b3b02
0.0,0.02814,1765483207000,reentry,0.011,RESEARCH-ONLY — exploratory_trade_surface,b,0.001,5.0,exploratory_trade_surface,5910a43939d7ba6fe59cf6b80718e5c3,177.68301350390902,0.025,context_space,sports_championship_conference_progression,nesting,,6842047670820419171425914468337077680927367717837404858652329372722501774629,cf3e4fc9c103418285a074de2ce5efca,b6982f6eb4a1ee033a8b3b02
0.0,0.039195,1765486807000,reentry,0.011,RESEARCH-ONLY — exploratory_trade_surface,a,0.001,5.0,exploratory_trade_surface,5910a43939d7ba6fe59cf6b80718e5c3,127.56729174639622,0.025,context_space,sports_championship_conference_progression,nesting,,12636035070565821048178968461063687179393834041535317885287743395873720755118,f8d181eeaedb4253b195f458a1d59002,495e765605ac722ab5915b6f
0.0,0.02814,1765486807000,reentry,0.011,RESEARCH-ONLY — exploratory_trade_surface,b,0.001,5.0,exploratory_trade_surface,5910a43939d7ba6fe59cf6b80718e5c3,177.68301350390902,0.025,context_space,sports_championship_conference_progression,nesting,,6842047670820419171425914468337077680927367717837404858652329372722501774629,f49f75bb1f204d83a51676c6329ca487,495e765605ac722ab5915b6f
0.0,0.039195,1765490407000,reentry,0.011,RESEARCH-ONLY — exploratory_trade_surface,a,0.001,5.0,exploratory_trade_surface,5910a43939d7ba6fe59cf6b80718e5c3,127.56729174639622,0.025,context_space,sports_championship_conference_progression,nesting,,12636035070565821048178968461063687179393834041535317885287743395873720755118,595728a91105428b975c73fb051c1cbe,596799296fcc5438557c415c
0.0,0.02814,1765490407000,reentry,0.011,RESEARCH-ONLY — exploratory_trade_surface,b,0.001,5.0,exploratory_trade_surface,5910a43939d7ba6fe59cf6b80718e5c3,177.68301350390902,0.025,context_space,sports_championship_conference_progression,nesting,,6842047670820419171425914468337077680927367717837404858652329372722501774629,a9d455a0a7cc44aea8531d536344845d,596799296fcc5438557c415c
0.0,0.039195,1765494007000,reentry,0.011,RESEARCH-ONLY — exploratory_trade_surface,a,0.001,5.0,exploratory_trade_surface,5910a43939d7ba6fe59cf6b80718e5c3,127.56729174639622,0.025,context_space,sports_championship_conference_progression,nesting,,12636035070565821048178968461063687179393834041535317885287743395873720755118,357512b7b806479f92b0fe1eefac9750,643a9ccf59884e2fd303293a
0.0,0.02814,1765494007000,reentry,0.011,RESEARCH-ONLY — exploratory_trade_surface,b,0.001,5.0,exploratory_trade_surface,5910a43939d7ba6fe59cf6b80718e5c3,177.68301350390902,0.025,context_space,sports_championship_conference_progression,nesting,,6842047670820419171425914468337077680927367717837404858652329372722501774629,f75ba3e604984688b9379f88020da231,643a9ccf59884e2fd303293a
0.0,0.039195,1765497607000,reentry,0.011,RESEARCH-ONLY — exploratory_trade_surface,a,0.001,5.0,exploratory_trade_surface,5910a43939d7ba6fe59cf6b80718e5c3,127.56729174639622,0.025,context_space,sports_championship_conference_progression,nesting,,12636035070565821048178968461063687179393834041535317885287743395873720755118,155da27a1405448eb303fc0000ac8a95,65418d8c7a87ad49b995fc6e
0.0,0.02814,1765497607000,reentry,0.011,RESEARCH-ONLY — exploratory_trade_surface,b,0.001,5.0,exploratory_trade_surface,5910a43939d7ba6fe59cf6b80718e5c3,177.68301350390902,0.025,context_space,sports_championship_conference_progression,nesting,,6842047670820419171425914468337077680927367717837404858652329372722501774629,a56b31eef6424f85bc9b273b336c4455,65418d8c7a87ad49b995fc6e
0.0,0.03819,1765544407000,reentry,0.0105,RESEARCH-ONLY — exploratory_trade_surface,a,0.0005,5.0,exploratory_trade_surface,5910a43939d7ba6fe59cf6b80718e5c3,130.92432573972243,0.025,context_space,sports_championship_conference_progression,nesting,,12636035070565821048178968461063687179393834041535317885287743395873720755118,672bab58ecd14d8793d603766dd14ed5,257abb69d43f4f315bb6ef5a
0.0,0.0276375,1765544407000,reentry,0.0105,RESEARCH-ONLY — exploratory_trade_surface,b,0.0005,5.0,exploratory_trade_surface,5910a43939d7ba6fe59cf6b80718e5c3,180.91361374943463,0.025,context_space,sports_championship_conference_progression,nesting,,6842047670820419171425914468337077680927367717837404858652329372722501774629,0873aff38b8149319b107d6890d8ba71,257abb69d43f4f315bb6ef5a
0.0,0.03819,1765548007000,reentry,0.0105,RESEARCH-ONLY — exploratory_trade_surface,a,0.0005,5.0,exploratory_trade_surface,5910a43939d7ba6fe59cf6b80718e5c3,130.92432573972243,0.025,context_space,sports_championship_conference_progression,nesting,,12636035070565821048178968461063687179393834041535317885287743395873720755118,1543e55cbb7c4b89ab7977fe749f2022,d41ae5a68d4c6b5a5a2f77bb
0.0,0.0276375,1765548007000,reentry,0.0105,RESEARCH-ONLY — exploratory_trade_surface,b,0.0005,5.0,exploratory_trade_surface,5910a43939d7ba6fe59cf6b80718e5c3,180.91361374943463,0.025,context_space,sports_championship_conference_progression,nesting,,6842047670820419171425914468337077680927367717837404858652329372722501774629,609564ed17f54e839408ec1c0848a4f3,d41ae5a68d4c6b5a5a2f77bb
0.0,0.03819,1765551607000,reentry,0.0105,RESEARCH-ONLY — exploratory_trade_surface,a,0.0005,5.0,exploratory_trade_surface,5910a43939d7ba6fe59cf6b80718e5c3,130.92432573972243,0.025,context_space,sports_championship_conference_progression,nesting,,12636035070565821048178968461063687179393834041535317885287743395873720755118,8451d501fadc4f62a6862fee3a76caf5,df9f0d0f5f9e6a3e359a8ffa
0.0,0.0276375,1765551607000,reentry,0.0105,RESEARCH-ONLY — exploratory_trade_surface,b,0.0005,5.0,exploratory_trade_surface,5910a43939d7ba6fe59cf6b80718e5c3,180.91361374943463,0.025,context_space,sports_championship_conference_progression,nesting,,6842047670820419171425914468337077680927367717837404858652329372722501774629,fcf7555e421d4c8fab99f24333bafbe8,df9f0d0f5f9e6a3e359a8ffa
0.0,0.03819,1765555207000,reentry,0.0105,RESEARCH-ONLY — exploratory_trade_surface,a,0.0005,5.0,exploratory_trade_surface,5910a43939d7ba6fe59cf6b80718e5c3,130.92432573972243,0.025,context_space,sports_championship_conference_progression,nesting,,12636035070565821048178968461063687179393834041535317885287743395873720755118,dd4b610ebb4345b986fc3fe556d0d25f,e65ca70c598fb9834aa2920c
0.0,0.0276375,1765555207000,reentry,0.0105,RESEARCH-ONLY — exploratory_trade_surface,b,0.0005,5.0,exploratory_trade_surface,5910a43939d7ba6fe59cf6b80718e5c3,180.91361374943463,0.025,context_space,sports_championship_conference_progression,nesting,,6842047670820419171425914468337077680927367717837404858652329372722501774629,db6663887fc8413fa92205b5595eeb37,e65ca70c598fb9834aa2920c
0.0,0.03819,1765558807000,reentry,0.0105,RESEARCH-ONLY — exploratory_trade_surface,a,0.0005,5.0,exploratory_trade_surface,5910a43939d7ba6fe59cf6b80718e5c3,130.92432573972243,0.025,context_space,sports_championship_conference_progression,nesting,,12636035070565821048178968461063687179393834041535317885287743395873720755118,63de0c13333f4bbc8aa3f8534e919bcd,23eb9b402044de31a9e39494
0.0,0.0276375,1765558807000,reentry,0.0105,RESEARCH-ONLY — exploratory_trade_surface,b,0.0005,5.0,exploratory_trade_surface,5910a43939d7ba6fe59cf6b80718e5c3,180.91361374943463,0.025,context_space,sports_championship_conference_progression,nesting,,6842047670820419171425914468337077680927367717837404858652329372722501774629,6a6fab82d2f44298a9be4b0b4fb4646a,23eb9b402044de31a9e39494
0.0,0.03819,1765562407000,reentry,0.0105,RESEARCH-ONLY — exploratory_trade_surface,a,0.0005,5.0,exploratory_trade_surface,5910a43939d7ba6fe59cf6b80718e5c3,130.92432573972243,0.025,context_space,sports_championship_conference_progression,nesting,,12636035070565821048178968461063687179393834041535317885287743395873720755118,79158afce3f14b9fa6a8025f7a581f62,c1b134d56c16d38e5f73e088
0.0,0.0276375,1765562407000,reentry,0.0105,RESEARCH-ONLY — exploratory_trade_surface,b,0.0005,5.0,exploratory_trade_surface,5910a43939d7ba6fe59cf6b80718e5c3,180.91361374943463,0.025,context_space,sports_championship_conference_progression,nesting,,6842047670820419171425914468337077680927367717837404858652329372722501774629,ae4e188bb78645ebba2a534cda83ae2c,c1b134d56c16d38e5f73e088
0.0,0.03819,1765566007000,reentry,0.0105,RESEARCH-ONLY — exploratory_trade_surface,a,0.0005,5.0,exploratory_trade_surface,5910a43939d7ba6fe59cf6b80718e5c3,130.92432573972243,0.025,context_space,sports_championship_conference_progression,nesting,,12636035070565821048178968461063687179393834041535317885287743395873720755118,3f8c0a3d26cc4bec881aca643ae61b40,1733d862f8891889a48c913a
0.0,0.0276375,1765566007000,reentry,0.0105,RESEARCH-ONLY — exploratory_trade_surface,b,0.0005,5.0,exploratory_trade_surface,5910a43939d7ba6fe59cf6b80718e5c3,180.91361374943463,0.025,context_space,sports_championship_conference_progression,nesting,,6842047670820419171425914468337077680927367717837404858652329372722501774629,4fe921f737784e988ddd84800794e34d,1733d862f8891889a48c913a
0.0,0.03819,1765569607000,reentry,0.0105,RESEARCH-ONLY — exploratory_trade_surface,a,0.0005,5.0,exploratory_trade_surface,5910a43939d7ba6fe59cf6b80718e5c3,130.92432573972243,0.025,context_space,sports_championship_conference_progression,nesting,,12636035070565821048178968461063687179393834041535317885287743395873720755118,a71943869f204788b2ba7c07d67b5a04,5d283cd10c0cb8686d9c3f08
0.0,0.0276375,1765569607000,reentry,0.0105,RESEARCH-ONLY — exploratory_trade_surface,b,0.0005,5.0,exploratory_trade_surface,5910a43939d7ba6fe59cf6b80718e5c3,180.91361374943463,0.025,context_space,sports_championship_conference_progression,nesting,,6842047670820419171425914468337077680927367717837404858652329372722501774629,a1462db22fc34706ad1878648dec3912,5d283cd10c0cb8686d9c3f08
0.0,0.0417075,1777510807000,first,0.0115,RESEARCH-ONLY — exploratory_trade_surface,a,0.0015,5.0,exploratory_trade_surface,5cbaac0833c565c415abb666711492a7,119.88251513516754,0.025,context_space,sports_championship_conference_progression,nesting,,70799758189725267592147252808427831117090382599571633897338944002834894241449,a40e575346cb4119a9b9f1617331f027,e50d2b1f5631ecf357b1657e
0.0,0.03015,1777510807000,first,0.0115,RESEARCH-ONLY — exploratory_trade_surface,b,0.0015,5.0,exploratory_trade_surface,5cbaac0833c565c415abb666711492a7,165.8374792703151,0.025,context_space,sports_championship_conference_progression,nesting,,92156510891798873020497715268024772851858076229893943637545856397683791106647,f8809530bc0d498ba371fe49d720aed9,e50d2b1f5631ecf357b1657e
0.0,0.0417075,1777514407000,reentry,0.0115,RESEARCH-ONLY — exploratory_trade_surface,a,0.0015,5.0,exploratory_trade_surface,5cbaac0833c565c415abb666711492a7,119.88251513516754,0.025,context_space,sports_championship_conference_progression,nesting,,70799758189725267592147252808427831117090382599571633897338944002834894241449,0b12f03367d14e519aa5dd7a9fc91e75,1e99007e664fc7db514ea195
0.0,0.03015,1777514407000,reentry,0.0115,RESEARCH-ONLY — exploratory_trade_surface,b,0.0015,5.0,exploratory_trade_surface,5cbaac0833c565c415abb666711492a7,165.8374792703151,0.025,context_space,sports_championship_conference_progression,nesting,,92156510891798873020497715268024772851858076229893943637545856397683791106647,827b5d03f285404d99796ac39d9fe0eb,1e99007e664fc7db514ea195
0.0,0.0417075,1777518007000,reentry,0.0115,RESEARCH-ONLY — exploratory_trade_surface,a,0.0015,5.0,exploratory_trade_surface,5cbaac0833c565c415abb666711492a7,119.88251513516754,0.025,context_space,sports_championship_conference_progression,nesting,,70799758189725267592147252808427831117090382599571633897338944002834894241449,726a4f85af1348e3a717440a82a244b7,4720e83618b58d5a32717b4f
0.0,0.03015,1777518007000,reentry,0.0115,RESEARCH-ONLY — exploratory_trade_surface,b,0.0015,5.0,exploratory_trade_surface,5cbaac0833c565c415abb666711492a7,165.8374792703151,0.025,context_space,sports_championship_conference_progression,nesting,,92156510891798873020497715268024772851858076229893943637545856397683791106647,5ae76189eb80454b9af18eb630ee91c8,4720e83618b58d5a32717b4f
0.0,0.0417075,1777521607000,reentry,0.0115,RESEARCH-ONLY — exploratory_trade_surface,a,0.0015,5.0,exploratory_trade_surface,5cbaac0833c565c415abb666711492a7,119.88251513516754,0.025,context_space,sports_championship_conference_progression,nesting,,70799758189725267592147252808427831117090382599571633897338944002834894241449,cd2a86107e014a96929b18972021cb03,aa01f8ef28949ba9d99ab414
0.0,0.03015,1777521607000,reentry,0.0115,RESEARCH-ONLY — exploratory_trade_surface,b,0.0015,5.0,exploratory_trade_surface,5cbaac0833c565c415abb666711492a7,165.8374792703151,0.025,context_space,sports_championship_conference_progression,nesting,,92156510891798873020497715268024772851858076229893943637545856397683791106647,a8b1a517a3644bb39b8cd88f31cfe86f,aa01f8ef28949ba9d99ab414
0.0,0.0417075,1777525207000,reentry,0.0115,RESEARCH-ONLY — exploratory_trade_surface,a,0.0015,5.0,exploratory_trade_surface,5cbaac0833c565c415abb666711492a7,119.88251513516754,0.025,context_space,sports_championship_conference_progression,nesting,,70799758189725267592147252808427831117090382599571633897338944002834894241449,c2f7638a79dc44c183446ae0d57f478f,2ea09ac52a7282c26b19b992
0.0,0.03015,1777525207000,reentry,0.0115,RESEARCH-ONLY — exploratory_trade_surface,b,0.0015,5.0,exploratory_trade_surface,5cbaac0833c565c415abb666711492a7,165.8374792703151,0.025,context_space,sports_championship_conference_progression,nesting,,92156510891798873020497715268024772851858076229893943637545856397683791106647,8d2b8010d7e940d99b4261d528f3aeb3,2ea09ac52a7282c26b19b992
0.0,0.0417075,1777528807000,reentry,0.0115,RESEARCH-ONLY — exploratory_trade_surface,a,0.0015,5.0,exploratory_trade_surface,5cbaac0833c565c415abb666711492a7,119.88251513516754,0.025,context_space,sports_championship_conference_progression,nesting,,70799758189725267592147252808427831117090382599571633897338944002834894241449,cf0d75e2ad2940f192934996f89f5027,2c27177ab5e8b3a7e6301b78
0.0,0.03015,1777528807000,reentry,0.0115,RESEARCH-ONLY — exploratory_trade_surface,b,0.0015,5.0,exploratory_trade_surface,5cbaac0833c565c415abb666711492a7,165.8374792703151,0.025,context_space,sports_championship_conference_progression,nesting,,92156510891798873020497715268024772851858076229893943637545856397683791106647,d47b1b6576db4d84baf5be73c94d6d9a,2c27177ab5e8b3a7e6301b78
0.0,0.0417075,1777532407000,reentry,0.0115,RESEARCH-ONLY — exploratory_trade_surface,a,0.0015,5.0,exploratory_trade_surface,5cbaac0833c565c415abb666711492a7,119.88251513516754,0.025,context_space,sports_championship_conference_progression,nesting,,70799758189725267592147252808427831117090382599571633897338944002834894241449,daa8adb192b24b209af1962ff03b2ef2,600d696dbdd2c9539616a8ce
0.0,0.03015,1777532407000,reentry,0.0115,RESEARCH-ONLY — exploratory_trade_surface,b,0.0015,5.0,exploratory_trade_surface,5cbaac0833c565c415abb666711492a7,165.8374792703151,0.025,context_space,sports_championship_conference_progression,nesting,,92156510891798873020497715268024772851858076229893943637545856397683791106647,bcbf1318bf834b5c969ffb58923e9638,600d696dbdd2c9539616a8ce
0.0,0.0417075,1777536007000,reentry,0.0115,RESEARCH-ONLY — exploratory_trade_surface,a,0.0015,5.0,exploratory_trade_surface,5cbaac0833c565c415abb666711492a7,119.88251513516754,0.025,context_space,sports_championship_conference_progression,nesting,,70799758189725267592147252808427831117090382599571633897338944002834894241449,80375d7386ca4eb9af05f79ea8b30792,43661a22f4a15f37c2cbeaab
0.0,0.03015,1777536007000,reentry,0.0115,RESEARCH-ONLY — exploratory_trade_surface,b,0.0015,5.0,exploratory_trade_surface,5cbaac0833c565c415abb666711492a7,165.8374792703151,0.025,context_space,sports_championship_conference_progression,nesting,,92156510891798873020497715268024772851858076229893943637545856397683791106647,d62e076fd9c2414fbd43f51a77cd9dd1,43661a22f4a15f37c2cbeaab
0.0,0.0417075,1777539607000,reentry,0.0115,RESEARCH-ONLY — exploratory_trade_surface,a,0.0015,5.0,exploratory_trade_surface,5cbaac0833c565c415abb666711492a7,119.88251513516754,0.025,context_space,sports_championship_conference_progression,nesting,,70799758189725267592147252808427831117090382599571633897338944002834894241449,3ded78acac094a7188496abf7b13a7cf,98da7c63ae5550f86a71bf87
0.0,0.03015,1777539607000,reentry,0.0115,RESEARCH-ONLY — exploratory_trade_surface,b,0.0015,5.0,exploratory_trade_surface,5cbaac0833c565c415abb666711492a7,165.8374792703151,0.025,context_space,sports_championship_conference_progression,nesting,,92156510891798873020497715268024772851858076229893943637545856397683791106647,369acbd4bae54016a01a5c89e5e5aadd,98da7c63ae5550f86a71bf87
0.0,0.0417075,1777543207000,reentry,0.0115,RESEARCH-ONLY — exploratory_trade_surface,a,0.0015,5.0,exploratory_trade_surface,5cbaac0833c565c415abb666711492a7,119.88251513516754,0.025,context_space,sports_championship_conference_progression,nesting,,70799758189725267592147252808427831117090382599571633897338944002834894241449,f59f3938f9b44de98259b71a5f173226,56f5f784703f76c0d8b56ce7
0.0,0.03015,1777543207000,reentry,0.0115,RESEARCH-ONLY — exploratory_trade_surface,b,0.0015,5.0,exploratory_trade_surface,5cbaac0833c565c415abb666711492a7,165.8374792703151,0.025,context_space,sports_championship_conference_progression,nesting,,92156510891798873020497715268024772851858076229893943637545856397683791106647,4cb6f0076259475ea388fd52b1d485ba,56f5f784703f76c0d8b56ce7
0.0,0.0417075,1777546807000,reentry,0.0115,RESEARCH-ONLY — exploratory_trade_surface,a,0.0015,5.0,exploratory_trade_surface,5cbaac0833c565c415abb666711492a7,119.88251513516754,0.025,context_space,sports_championship_conference_progression,nesting,,70799758189725267592147252808427831117090382599571633897338944002834894241449,ae1bdb86f2014a3382a6d6648e271d71,8527082738dc14acc309e86f
0.0,0.03015,1777546807000,reentry,0.0115,RESEARCH-ONLY — exploratory_trade_surface,b,0.0015,5.0,exploratory_trade_surface,5cbaac0833c565c415abb666711492a7,165.8374792703151,0.025,context_space,sports_championship_conference_progression,nesting,,92156510891798873020497715268024772851858076229893943637545856397683791106647,f3ad7251a00647a0a822449c1c0ba6a5,8527082738dc14acc309e86f
0.0,0.0417075,1777550407000,reentry,0.0105,RESEARCH-ONLY — exploratory_trade_surface,a,0.0005,5.0,exploratory_trade_surface,5cbaac0833c565c415abb666711492a7,119.88251513516754,0.025,context_space,sports_championship_conference_progression,nesting,,70799758189725267592147252808427831117090382599571633897338944002834894241449,27c4cf72e15c4e0cb2296122015b4102,0eca322b48010d240f7f3daa
0.0,0.031155,1777550407000,reentry,0.0105,RESEARCH-ONLY — exploratory_trade_surface,b,0.0005,5.0,exploratory_trade_surface,5cbaac0833c565c415abb666711492a7,160.48788316482106,0.025,context_space,sports_championship_conference_progression,nesting,,92156510891798873020497715268024772851858076229893943637545856397683791106647,b2f76c3e458747dc9572c48c2e4fc787,0eca322b48010d240f7f3daa
0.0,0.105525,1760144410000,first,0.01,RESEARCH-ONLY — exploratory_trade_surface,a,0.0,5.0,exploratory_trade_surface,4d8e3f1dfa6859ea0a922dd6e3d3c163,47.38213693437574,0.025,context_space,sports_ranking_finish_position,nesting,,29725743828384026112095079361082994940901930932912573284486248321525587766137,9462ae6c9e7343a3b41c2593def31a22,6d3b3c938b6ba0d9642c9f44
0.0,0.095475,1760144410000,first,0.01,RESEARCH-ONLY — exploratory_trade_surface,b,0.0,5.0,exploratory_trade_surface,4d8e3f1dfa6859ea0a922dd6e3d3c163,52.36973029588898,0.025,context_space,sports_ranking_finish_position,nesting,,51695045148799175684172272379992088967817952288318390606428003376915476428349,78a9ca6b398048bcba5583d70352c540,6d3b3c938b6ba0d9642c9f44
0.0,0.105525,1760148010000,reentry,0.01,RESEARCH-ONLY — exploratory_trade_surface,a,0.0,5.0,exploratory_trade_surface,4d8e3f1dfa6859ea0a922dd6e3d3c163,47.38213693437574,0.025,context_space,sports_ranking_finish_position,nesting,,29725743828384026112095079361082994940901930932912573284486248321525587766137,99f888da6ac6493ab836e16b5f068468,6d3b3c938b6ba0d9642c9f44
0.0,0.095475,1760148010000,reentry,0.01,RESEARCH-ONLY — exploratory_trade_surface,b,0.0,5.0,exploratory_trade_surface,4d8e3f1dfa6859ea0a922dd6e3d3c163,52.36973029588898,0.025,context_space,sports_ranking_finish_position,nesting,,51695045148799175684172272379992088967817952288318390606428003376915476428349,6cf00b8743dc4e3aa48137b9ce579b55,6d3b3c938b6ba0d9642c9f44
0.0,0.105525,1760151610000,reentry,0.01,RESEARCH-ONLY — exploratory_trade_surface,a,0.0,5.0,exploratory_trade_surface,4d8e3f1dfa6859ea0a922dd6e3d3c163,47.38213693437574,0.025,context_space,sports_ranking_finish_position,nesting,,29725743828384026112095079361082994940901930932912573284486248321525587766137,82eb7833d81a4e11a91e2f06c5fe5e20,6d3b3c938b6ba0d9642c9f44
0.0,0.095475,1760151610000,reentry,0.01,RESEARCH-ONLY — exploratory_trade_surface,b,0.0,5.0,exploratory_trade_surface,4d8e3f1dfa6859ea0a922dd6e3d3c163,52.36973029588898,0.025,context_space,sports_ranking_finish_position,nesting,,51695045148799175684172272379992088967817952288318390606428003376915476428349,04d19eb458eb43b6b541229bd1226f3a,6d3b3c938b6ba0d9642c9f44
0.0,0.105525,1760155210000,reentry,0.01,RESEARCH-ONLY — exploratory_trade_surface,a,0.0,5.0,exploratory_trade_surface,4d8e3f1dfa6859ea0a922dd6e3d3c163,47.38213693437574,0.025,context_space,sports_ranking_finish_position,nesting,,29725743828384026112095079361082994940901930932912573284486248321525587766137,3fe44bfeb633466281bcb9679c075863,6d3b3c938b6ba0d9642c9f44
0.0,0.095475,1760155210000,reentry,0.01,RESEARCH-ONLY — exploratory_trade_surface,b,0.0,5.0,exploratory_trade_surface,4d8e3f1dfa6859ea0a922dd6e3d3c163,52.36973029588898,0.025,context_space,sports_ranking_finish_position,nesting,,51695045148799175684172272379992088967817952288318390606428003376915476428349,4a2f94bb4c4140ae9c1cbe4eec1de815,6d3b3c938b6ba0d9642c9f44
0.0,0.105525,1760158810000,reentry,0.01,RESEARCH-ONLY — exploratory_trade_surface,a,0.0,5.0,exploratory_trade_surface,4d8e3f1dfa6859ea0a922dd6e3d3c163,47.38213693437574,0.025,context_space,sports_ranking_finish_position,nesting,,29725743828384026112095079361082994940901930932912573284486248321525587766137,371c284984174f92b4976eccc63cd94e,6d3b3c938b6ba0d9642c9f44
0.0,0.095475,1760158810000,reentry,0.01,RESEARCH-ONLY — exploratory_trade_surface,b,0.0,5.0,exploratory_trade_surface,4d8e3f1dfa6859ea0a922dd6e3d3c163,52.36973029588898,0.025,context_space,sports_ranking_finish_position,nesting,,51695045148799175684172272379992088967817952288318390606428003376915476428349,1c0840c4f968444e85b6ee3557a2e70a,6d3b3c938b6ba0d9642c9f44
0.0,0.105525,1760162410000,reentry,0.01,RESEARCH-ONLY — exploratory_trade_surface,a,0.0,5.0,exploratory_trade_surface,4d8e3f1dfa6859ea0a922dd6e3d3c163,47.38213693437574,0.025,context_space,sports_ranking_finish_position,nesting,,29725743828384026112095079361082994940901930932912573284486248321525587766137,7500bc4911be42519ff7f98e17e3529b,6d3b3c938b6ba0d9642c9f44
0.0,0.095475,1760162410000,reentry,0.01,RESEARCH-ONLY — exploratory_trade_surface,b,0.0,5.0,exploratory_trade_surface,4d8e3f1dfa6859ea0a922dd6e3d3c163,52.36973029588898,0.025,context_space,sports_ranking_finish_position,nesting,,51695045148799175684172272379992088967817952288318390606428003376915476428349,9f6bd28b6e6b42b2acfb65b411b8f7f6,6d3b3c938b6ba0d9642c9f44
0.0,0.105525,1760166010000,reentry,0.01,RESEARCH-ONLY — exploratory_trade_surface,a,0.0,5.0,exploratory_trade_surface,4d8e3f1dfa6859ea0a922dd6e3d3c163,47.38213693437574,0.025,context_space,sports_ranking_finish_position,nesting,,29725743828384026112095079361082994940901930932912573284486248321525587766137,b35b9ecc1c5a4dc7975c9efa1e59092a,6d3b3c938b6ba0d9642c9f44
0.0,0.095475,1760166010000,reentry,0.01,RESEARCH-ONLY — exploratory_trade_surface,b,0.0,5.0,exploratory_trade_surface,4d8e3f1dfa6859ea0a922dd6e3d3c163,52.36973029588898,0.025,context_space,sports_ranking_finish_position,nesting,,51695045148799175684172272379992088967817952288318390606428003376915476428349,6f7a1b9e0ccc47c1a359b3f85e6b87d8,6d3b3c938b6ba0d9642c9f44
0.0,0.105525,1760169610000,reentry,0.01,RESEARCH-ONLY — exploratory_trade_surface,a,0.0,5.0,exploratory_trade_surface,4d8e3f1dfa6859ea0a922dd6e3d3c163,47.38213693437574,0.025,context_space,sports_ranking_finish_position,nesting,,29725743828384026112095079361082994940901930932912573284486248321525587766137,1c05baf5b4494237bce4e8156834a998,6d3b3c938b6ba0d9642c9f44
0.0,0.095475,1760169610000,reentry,0.01,RESEARCH-ONLY — exploratory_trade_surface,b,0.0,5.0,exploratory_trade_surface,4d8e3f1dfa6859ea0a922dd6e3d3c163,52.36973029588898,0.025,context_space,sports_ranking_finish_position,nesting,,51695045148799175684172272379992088967817952288318390606428003376915476428349,87f42920cb6c431093c66b2769432ac5,6d3b3c938b6ba0d9642c9f44
0.0,0.105525,1760173210000,reentry,0.01,RESEARCH-ONLY — exploratory_trade_surface,a,0.0,5.0,exploratory_trade_surface,4d8e3f1dfa6859ea0a922dd6e3d3c163,47.38213693437574,0.025,context_space,sports_ranking_finish_position,nesting,,29725743828384026112095079361082994940901930932912573284486248321525587766137,80012c182f944e539c867f8212adb639,6d3b3c938b6ba0d9642c9f44
0.0,0.095475,1760173210000,reentry,0.01,RESEARCH-ONLY — exploratory_trade_surface,b,0.0,5.0,exploratory_trade_surface,4d8e3f1dfa6859ea0a922dd6e3d3c163,52.36973029588898,0.025,context_space,sports_ranking_finish_position,nesting,,51695045148799175684172272379992088967817952288318390606428003376915476428349,0766344182544f688684ab9622f97ba4,6d3b3c938b6ba0d9642c9f44
0.0,0.105525,1760176810000,reentry,0.01,RESEARCH-ONLY — exploratory_trade_surface,a,0.0,5.0,exploratory_trade_surface,4d8e3f1dfa6859ea0a922dd6e3d3c163,47.38213693437574,0.025,context_space,sports_ranking_finish_position,nesting,,29725743828384026112095079361082994940901930932912573284486248321525587766137,6d9c323c03344c77a84d3de093e96789,6d3b3c938b6ba0d9642c9f44
0.0,0.095475,1760176810000,reentry,0.01,RESEARCH-ONLY — exploratory_trade_surface,b,0.0,5.0,exploratory_trade_surface,4d8e3f1dfa6859ea0a922dd6e3d3c163,52.36973029588898,0.025,context_space,sports_ranking_finish_position,nesting,,51695045148799175684172272379992088967817952288318390606428003376915476428349,899f784744134c208d8ad3652899b9d8,6d3b3c938b6ba0d9642c9f44
0.0,0.105525,1760180410000,reentry,0.01,RESEARCH-ONLY — exploratory_trade_surface,a,0.0,5.0,exploratory_trade_surface,4d8e3f1dfa6859ea0a922dd6e3d3c163,47.38213693437574,0.025,context_space,sports_ranking_finish_position,nesting,,29725743828384026112095079361082994940901930932912573284486248321525587766137,3814d49e56e2407b97457c86f4e48f65,6d3b3c938b6ba0d9642c9f44
0.0,0.095475,1760180410000,reentry,0.01,RESEARCH-ONLY — exploratory_trade_surface,b,0.0,5.0,exploratory_trade_surface,4d8e3f1dfa6859ea0a922dd6e3d3c163,52.36973029588898,0.025,context_space,sports_ranking_finish_position,nesting,,51695045148799175684172272379992088967817952288318390606428003376915476428349,7e510282aa2741b38c92b712bc3d2d46,6d3b3c938b6ba0d9642c9f44
0.0,0.105525,1760184010000,reentry,0.01,RESEARCH-ONLY — exploratory_trade_surface,a,0.0,5.0,exploratory_trade_surface,4d8e3f1dfa6859ea0a922dd6e3d3c163,47.38213693437574,0.025,context_space,sports_ranking_finish_position,nesting,,29725743828384026112095079361082994940901930932912573284486248321525587766137,8a872c92484043ad9ba2241fe413eb0b,6d3b3c938b6ba0d9642c9f44
0.0,0.095475,1760184010000,reentry,0.01,RESEARCH-ONLY — exploratory_trade_surface,b,0.0,5.0,exploratory_trade_surface,4d8e3f1dfa6859ea0a922dd6e3d3c163,52.36973029588898,0.025,context_space,sports_ranking_finish_position,nesting,,51695045148799175684172272379992088967817952288318390606428003376915476428349,7d8c71a36694424c9ad5ab2c5170e31a,6d3b3c938b6ba0d9642c9f44
0.0,0.105525,1760187610000,reentry,0.01,RESEARCH-ONLY — exploratory_trade_surface,a,0.0,5.0,exploratory_trade_surface,4d8e3f1dfa6859ea0a922dd6e3d3c163,47.38213693437574,0.025,context_space,sports_ranking_finish_position,nesting,,29725743828384026112095079361082994940901930932912573284486248321525587766137,d44f02aac5ac430cacf5debfd491aa00,6d3b3c938b6ba0d9642c9f44
0.0,0.095475,1760187610000,reentry,0.01,RESEARCH-ONLY — exploratory_trade_surface,b,0.0,5.0,exploratory_trade_surface,4d8e3f1dfa6859ea0a922dd6e3d3c163,52.36973029588898,0.025,context_space,sports_ranking_finish_position,nesting,,51695045148799175684172272379992088967817952288318390606428003376915476428349,483ea9e495374c93842507341802b79d,6d3b3c938b6ba0d9642c9f44
0.0,0.105525,1760191210000,reentry,0.01,RESEARCH-ONLY — exploratory_trade_surface,a,0.0,5.0,exploratory_trade_surface,4d8e3f1dfa6859ea0a922dd6e3d3c163,47.38213693437574,0.025,context_space,sports_ranking_finish_position,nesting,,29725743828384026112095079361082994940901930932912573284486248321525587766137,fe7dc372cc5447a2b988876b0c4517b7,6d3b3c938b6ba0d9642c9f44
0.0,0.095475,1760191210000,reentry,0.01,RESEARCH-ONLY — exploratory_trade_surface,b,0.0,5.0,exploratory_trade_surface,4d8e3f1dfa6859ea0a922dd6e3d3c163,52.36973029588898,0.025,context_space,sports_ranking_finish_position,nesting,,51695045148799175684172272379992088967817952288318390606428003376915476428349,f45fd037d1bf4367a35125d25d4e45fb,6d3b3c938b6ba0d9642c9f44
0.0,0.105525,1760194810000,reentry,0.01,RESEARCH-ONLY — exploratory_trade_surface,a,0.0,5.0,exploratory_trade_surface,4d8e3f1dfa6859ea0a922dd6e3d3c163,47.38213693437574,0.025,context_space,sports_ranking_finish_position,nesting,,29725743828384026112095079361082994940901930932912573284486248321525587766137,8e675dbff44047a8b697549882710f64,6d3b3c938b6ba0d9642c9f44
0.0,0.095475,1760194810000,reentry,0.01,RESEARCH-ONLY — exploratory_trade_surface,b,0.0,5.0,exploratory_trade_surface,4d8e3f1dfa6859ea0a922dd6e3d3c163,52.36973029588898,0.025,context_space,sports_ranking_finish_position,nesting,,51695045148799175684172272379992088967817952288318390606428003376915476428349,6236361f2d8942199cdc1ce3e2858b03,6d3b3c938b6ba0d9642c9f44
0.0,0.105525,1760198410000,reentry,0.01,RESEARCH-ONLY — exploratory_trade_surface,a,0.0,5.0,exploratory_trade_surface,4d8e3f1dfa6859ea0a922dd6e3d3c163,47.38213693437574,0.025,context_space,sports_ranking_finish_position,nesting,,29725743828384026112095079361082994940901930932912573284486248321525587766137,09b232f31bda408a9047186d9315e95c,6d3b3c938b6ba0d9642c9f44
0.0,0.095475,1760198410000,reentry,0.01,RESEARCH-ONLY — exploratory_trade_surface,b,0.0,5.0,exploratory_trade_surface,4d8e3f1dfa6859ea0a922dd6e3d3c163,52.36973029588898,0.025,context_space,sports_ranking_finish_position,nesting,,51695045148799175684172272379992088967817952288318390606428003376915476428349,62894f1526e14a66b04a09fec4ad8e7d,6d3b3c938b6ba0d9642c9f44
0.0,0.105525,1760202010000,reentry,0.01,RESEARCH-ONLY — exploratory_trade_surface,a,0.0,5.0,exploratory_trade_surface,4d8e3f1dfa6859ea0a922dd6e3d3c163,47.38213693437574,0.025,context_space,sports_ranking_finish_position,nesting,,29725743828384026112095079361082994940901930932912573284486248321525587766137,4e170c1109df48e3ad216f7a50f99e0f,6d3b3c938b6ba0d9642c9f44
0.0,0.095475,1760202010000,reentry,0.01,RESEARCH-ONLY — exploratory_trade_surface,b,0.0,5.0,exploratory_trade_surface,4d8e3f1dfa6859ea0a922dd6e3d3c163,52.36973029588898,0.025,context_space,sports_ranking_finish_position,nesting,,51695045148799175684172272379992088967817952288318390606428003376915476428349,0a68220de76a4e3bbea81445df512bd6,6d3b3c938b6ba0d9642c9f44
0.0,0.105525,1760205610000,reentry,0.01,RESEARCH-ONLY — exploratory_trade_surface,a,0.0,5.0,exploratory_trade_surface,4d8e3f1dfa6859ea0a922dd6e3d3c163,47.38213693437574,0.025,context_space,sports_ranking_finish_position,nesting,,29725743828384026112095079361082994940901930932912573284486248321525587766137,02b8e127e36d40fa8cb79591fee4ebf7,6d3b3c938b6ba0d9642c9f44
0.0,0.095475,1760205610000,reentry,0.01,RESEARCH-ONLY — exploratory_trade_surface,b,0.0,5.0,exploratory_trade_surface,4d8e3f1dfa6859ea0a922dd6e3d3c163,52.36973029588898,0.025,context_space,sports_ranking_finish_position,nesting,,51695045148799175684172272379992088967817952288318390606428003376915476428349,3072e4bf37be47aaa7a4c3cee4b2bae2,6d3b3c938b6ba0d9642c9f44
0.0,0.105525,1760209210000,reentry,0.01,RESEARCH-ONLY — exploratory_trade_surface,a,0.0,5.0,exploratory_trade_surface,4d8e3f1dfa6859ea0a922dd6e3d3c163,47.38213693437574,0.025,context_space,sports_ranking_finish_position,nesting,,29725743828384026112095079361082994940901930932912573284486248321525587766137,79ab7c50094d445ebe709a1a4f78fca3,6d3b3c938b6ba0d9642c9f44
0.0,0.095475,1760209210000,reentry,0.01,RESEARCH-ONLY — exploratory_trade_surface,b,0.0,5.0,exploratory_trade_surface,4d8e3f1dfa6859ea0a922dd6e3d3c163,52.36973029588898,0.025,context_space,sports_ranking_finish_position,nesting,,51695045148799175684172272379992088967817952288318390606428003376915476428349,db072cc5f2864477b0a832798bce8de0,6d3b3c938b6ba0d9642c9f44
0.0,0.105525,1760212810000,reentry,0.01,RESEARCH-ONLY — exploratory_trade_surface,a,0.0,5.0,exploratory_trade_surface,4d8e3f1dfa6859ea0a922dd6e3d3c163,47.38213693437574,0.025,context_space,sports_ranking_finish_position,nesting,,29725743828384026112095079361082994940901930932912573284486248321525587766137,b7c082688f0b46c2818f35b99542a6a0,6d3b3c938b6ba0d9642c9f44
0.0,0.095475,1760212810000,reentry,0.01,RESEARCH-ONLY — exploratory_trade_surface,b,0.0,5.0,exploratory_trade_surface,4d8e3f1dfa6859ea0a922dd6e3d3c163,52.36973029588898,0.025,context_space,sports_ranking_finish_position,nesting,,51695045148799175684172272379992088967817952288318390606428003376915476428349,e5c17c4d4fac4bf2ba8ae569e640855d,6d3b3c938b6ba0d9642c9f44
