blocker_category,blocker_reason,relationship_id,signal_ts_ms,space_id,strategy_family
infrastructure,coverage_below_threshold,05a8a6de1ed347bc95761f0755c4c213,,2025_us_presidential_election_candidate_winner,mutual_exclusion
infrastructure,coverage_below_threshold,07b51aedd6c947c1966f1050f4492020,,2025_us_presidential_election_candidate_winner,mutual_exclusion
infrastructure,coverage_below_threshold,158b394048214cf98f5dd01de910b7e5,,2025_us_presidential_election_candidate_winner,mutual_exclusion
infrastructure,coverage_below_threshold,1e5fe89f5fae4529925250ea268a0203,,2025_us_presidential_election_candidate_winner,mutual_exclusion
infrastructure,coverage_below_threshold,1e70113e334b4e268bc14d2e9fdb0c1a,,2025_us_presidential_election_candidate_winner,mutual_exclusion
infrastructure,coverage_below_threshold,22954b27387148319442b5bea14af002,,2025_us_presidential_election_candidate_winner,mutual_exclusion
infrastructure,coverage_below_threshold,249798026d864e199e0029bb5fa95ca0,,2025_us_presidential_election_candidate_winner,mutual_exclusion
infrastructure,coverage_below_threshold,24f0c37d8cb648c4b22465fb2604b5a3,,2025_us_presidential_election_candidate_winner,mutual_exclusion
infrastructure,coverage_below_threshold,32a183a5f9db47168ced10b1bc92096f,,2025_us_presidential_election_candidate_winner,mutual_exclusion
infrastructure,coverage_below_threshold,35f75b5ab5c04e4aafac9328bd0f391e,,2025_us_presidential_election_candidate_winner,mutual_exclusion
infrastructure,coverage_below_threshold,3818865339bf4184abef57af8cae1ed7,,2025_us_presidential_election_candidate_winner,mutual_exclusion
infrastructure,coverage_below_threshold,3c219542d6b043c3afa89cd3f1750665,,2025_us_presidential_election_candidate_winner,mutual_exclusion
infrastructure,coverage_below_threshold,3e2f117a690e42948ea1d977784e35cc,,2025_us_presidential_election_candidate_winner,mutual_exclusion
infrastructure,coverage_below_threshold,3e648d33fde64645915d1a8aa394eeeb,,2025_us_presidential_election_candidate_winner,mutual_exclusion
infrastructure,coverage_below_threshold,4a96f8f98e42455e8a64bb795010b0cc,,2025_us_presidential_election_candidate_winner,mutual_exclusion
infrastructure,coverage_below_threshold,51f467d7e6e244038776140bae55be94,,2025_us_presidential_election_candidate_winner,mutual_exclusion
infrastructure,coverage_below_threshold,5583e6f37d944bfdac28da9fe3134742,,2025_us_presidential_election_candidate_winner,mutual_exclusion
infrastructure,coverage_below_threshold,5ca584bdd38f41f1ba7cba5c880af3f8,,2025_us_presidential_election_candidate_winner,mutual_exclusion
infrastructure,coverage_below_threshold,5dc6e7df8a594d879edb1463cdbb6391,,2025_us_presidential_election_candidate_winner,mutual_exclusion
infrastructure,coverage_below_threshold,5f1f990965c44459b9dc34bada655a81,,2025_us_presidential_election_candidate_winner,mutual_exclusion
infrastructure,coverage_below_threshold,623dc813c1e742f6a9647d0edc82d0e0,,2025_us_presidential_election_candidate_winner,mutual_exclusion
infrastructure,coverage_below_threshold,68bc7b610115497889c1a9e80aee4da4,,2025_us_presidential_election_candidate_winner,mutual_exclusion
infrastructure,coverage_below_threshold,6bd3d5082488441990e1e60699d366d2,,2025_us_presidential_election_candidate_winner,mutual_exclusion
infrastructure,coverage_below_threshold,6c4298c465ab48a091e507fddd4572ba,,2025_us_presidential_election_candidate_winner,mutual_exclusion
infrastructure,coverage_below_threshold,7812997a3af14e64a209616a93c068a5,,2025_us_presidential_election_candidate_winner,mutual_exclusion
infrastructure,coverage_below_threshold,7fdd5809875d433eb641e5c23e355b82,,2025_us_presidential_election_candidate_winner,mutual_exclusion
infrastructure,coverage_below_threshold,7ffcac9e87be4ba0a859a3ed305ac8fa,,2025_us_presidential_election_candidate_winner,mutual_exclusion
infrastructure,coverage_below_threshold,80c9327fa0ac44e0b78dc86be0c33a73,,2025_us_presidential_election_candidate_winner,mutual_exclusion
infrastructure,coverage_below_threshold,8a140738b16e431dbea0e0bf3b183f8f,,2025_us_presidential_election_candidate_winner,mutual_exclusion
infrastructure,coverage_below_threshold,97e5bfb732f8489dbb70f4ee75dc3f81,,2025_us_presidential_election_candidate_winner,mutual_exclusion
infrastructure,coverage_below_threshold,9ae134d527f24466b1224799f47aeb7d,,2025_us_presidential_election_candidate_winner,mutual_exclusion
infrastructure,coverage_below_threshold,9dd4671a828c40e28978627b978ce10c,,2025_us_presidential_election_candidate_winner,mutual_exclusion
infrastructure,coverage_below_threshold,9ff74238a9eb4a8a9d4d3cdd65292d0f,,2025_us_presidential_election_candidate_winner,mutual_exclusion
infrastructure,coverage_below_threshold,a1bf98f08e244d6981be0f7f92bd3748,,2025_us_presidential_election_candidate_winner,mutual_exclusion
infrastructure,coverage_below_threshold,a28288b43ab446d09464e77f6b307b5a,,2025_us_presidential_election_candidate_winner,mutual_exclusion
infrastructure,coverage_below_threshold,a28e608125594f1bb63f29cbac6c3067,,2025_us_presidential_election_candidate_winner,mutual_exclusion
infrastructure,coverage_below_threshold,a2baa123f36148068287d44f359eab9a,,2025_us_presidential_election_candidate_winner,mutual_exclusion
infrastructure,coverage_below_threshold,a45583b026444458930020c92ee63186,,2025_us_presidential_election_candidate_winner,mutual_exclusion
infrastructure,coverage_below_threshold,a993fd848b3e425bae7d2ee893660b3b,,2025_us_presidential_election_candidate_winner,mutual_exclusion
infrastructure,coverage_below_threshold,ac42192110e640f4b277f74db4706b0d,,2025_us_presidential_election_candidate_winner,mutual_exclusion
infrastructure,coverage_below_threshold,b07a7433f16a4e7cae934b6b3b2be1bf,,2025_us_presidential_election_candidate_winner,mutual_exclusion
infrastructure,coverage_below_threshold,b571d044750e4c9b96520a7e28600db2,,2025_us_presidential_election_candidate_winner,mutual_exclusion
infrastructure,coverage_below_threshold,b803d402b1a44dbc9dcc303c89773125,,2025_us_presidential_election_candidate_winner,mutual_exclusion
infrastructure,coverage_below_threshold,bce29c8991f34ab8a5d25f1e2c4ad94d,,2025_us_presidential_election_candidate_winner,mutual_exclusion
infrastructure,coverage_below_threshold,c37e420eb19549d0bb805d2414beba90,,2025_us_presidential_election_candidate_winner,mutual_exclusion
infrastructure,coverage_below_threshold,c4bafb19dd6d44158d292e77b9c992f7,,2025_us_presidential_election_candidate_winner,mutual_exclusion
infrastructure,coverage_below_threshold,c4ee7d6a5e63490093ecc4eb817a7ced,,2025_us_presidential_election_candidate_winner,mutual_exclusion
infrastructure,coverage_below_threshold,cd4326c8a1bf454c8d4b21a8b7c40ca4,,2025_us_presidential_election_candidate_winner,mutual_exclusion
infrastructure,coverage_below_threshold,cf29e5a32fcf45edb07d4224bf59ae10,,2025_us_presidential_election_candidate_winner,mutual_exclusion
infrastructure,coverage_below_threshold,d2d39509f41f40a2a817d73421334463,,2025_us_presidential_election_candidate_winner,mutual_exclusion
infrastructure,coverage_below_threshold,d45abcb4715f4949a943f3e4d46551a7,,2025_us_presidential_election_candidate_winner,mutual_exclusion
infrastructure,coverage_below_threshold,d66fe01ca1c34f39a41d4927080e7679,,2025_us_presidential_election_candidate_winner,mutual_exclusion
infrastructure,coverage_below_threshold,da148a046e7e4f12b573d7a6e12cdd58,,2025_us_presidential_election_candidate_winner,mutual_exclusion
infrastructure,coverage_below_threshold,db50e765d2744bd58436bed01a232204,,2025_us_presidential_election_candidate_winner,mutual_exclusion
infrastructure,coverage_below_threshold,e07ac921cd82443288b844d79a8fbaa3,,2025_us_presidential_election_candidate_winner,mutual_exclusion
infrastructure,coverage_below_threshold,e088d0dbdf3e400f8c0c62bbd82b1f43,,2025_us_presidential_election_candidate_winner,mutual_exclusion
infrastructure,coverage_below_threshold,ee8576e25e6946b697fdc507b4231930,,2025_us_presidential_election_candidate_winner,mutual_exclusion
infrastructure,coverage_below_threshold,ee876060acff484fb7bd6ac148423a4e,,2025_us_presidential_election_candidate_winner,mutual_exclusion
infrastructure,coverage_below_threshold,f0cad559962b4aa285ff4eceb956507d,,2025_us_presidential_election_candidate_winner,mutual_exclusion
infrastructure,coverage_below_threshold,f193fb246219417db51b9f825c4d9621,,2025_us_presidential_election_candidate_winner,mutual_exclusion
infrastructure,coverage_below_threshold,f5962fb8248f4bd9a6bce5899c477d22,,2025_us_presidential_election_candidate_winner,mutual_exclusion
infrastructure,coverage_below_threshold,f66404461bac43ffb37465c824147bee,,2025_us_presidential_election_candidate_winner,mutual_exclusion
infrastructure,coverage_below_threshold,f8d6e879dd724ebaa78ae261fe99e655,,2025_us_presidential_election_candidate_winner,mutual_exclusion
infrastructure,coverage_below_threshold,f98369303cb84d85bb574cc66490b36a,,2025_us_presidential_election_candidate_winner,mutual_exclusion
infrastructure,coverage_below_threshold,fb2590981da44d80ace806696d3fa5b9,,2025_us_presidential_election_candidate_winner,mutual_exclusion
infrastructure,coverage_below_threshold,fc759aa673b54ba995cf9782f060ee45,,2025_us_presidential_election_candidate_winner,mutual_exclusion
infrastructure,coverage_below_threshold,10b74bc3fdc44618b378d143cec5b1d3,,2026_us_presidential_election_candidate_winner,mutual_exclusion
infrastructure,coverage_below_threshold,11b8ade2f98b4308a72e9c5e9fdb1258,,2026_us_presidential_election_candidate_winner,mutual_exclusion
infrastructure,coverage_below_threshold,234420aac5cf4342a83c709a3a86a323,,2026_us_presidential_election_candidate_winner,mutual_exclusion
infrastructure,coverage_below_threshold,391db7917256403e93c95049b8da14de,,2026_us_presidential_election_candidate_winner,mutual_exclusion
infrastructure,coverage_below_threshold,3ad7f5f06abf45ed8cf162959aa10f64,,2026_us_presidential_election_candidate_winner,mutual_exclusion
infrastructure,coverage_below_threshold,40e3d5aae2c643199b2f9042107a4282,,2026_us_presidential_election_candidate_winner,mutual_exclusion
infrastructure,coverage_below_threshold,45122dbaa21843f2a1f3d15eaf573c41,,2026_us_presidential_election_candidate_winner,mutual_exclusion
infrastructure,coverage_below_threshold,5002bce72e4445a8a1d442599e295d50,,2026_us_presidential_election_candidate_winner,mutual_exclusion
infrastructure,coverage_below_threshold,536458cd83c145b0a9b7187d6e1b5922,,2026_us_presidential_election_candidate_winner,mutual_exclusion
infrastructure,coverage_below_threshold,540dae7bc23e41008d348f2487c793a0,,2026_us_presidential_election_candidate_winner,mutual_exclusion
infrastructure,coverage_below_threshold,63e558a93acd444aa0853cf63a16a258,,2026_us_presidential_election_candidate_winner,mutual_exclusion
infrastructure,coverage_below_threshold,6ce6f5fdc5774f188e0c44b3b28cc4a2,,2026_us_presidential_election_candidate_winner,mutual_exclusion
infrastructure,coverage_below_threshold,6d346d22b8984796ae32767dfd244166,,2026_us_presidential_election_candidate_winner,mutual_exclusion
infrastructure,coverage_below_threshold,78faebdef3fc41a3a180a67ac7fe4857,,2026_us_presidential_election_candidate_winner,mutual_exclusion
infrastructure,coverage_below_threshold,7bb559d3520e4de4a7de9da69f1d1eb2,,2026_us_presidential_election_candidate_winner,mutual_exclusion
infrastructure,coverage_below_threshold,9581617d1f2f440fa7169f464706b733,,2026_us_presidential_election_candidate_winner,mutual_exclusion
infrastructure,coverage_below_threshold,9a3c08363945470987dcacf117f243f6,,2026_us_presidential_election_candidate_winner,mutual_exclusion
infrastructure,coverage_below_threshold,9cc3a7d72dce4b9b9ddb3e6c2433b1ed,,2026_us_presidential_election_candidate_winner,mutual_exclusion
infrastructure,coverage_below_threshold,a5e45dbe1d224aa1a35125e80d7fcf7b,,2026_us_presidential_election_candidate_winner,mutual_exclusion
infrastructure,coverage_below_threshold,a7ecf3f3aae4449d863eddcc35177f5a,,2026_us_presidential_election_candidate_winner,mutual_exclusion
infrastructure,coverage_below_threshold,adf4eaadde5c4437a5f344bddf8e84eb,,2026_us_presidential_election_candidate_winner,mutual_exclusion
infrastructure,coverage_below_threshold,b02c511cdd124e83859ad1d046b828a1,,2026_us_presidential_election_candidate_winner,mutual_exclusion
infrastructure,coverage_below_threshold,c5e34145ab10443f80cccdcb1a1d669f,,2026_us_presidential_election_candidate_winner,mutual_exclusion
infrastructure,coverage_below_threshold,ca60d8a5622a4dc492684129fc330db6,,2026_us_presidential_election_candidate_winner,mutual_exclusion
infrastructure,coverage_below_threshold,cbdc87a1068b4918962bfed6eefe1931,,2026_us_presidential_election_candidate_winner,mutual_exclusion
infrastructure,coverage_below_threshold,d8d8f51fb1fc4974881ce41c5d9ca46a,,2026_us_presidential_election_candidate_winner,mutual_exclusion
infrastructure,coverage_below_threshold,e542a245f3614c958b8147fe0ef6df2c,,2026_us_presidential_election_candidate_winner,mutual_exclusion
infrastructure,coverage_below_threshold,e92d4dcbab6a43a1b9ef7a9665f1f986,,2026_us_presidential_election_candidate_winner,mutual_exclusion
infrastructure,coverage_below_threshold,e9adb0c7a91445b08814aaa0ab33aa2e,,2026_us_presidential_election_candidate_winner,mutual_exclusion
infrastructure,coverage_below_threshold,ef435f383cc54b42a880e5391507e8ce,,2026_us_presidential_election_candidate_winner,mutual_exclusion
infrastructure,coverage_below_threshold,ff4ab0aa240f466fbf272fe3d2db03b5,,2026_us_presidential_election_candidate_winner,mutual_exclusion
economic_or_replay,max_trades,089caf0e270e445bb06e54a63b74917d,1778054410000,unknown_year_us_presidential_election_candidate_winner,mutual_exclusion
economic_or_replay,max_trades,089caf0e270e445bb06e54a63b74917d,1778058010000,unknown_year_us_presidential_election_candidate_winner,mutual_exclusion
economic_or_replay,max_trades,089caf0e270e445bb06e54a63b74917d,1778061610000,unknown_year_us_presidential_election_candidate_winner,mutual_exclusion
economic_or_replay,max_trades,089caf0e270e445bb06e54a63b74917d,1778065210000,unknown_year_us_presidential_election_candidate_winner,mutual_exclusion
economic_or_replay,max_trades,089caf0e270e445bb06e54a63b74917d,1778371210000,unknown_year_us_presidential_election_candidate_winner,mutual_exclusion
economic_or_replay,max_trades,089caf0e270e445bb06e54a63b74917d,1778374810000,unknown_year_us_presidential_election_candidate_winner,mutual_exclusion
economic_or_replay,max_trades,089caf0e270e445bb06e54a63b74917d,1778378410000,unknown_year_us_presidential_election_candidate_winner,mutual_exclusion
economic_or_replay,max_trades,089caf0e270e445bb06e54a63b74917d,1778382010000,unknown_year_us_presidential_election_candidate_winner,mutual_exclusion
economic_or_replay,max_trades,089caf0e270e445bb06e54a63b74917d,1778385610000,unknown_year_us_presidential_election_candidate_winner,mutual_exclusion
economic_or_replay,max_trades,089caf0e270e445bb06e54a63b74917d,1778389210000,unknown_year_us_presidential_election_candidate_winner,mutual_exclusion
economic_or_replay,max_trades,089caf0e270e445bb06e54a63b74917d,1778392810000,unknown_year_us_presidential_election_candidate_winner,mutual_exclusion
economic_or_replay,max_trades,089caf0e270e445bb06e54a63b74917d,1778396410000,unknown_year_us_presidential_election_candidate_winner,mutual_exclusion
economic_or_replay,max_trades,089caf0e270e445bb06e54a63b74917d,1778400010000,unknown_year_us_presidential_election_candidate_winner,mutual_exclusion
economic_or_replay,max_trades,089caf0e270e445bb06e54a63b74917d,1778403610000,unknown_year_us_presidential_election_candidate_winner,mutual_exclusion
economic_or_replay,max_trades,089caf0e270e445bb06e54a63b74917d,1778407210000,unknown_year_us_presidential_election_candidate_winner,mutual_exclusion
economic_or_replay,max_trades,089caf0e270e445bb06e54a63b74917d,1778410810000,unknown_year_us_presidential_election_candidate_winner,mutual_exclusion
economic_or_replay,max_trades,089caf0e270e445bb06e54a63b74917d,1778677210000,unknown_year_us_presidential_election_candidate_winner,mutual_exclusion
economic_or_replay,max_trades,089caf0e270e445bb06e54a63b74917d,1778680810000,unknown_year_us_presidential_election_candidate_winner,mutual_exclusion
economic_or_replay,max_trades,089caf0e270e445bb06e54a63b74917d,1778684410000,unknown_year_us_presidential_election_candidate_winner,mutual_exclusion
economic_or_replay,max_trades,089caf0e270e445bb06e54a63b74917d,1778688010000,unknown_year_us_presidential_election_candidate_winner,mutual_exclusion
economic_or_replay,max_trades,089caf0e270e445bb06e54a63b74917d,1778691610000,unknown_year_us_presidential_election_candidate_winner,mutual_exclusion
economic_or_replay,max_trades,089caf0e270e445bb06e54a63b74917d,1778695210000,unknown_year_us_presidential_election_candidate_winner,mutual_exclusion
economic_or_replay,max_trades,089caf0e270e445bb06e54a63b74917d,1778698810000,unknown_year_us_presidential_election_candidate_winner,mutual_exclusion
economic_or_replay,max_trades,089caf0e270e445bb06e54a63b74917d,1778702410000,unknown_year_us_presidential_election_candidate_winner,mutual_exclusion
economic_or_replay,max_trades,089caf0e270e445bb06e54a63b74917d,1778706010000,unknown_year_us_presidential_election_candidate_winner,mutual_exclusion
economic_or_replay,max_trades,089caf0e270e445bb06e54a63b74917d,1778709610000,unknown_year_us_presidential_election_candidate_winner,mutual_exclusion
economic_or_replay,max_trades,089caf0e270e445bb06e54a63b74917d,1778713210000,unknown_year_us_presidential_election_candidate_winner,mutual_exclusion
economic_or_replay,max_trades,089caf0e270e445bb06e54a63b74917d,1778716810000,unknown_year_us_presidential_election_candidate_winner,mutual_exclusion
economic_or_replay,max_trades,089caf0e270e445bb06e54a63b74917d,1779012010000,unknown_year_us_presidential_election_candidate_winner,mutual_exclusion
economic_or_replay,max_trades,089caf0e270e445bb06e54a63b74917d,1779015610000,unknown_year_us_presidential_election_candidate_winner,mutual_exclusion
economic_or_replay,max_trades,0aa398a27943bcd2e6e257b4,1778662807000,llm_hyp_553828_553856_likely_duplicate_market,contradiction
economic_or_replay,max_trades,0aa398a27943bcd2e6e257b4,1778666407000,llm_hyp_553828_553856_likely_duplicate_market,contradiction
economic_or_replay,max_trades,0aa398a27943bcd2e6e257b4,1778670007000,llm_hyp_553828_553856_likely_duplicate_market,contradiction
economic_or_replay,max_trades,0aa398a27943bcd2e6e257b4,1778673607000,llm_hyp_553828_553856_likely_duplicate_market,contradiction
economic_or_replay,max_trades,0b14f32acefb31b6de8901ae,1753477206000,llm_hyp_540881_559651_temporal_ordering_pair,contradiction
economic_or_replay,max_trades,0b14f32acefb31b6de8901ae,1753480806000,llm_hyp_540881_559651_temporal_ordering_pair,contradiction
economic_or_replay,max_trades,0b14f32acefb31b6de8901ae,1753484406000,llm_hyp_540881_559651_temporal_ordering_pair,contradiction
economic_or_replay,max_trades,0b14f32acefb31b6de8901ae,1753488006000,llm_hyp_540881_559651_temporal_ordering_pair,contradiction
economic_or_replay,max_trades,0b14f32acefb31b6de8901ae,1753491606000,llm_hyp_540881_559651_temporal_ordering_pair,contradiction
economic_or_replay,max_trades,0b14f32acefb31b6de8901ae,1753495206000,llm_hyp_540881_559651_temporal_ordering_pair,contradiction
economic_or_replay,max_trades,0b14f32acefb31b6de8901ae,1753498806000,llm_hyp_540881_559651_temporal_ordering_pair,contradiction
economic_or_replay,max_trades,0b14f32acefb31b6de8901ae,1753502406000,llm_hyp_540881_559651_temporal_ordering_pair,contradiction
economic_or_replay,max_trades,0b14f32acefb31b6de8901ae,1753506006000,llm_hyp_540881_559651_temporal_ordering_pair,contradiction
economic_or_replay,max_trades,0b14f32acefb31b6de8901ae,1753509606000,llm_hyp_540881_559651_temporal_ordering_pair,contradiction
economic_or_replay,max_trades,0b14f32acefb31b6de8901ae,1753513206000,llm_hyp_540881_559651_temporal_ordering_pair,contradiction
economic_or_replay,max_trades,0b14f32acefb31b6de8901ae,1753516806000,llm_hyp_540881_559651_temporal_ordering_pair,contradiction
economic_or_replay,max_trades,0b14f32acefb31b6de8901ae,1753520406000,llm_hyp_540881_559651_temporal_ordering_pair,contradiction
economic_or_replay,max_trades,0b14f32acefb31b6de8901ae,1753524006000,llm_hyp_540881_559651_temporal_ordering_pair,contradiction
economic_or_replay,max_trades,0b14f32acefb31b6de8901ae,1753527606000,llm_hyp_540881_559651_temporal_ordering_pair,contradiction
economic_or_replay,max_trades,0b14f32acefb31b6de8901ae,1753531206000,llm_hyp_540881_559651_temporal_ordering_pair,contradiction
economic_or_replay,max_trades,0b14f32acefb31b6de8901ae,1753534806000,llm_hyp_540881_559651_temporal_ordering_pair,contradiction
economic_or_replay,max_trades,0b14f32acefb31b6de8901ae,1753538406000,llm_hyp_540881_559651_temporal_ordering_pair,contradiction
economic_or_replay,max_trades,0b14f32acefb31b6de8901ae,1753542006000,llm_hyp_540881_559651_temporal_ordering_pair,contradiction
economic_or_replay,max_trades,0b14f32acefb31b6de8901ae,1753545606000,llm_hyp_540881_559651_temporal_ordering_pair,contradiction
economic_or_replay,max_trades,0b14f32acefb31b6de8901ae,1753549206000,llm_hyp_540881_559651_temporal_ordering_pair,contradiction
economic_or_replay,max_trades,0b14f32acefb31b6de8901ae,1753552806000,llm_hyp_540881_559651_temporal_ordering_pair,contradiction
economic_or_replay,max_trades,0b14f32acefb31b6de8901ae,1753556406000,llm_hyp_540881_559651_temporal_ordering_pair,contradiction
economic_or_replay,max_trades,0b14f32acefb31b6de8901ae,1753560006000,llm_hyp_540881_559651_temporal_ordering_pair,contradiction
economic_or_replay,max_trades,0b14f32acefb31b6de8901ae,1753563606000,llm_hyp_540881_559651_temporal_ordering_pair,contradiction
economic_or_replay,max_trades,0b14f32acefb31b6de8901ae,1753567206000,llm_hyp_540881_559651_temporal_ordering_pair,contradiction
economic_or_replay,max_trades,0b14f32acefb31b6de8901ae,1753570806000,llm_hyp_540881_559651_temporal_ordering_pair,contradiction
economic_or_replay,max_trades,0b14f32acefb31b6de8901ae,1753574406000,llm_hyp_540881_559651_temporal_ordering_pair,contradiction
economic_or_replay,max_trades,0b14f32acefb31b6de8901ae,1753578006000,llm_hyp_540881_559651_temporal_ordering_pair,contradiction
economic_or_replay,max_trades,0b14f32acefb31b6de8901ae,1753581606000,llm_hyp_540881_559651_temporal_ordering_pair,contradiction
economic_or_replay,max_trades,0b14f32acefb31b6de8901ae,1753585206000,llm_hyp_540881_559651_temporal_ordering_pair,contradiction
economic_or_replay,max_trades,0b14f32acefb31b6de8901ae,1753588806000,llm_hyp_540881_559651_temporal_ordering_pair,contradiction
economic_or_replay,max_trades,0b14f32acefb31b6de8901ae,1753592406000,llm_hyp_540881_559651_temporal_ordering_pair,contradiction
economic_or_replay,max_trades,0b14f32acefb31b6de8901ae,1753596006000,llm_hyp_540881_559651_temporal_ordering_pair,contradiction
economic_or_replay,max_trades,0b14f32acefb31b6de8901ae,1753599606000,llm_hyp_540881_559651_temporal_ordering_pair,contradiction
economic_or_replay,max_trades,0b14f32acefb31b6de8901ae,1753603206000,llm_hyp_540881_559651_temporal_ordering_pair,contradiction
economic_or_replay,max_trades,0b14f32acefb31b6de8901ae,1753606806000,llm_hyp_540881_559651_temporal_ordering_pair,contradiction
economic_or_replay,max_trades,0b14f32acefb31b6de8901ae,1753610406000,llm_hyp_540881_559651_temporal_ordering_pair,contradiction
economic_or_replay,max_trades,0b14f32acefb31b6de8901ae,1753614006000,llm_hyp_540881_559651_temporal_ordering_pair,contradiction
economic_or_replay,max_trades,0b14f32acefb31b6de8901ae,1753617606000,llm_hyp_540881_559651_temporal_ordering_pair,contradiction
economic_or_replay,max_trades,0b14f32acefb31b6de8901ae,1754611206000,llm_hyp_540881_559651_temporal_ordering_pair,contradiction
economic_or_replay,max_trades,0b14f32acefb31b6de8901ae,1754614806000,llm_hyp_540881_559651_temporal_ordering_pair,contradiction
economic_or_replay,max_trades,0b14f32acefb31b6de8901ae,1754618406000,llm_hyp_540881_559651_temporal_ordering_pair,contradiction
economic_or_replay,max_trades,0b14f32acefb31b6de8901ae,1754622006000,llm_hyp_540881_559651_temporal_ordering_pair,contradiction
economic_or_replay,max_trades,0b14f32acefb31b6de8901ae,1754625606000,llm_hyp_540881_559651_temporal_ordering_pair,contradiction
economic_or_replay,max_trades,0b14f32acefb31b6de8901ae,1754629206000,llm_hyp_540881_559651_temporal_ordering_pair,contradiction
economic_or_replay,max_trades,0b14f32acefb31b6de8901ae,1754632806000,llm_hyp_540881_559651_temporal_ordering_pair,contradiction
economic_or_replay,max_trades,0b14f32acefb31b6de8901ae,1754636406000,llm_hyp_540881_559651_temporal_ordering_pair,contradiction
economic_or_replay,max_trades,0b14f32acefb31b6de8901ae,1754640006000,llm_hyp_540881_559651_temporal_ordering_pair,contradiction
economic_or_replay,max_trades,0b14f32acefb31b6de8901ae,1754643606000,llm_hyp_540881_559651_temporal_ordering_pair,contradiction
economic_or_replay,max_trades,0b14f32acefb31b6de8901ae,1754647206000,llm_hyp_540881_559651_temporal_ordering_pair,contradiction
economic_or_replay,max_trades,0b14f32acefb31b6de8901ae,1754650806000,llm_hyp_540881_559651_temporal_ordering_pair,contradiction
economic_or_replay,max_trades,0b14f32acefb31b6de8901ae,1755954006000,llm_hyp_540881_559651_temporal_ordering_pair,contradiction
economic_or_replay,max_trades,0b14f32acefb31b6de8901ae,1755957606000,llm_hyp_540881_559651_temporal_ordering_pair,contradiction
economic_or_replay,max_trades,0b14f32acefb31b6de8901ae,1755961206000,llm_hyp_540881_559651_temporal_ordering_pair,contradiction
economic_or_replay,max_trades,0b14f32acefb31b6de8901ae,1755964806000,llm_hyp_540881_559651_temporal_ordering_pair,contradiction
economic_or_replay,max_trades,0b14f32acefb31b6de8901ae,1755968406000,llm_hyp_540881_559651_temporal_ordering_pair,contradiction
economic_or_replay,max_trades,0b14f32acefb31b6de8901ae,1755972006000,llm_hyp_540881_559651_temporal_ordering_pair,contradiction
economic_or_replay,max_trades,0b14f32acefb31b6de8901ae,1755975606000,llm_hyp_540881_559651_temporal_ordering_pair,contradiction
economic_or_replay,max_trades,0b14f32acefb31b6de8901ae,1755979206000,llm_hyp_540881_559651_temporal_ordering_pair,contradiction
economic_or_replay,max_trades,0b14f32acefb31b6de8901ae,1755982806000,llm_hyp_540881_559651_temporal_ordering_pair,contradiction
economic_or_replay,max_trades,0b14f32acefb31b6de8901ae,1755986406000,llm_hyp_540881_559651_temporal_ordering_pair,contradiction
economic_or_replay,max_trades,0b14f32acefb31b6de8901ae,1755990006000,llm_hyp_540881_559651_temporal_ordering_pair,contradiction
economic_or_replay,max_trades,0b14f32acefb31b6de8901ae,1755993606000,llm_hyp_540881_559651_temporal_ordering_pair,contradiction
infrastructure,coverage_below_threshold,db92b89b163b75593f00735d,,llm_hyp_540843_665374_temporal_ordering_pair,contradiction
economic_or_replay,max_trades,39f3e9a3a2595527a6e83fb7959cf843,1772355609000,premier_league_champion,mutual_exclusion
economic_or_replay,max_trades,39f3e9a3a2595527a6e83fb7959cf843,1772359209000,premier_league_champion,mutual_exclusion
economic_or_replay,max_trades,39f3e9a3a2595527a6e83fb7959cf843,1772362809000,premier_league_champion,mutual_exclusion
economic_or_replay,max_trades,39f3e9a3a2595527a6e83fb7959cf843,1777467609000,premier_league_champion,mutual_exclusion
economic_or_replay,max_trades,39f3e9a3a2595527a6e83fb7959cf843,1777471209000,premier_league_champion,mutual_exclusion
economic_or_replay,max_trades,39f3e9a3a2595527a6e83fb7959cf843,1777474809000,premier_league_champion,mutual_exclusion
economic_or_replay,max_trades,39f3e9a3a2595527a6e83fb7959cf843,1777478409000,premier_league_champion,mutual_exclusion
economic_or_replay,max_trades,39f3e9a3a2595527a6e83fb7959cf843,1777482009000,premier_league_champion,mutual_exclusion
economic_or_replay,max_trades,39f3e9a3a2595527a6e83fb7959cf843,1777485609000,premier_league_champion,mutual_exclusion
economic_or_replay,max_trades,39f3e9a3a2595527a6e83fb7959cf843,1777489209000,premier_league_champion,mutual_exclusion
economic_or_replay,max_trades,39f3e9a3a2595527a6e83fb7959cf843,1777492809000,premier_league_champion,mutual_exclusion
economic_or_replay,max_trades,39f3e9a3a2595527a6e83fb7959cf843,1777496409000,premier_league_champion,mutual_exclusion
economic_or_replay,max_trades,39f3e9a3a2595527a6e83fb7959cf843,1777500009000,premier_league_champion,mutual_exclusion
economic_or_replay,max_trades,39f3e9a3a2595527a6e83fb7959cf843,1777503609000,premier_league_champion,mutual_exclusion
economic_or_replay,max_trades,39f3e9a3a2595527a6e83fb7959cf843,1777507209000,premier_league_champion,mutual_exclusion
economic_or_replay,max_trades,39f3e9a3a2595527a6e83fb7959cf843,1777766409000,premier_league_champion,mutual_exclusion
economic_or_replay,max_trades,39f3e9a3a2595527a6e83fb7959cf843,1777770009000,premier_league_champion,mutual_exclusion
economic_or_replay,max_trades,39f3e9a3a2595527a6e83fb7959cf843,1777773609000,premier_league_champion,mutual_exclusion
economic_or_replay,max_trades,39f3e9a3a2595527a6e83fb7959cf843,1777777209000,premier_league_champion,mutual_exclusion
economic_or_replay,max_trades,39f3e9a3a2595527a6e83fb7959cf843,1777780809000,premier_league_champion,mutual_exclusion
economic_or_replay,max_trades,39f3e9a3a2595527a6e83fb7959cf843,1777784409000,premier_league_champion,mutual_exclusion
economic_or_replay,max_trades,39f3e9a3a2595527a6e83fb7959cf843,1777788009000,premier_league_champion,mutual_exclusion
economic_or_replay,max_trades,39f3e9a3a2595527a6e83fb7959cf843,1777791609000,premier_league_champion,mutual_exclusion
economic_or_replay,max_trades,39f3e9a3a2595527a6e83fb7959cf843,1777795209000,premier_league_champion,mutual_exclusion
economic_or_replay,max_trades,39f3e9a3a2595527a6e83fb7959cf843,1777798809000,premier_league_champion,mutual_exclusion
economic_or_replay,max_trades,39f3e9a3a2595527a6e83fb7959cf843,1777802409000,premier_league_champion,mutual_exclusion
economic_or_replay,max_trades,39f3e9a3a2595527a6e83fb7959cf843,1777806009000,premier_league_champion,mutual_exclusion
economic_or_replay,max_trades,39f3e9a3a2595527a6e83fb7959cf843,1777809609000,premier_league_champion,mutual_exclusion
economic_or_replay,max_trades,39f3e9a3a2595527a6e83fb7959cf843,1777813209000,premier_league_champion,mutual_exclusion
economic_or_replay,max_trades,39f3e9a3a2595527a6e83fb7959cf843,1777816809000,premier_league_champion,mutual_exclusion
economic_or_replay,max_trades,39f3e9a3a2595527a6e83fb7959cf843,1777820409000,premier_league_champion,mutual_exclusion
economic_or_replay,max_trades,39f3e9a3a2595527a6e83fb7959cf843,1777824009000,premier_league_champion,mutual_exclusion
economic_or_replay,max_trades,39f3e9a3a2595527a6e83fb7959cf843,1777827609000,premier_league_champion,mutual_exclusion
economic_or_replay,max_trades,39f3e9a3a2595527a6e83fb7959cf843,1777831209000,premier_league_champion,mutual_exclusion
economic_or_replay,max_trades,39f3e9a3a2595527a6e83fb7959cf843,1777834809000,premier_league_champion,mutual_exclusion
economic_or_replay,max_trades,39f3e9a3a2595527a6e83fb7959cf843,1777838409000,premier_league_champion,mutual_exclusion
economic_or_replay,max_trades,39f3e9a3a2595527a6e83fb7959cf843,1777842009000,premier_league_champion,mutual_exclusion
economic_or_replay,max_trades,39f3e9a3a2595527a6e83fb7959cf843,1777845609000,premier_league_champion,mutual_exclusion
economic_or_replay,max_trades,39f3e9a3a2595527a6e83fb7959cf843,1777849209000,premier_league_champion,mutual_exclusion
economic_or_replay,max_trades,39f3e9a3a2595527a6e83fb7959cf843,1777982409000,premier_league_champion,mutual_exclusion
economic_or_replay,max_trades,39f3e9a3a2595527a6e83fb7959cf843,1778371209000,premier_league_champion,mutual_exclusion
economic_or_replay,max_trades,39f3e9a3a2595527a6e83fb7959cf843,1778547609000,premier_league_champion,mutual_exclusion
economic_or_replay,max_trades,39f3e9a3a2595527a6e83fb7959cf843,1778551209000,premier_league_champion,mutual_exclusion
economic_or_replay,max_trades,39f3e9a3a2595527a6e83fb7959cf843,1778554809000,premier_league_champion,mutual_exclusion
economic_or_replay,max_trades,39f3e9a3a2595527a6e83fb7959cf843,1778558409000,premier_league_champion,mutual_exclusion
economic_or_replay,max_trades,39f3e9a3a2595527a6e83fb7959cf843,1778562009000,premier_league_champion,mutual_exclusion
economic_or_replay,max_trades,39f3e9a3a2595527a6e83fb7959cf843,1778565609000,premier_league_champion,mutual_exclusion
economic_or_replay,max_trades,39f3e9a3a2595527a6e83fb7959cf843,1778569209000,premier_league_champion,mutual_exclusion
economic_or_replay,max_trades,39f3e9a3a2595527a6e83fb7959cf843,1778572809000,premier_league_champion,mutual_exclusion
economic_or_replay,max_trades,39f3e9a3a2595527a6e83fb7959cf843,1778576409000,premier_league_champion,mutual_exclusion
economic_or_replay,max_trades,39f3e9a3a2595527a6e83fb7959cf843,1778580009000,premier_league_champion,mutual_exclusion
economic_or_replay,max_trades,39f3e9a3a2595527a6e83fb7959cf843,1778583609000,premier_league_champion,mutual_exclusion
economic_or_replay,max_trades,39f3e9a3a2595527a6e83fb7959cf843,1778587209000,premier_league_champion,mutual_exclusion
economic_or_replay,max_trades,39f3e9a3a2595527a6e83fb7959cf843,1778590809000,premier_league_champion,mutual_exclusion
economic_or_replay,max_trades,39f3e9a3a2595527a6e83fb7959cf843,1778594409000,premier_league_champion,mutual_exclusion
economic_or_replay,max_trades,39f3e9a3a2595527a6e83fb7959cf843,1778598009000,premier_league_champion,mutual_exclusion
economic_or_replay,max_trades,39f3e9a3a2595527a6e83fb7959cf843,1778601609000,premier_league_champion,mutual_exclusion
economic_or_replay,max_trades,39f3e9a3a2595527a6e83fb7959cf843,1778605209000,premier_league_champion,mutual_exclusion
economic_or_replay,max_trades,39f3e9a3a2595527a6e83fb7959cf843,1778608809000,premier_league_champion,mutual_exclusion
economic_or_replay,max_trades,39f3e9a3a2595527a6e83fb7959cf843,1778612409000,premier_league_champion,mutual_exclusion
economic_or_replay,max_trades,39f3e9a3a2595527a6e83fb7959cf843,1778616009000,premier_league_champion,mutual_exclusion
economic_or_replay,max_trades,39f3e9a3a2595527a6e83fb7959cf843,1778619609000,premier_league_champion,mutual_exclusion
economic_or_replay,max_trades,39f3e9a3a2595527a6e83fb7959cf843,1778623209000,premier_league_champion,mutual_exclusion
economic_or_replay,max_trades,39f3e9a3a2595527a6e83fb7959cf843,1778626809000,premier_league_champion,mutual_exclusion
economic_or_replay,max_trades,39f3e9a3a2595527a6e83fb7959cf843,1778630409000,premier_league_champion,mutual_exclusion
economic_or_replay,max_trades,39f3e9a3a2595527a6e83fb7959cf843,1778936409000,premier_league_champion,mutual_exclusion
economic_or_replay,max_trades,39f3e9a3a2595527a6e83fb7959cf843,1778940009000,premier_league_champion,mutual_exclusion
economic_or_replay,max_trades,39f3e9a3a2595527a6e83fb7959cf843,1778943609000,premier_league_champion,mutual_exclusion
economic_or_replay,max_trades,39f3e9a3a2595527a6e83fb7959cf843,1778947209000,premier_league_champion,mutual_exclusion
economic_or_replay,max_trades,39f3e9a3a2595527a6e83fb7959cf843,1778950809000,premier_league_champion,mutual_exclusion
economic_or_replay,max_trades,39f3e9a3a2595527a6e83fb7959cf843,1778954409000,premier_league_champion,mutual_exclusion
economic_or_replay,max_trades,39f3e9a3a2595527a6e83fb7959cf843,1778958009000,premier_league_champion,mutual_exclusion
economic_or_replay,max_trades,39f3e9a3a2595527a6e83fb7959cf843,1778961609000,premier_league_champion,mutual_exclusion
economic_or_replay,max_trades,39f3e9a3a2595527a6e83fb7959cf843,1778965209000,premier_league_champion,mutual_exclusion
economic_or_replay,max_trades,a6edab19118abe85173fa9a8b0f4cbe4,1755457207000,sports_championship_conference_progression,nesting
economic_or_replay,max_trades,a6edab19118abe85173fa9a8b0f4cbe4,1755460807000,sports_championship_conference_progression,nesting
economic_or_replay,max_trades,a6edab19118abe85173fa9a8b0f4cbe4,1755464407000,sports_championship_conference_progression,nesting
economic_or_replay,max_trades,a6edab19118abe85173fa9a8b0f4cbe4,1755468007000,sports_championship_conference_progression,nesting
economic_or_replay,max_trades,a6edab19118abe85173fa9a8b0f4cbe4,1755471607000,sports_championship_conference_progression,nesting
infrastructure,coverage_below_threshold,000fdac6a216f0f1ece85708ba3ace39,,2026_us_presidential_election_candidate_winner,temporal
infrastructure,coverage_below_threshold,249bab866c88ec2b428c607f2fd5e42c,,2026_us_presidential_election_candidate_winner,temporal
infrastructure,coverage_below_threshold,25f5a919e678b560f69702eb19749b25,,2026_us_presidential_election_candidate_winner,temporal
infrastructure,coverage_below_threshold,2a6c2cfd291a52a774865f709f5257f6,,2026_us_presidential_election_candidate_winner,temporal
infrastructure,coverage_below_threshold,303c8a5fa6186d65d2e129e720059b94,,2026_us_presidential_election_candidate_winner,temporal
infrastructure,coverage_below_threshold,366bda76ebae0810382e5b1d36b3013a,,2026_us_presidential_election_candidate_winner,temporal
infrastructure,coverage_below_threshold,378eb0abfe42db86f4c9ba466b04ecdd,,2026_us_presidential_election_candidate_winner,temporal
infrastructure,coverage_below_threshold,3f0dfc49c4ac7e18612dc2feedebf0ee,,2026_us_presidential_election_candidate_winner,temporal
infrastructure,coverage_below_threshold,4bcd9827678a5daa02d94120a72b6874,,2026_us_presidential_election_candidate_winner,temporal
infrastructure,coverage_below_threshold,5242e05680b4d532789a0256b969aa00,,2026_us_presidential_election_candidate_winner,temporal
infrastructure,coverage_below_threshold,5bfde12c12bc7ae3a85f69109438cc03,,2026_us_presidential_election_candidate_winner,temporal
infrastructure,coverage_below_threshold,5c2162670bca8c6a2fe75835d8e67bdb,,2026_us_presidential_election_candidate_winner,temporal
infrastructure,coverage_below_threshold,6dcae160def8f95e907df51358113ab5,,2026_us_presidential_election_candidate_winner,temporal
infrastructure,coverage_below_threshold,74fc00c5274deb0b161dfb623da6f08d,,2026_us_presidential_election_candidate_winner,temporal
infrastructure,coverage_below_threshold,7d15aea811721c0b23f6d694bb4e68c1,,2026_us_presidential_election_candidate_winner,temporal
infrastructure,coverage_below_threshold,9e41e7237b49ced4378c257f11679254,,2026_us_presidential_election_candidate_winner,temporal
infrastructure,coverage_below_threshold,c37bb2a917c2ee3c403344fc47d7e8a9,,2026_us_presidential_election_candidate_winner,temporal
infrastructure,coverage_below_threshold,c48d855a4438bda2cc20291663f0b4f7,,2026_us_presidential_election_candidate_winner,temporal
infrastructure,coverage_below_threshold,d28a62987024ee132a317a29c52a838a,,2026_us_presidential_election_candidate_winner,temporal
infrastructure,coverage_below_threshold,d300359c49d1952672a42d45e338d2df,,2026_us_presidential_election_candidate_winner,temporal
infrastructure,coverage_below_threshold,d8f0b12d0f073ab07a2e0d47433e999b,,2026_us_presidential_election_candidate_winner,temporal
infrastructure,coverage_below_threshold,e3a723f46fb62dc31939fd0f836db93d,,2026_us_presidential_election_candidate_winner,temporal
infrastructure,coverage_below_threshold,e7d6174a5479ac442feba59403deb9f8,,2026_us_presidential_election_candidate_winner,temporal
infrastructure,coverage_below_threshold,e97702ea24281e38c2c4226de083ea9a,,2026_us_presidential_election_candidate_winner,temporal
infrastructure,coverage_below_threshold,efa10547a38df20d3e772e7fbee51b6c,,2026_us_presidential_election_candidate_winner,temporal
infrastructure,coverage_below_threshold,f333f5a30ed8a3e1da24f494102a3d31,,2026_us_presidential_election_candidate_winner,temporal
infrastructure,coverage_below_threshold,f9d1f1ad223d96b9254a55150bb73035,,2026_us_presidential_election_candidate_winner,temporal
infrastructure,coverage_below_threshold,1749720910d3399597ffdd788705ecfd,,1749720910d3399597ffdd788705ecfd,temporal
infrastructure,coverage_below_threshold,93777f419855eb153deebd3eac885039,,93777f419855eb153deebd3eac885039,temporal
infrastructure,coverage_below_threshold,d8a22ae57c018c6bdd2edd345b2c9750,,d8a22ae57c018c6bdd2edd345b2c9750,temporal
infrastructure,coverage_below_threshold,e4726cc858462a5f29c00086ed4083b5,,e4726cc858462a5f29c00086ed4083b5,temporal
economic_or_replay,max_trades,5910a43939d7ba6fe59cf6b80718e5c3,1765573207000,sports_championship_conference_progression,nesting
economic_or_replay,max_trades,5910a43939d7ba6fe59cf6b80718e5c3,1765576807000,sports_championship_conference_progression,nesting
economic_or_replay,max_trades,5910a43939d7ba6fe59cf6b80718e5c3,1765580407000,sports_championship_conference_progression,nesting
economic_or_replay,max_trades,5910a43939d7ba6fe59cf6b80718e5c3,1765584007000,sports_championship_conference_progression,nesting
economic_or_replay,max_trades,5910a43939d7ba6fe59cf6b80718e5c3,1765587607000,sports_championship_conference_progression,nesting
economic_or_replay,max_trades,5910a43939d7ba6fe59cf6b80718e5c3,1765591207000,sports_championship_conference_progression,nesting
economic_or_replay,max_trades,5910a43939d7ba6fe59cf6b80718e5c3,1765594807000,sports_championship_conference_progression,nesting
economic_or_replay,max_trades,5910a43939d7ba6fe59cf6b80718e5c3,1765598407000,sports_championship_conference_progression,nesting
economic_or_replay,max_trades,5910a43939d7ba6fe59cf6b80718e5c3,1765602007000,sports_championship_conference_progression,nesting
economic_or_replay,max_trades,5910a43939d7ba6fe59cf6b80718e5c3,1765605607000,sports_championship_conference_progression,nesting
economic_or_replay,max_trades,5910a43939d7ba6fe59cf6b80718e5c3,1765609207000,sports_championship_conference_progression,nesting
economic_or_replay,max_trades,5910a43939d7ba6fe59cf6b80718e5c3,1765612807000,sports_championship_conference_progression,nesting
economic_or_replay,max_trades,5910a43939d7ba6fe59cf6b80718e5c3,1765616407000,sports_championship_conference_progression,nesting
economic_or_replay,max_trades,5910a43939d7ba6fe59cf6b80718e5c3,1765620007000,sports_championship_conference_progression,nesting
economic_or_replay,max_trades,5910a43939d7ba6fe59cf6b80718e5c3,1765623607000,sports_championship_conference_progression,nesting
economic_or_replay,max_trades,5910a43939d7ba6fe59cf6b80718e5c3,1765627207000,sports_championship_conference_progression,nesting
economic_or_replay,max_trades,5910a43939d7ba6fe59cf6b80718e5c3,1765630807000,sports_championship_conference_progression,nesting
economic_or_replay,max_trades,5910a43939d7ba6fe59cf6b80718e5c3,1765634407000,sports_championship_conference_progression,nesting
economic_or_replay,max_trades,5910a43939d7ba6fe59cf6b80718e5c3,1765638007000,sports_championship_conference_progression,nesting
economic_or_replay,max_trades,5910a43939d7ba6fe59cf6b80718e5c3,1765641607000,sports_championship_conference_progression,nesting
economic_or_replay,max_trades,5910a43939d7ba6fe59cf6b80718e5c3,1765645207000,sports_championship_conference_progression,nesting
economic_or_replay,max_trades,5910a43939d7ba6fe59cf6b80718e5c3,1765648807000,sports_championship_conference_progression,nesting
economic_or_replay,max_trades,5910a43939d7ba6fe59cf6b80718e5c3,1765652407000,sports_championship_conference_progression,nesting
economic_or_replay,max_trades,5910a43939d7ba6fe59cf6b80718e5c3,1765656007000,sports_championship_conference_progression,nesting
economic_or_replay,max_trades,5910a43939d7ba6fe59cf6b80718e5c3,1765659607000,sports_championship_conference_progression,nesting
economic_or_replay,max_trades,5910a43939d7ba6fe59cf6b80718e5c3,1765663207000,sports_championship_conference_progression,nesting
economic_or_replay,max_trades,5910a43939d7ba6fe59cf6b80718e5c3,1765666807000,sports_championship_conference_progression,nesting
economic_or_replay,max_trades,5910a43939d7ba6fe59cf6b80718e5c3,1765670407000,sports_championship_conference_progression,nesting
economic_or_replay,max_trades,5910a43939d7ba6fe59cf6b80718e5c3,1765674007000,sports_championship_conference_progression,nesting
economic_or_replay,max_trades,5910a43939d7ba6fe59cf6b80718e5c3,1765677607000,sports_championship_conference_progression,nesting
economic_or_replay,max_trades,5910a43939d7ba6fe59cf6b80718e5c3,1765681207000,sports_championship_conference_progression,nesting
economic_or_replay,max_trades,5910a43939d7ba6fe59cf6b80718e5c3,1765684807000,sports_championship_conference_progression,nesting
economic_or_replay,max_trades,5910a43939d7ba6fe59cf6b80718e5c3,1765688407000,sports_championship_conference_progression,nesting
economic_or_replay,max_trades,5910a43939d7ba6fe59cf6b80718e5c3,1765692007000,sports_championship_conference_progression,nesting
economic_or_replay,max_trades,5910a43939d7ba6fe59cf6b80718e5c3,1765695607000,sports_championship_conference_progression,nesting
economic_or_replay,max_trades,5910a43939d7ba6fe59cf6b80718e5c3,1765699207000,sports_championship_conference_progression,nesting
economic_or_replay,max_trades,5910a43939d7ba6fe59cf6b80718e5c3,1765702807000,sports_championship_conference_progression,nesting
economic_or_replay,max_trades,5910a43939d7ba6fe59cf6b80718e5c3,1765706407000,sports_championship_conference_progression,nesting
economic_or_replay,max_trades,5910a43939d7ba6fe59cf6b80718e5c3,1765710007000,sports_championship_conference_progression,nesting
economic_or_replay,max_trades,5910a43939d7ba6fe59cf6b80718e5c3,1765713607000,sports_championship_conference_progression,nesting
economic_or_replay,max_trades,4d8e3f1dfa6859ea0a922dd6e3d3c163,1760216410000,sports_ranking_finish_position,nesting
economic_or_replay,max_trades,4d8e3f1dfa6859ea0a922dd6e3d3c163,1760220010000,sports_ranking_finish_position,nesting
economic_or_replay,max_trades,4d8e3f1dfa6859ea0a922dd6e3d3c163,1760223610000,sports_ranking_finish_position,nesting
economic_or_replay,max_trades,4d8e3f1dfa6859ea0a922dd6e3d3c163,1760313610000,sports_ranking_finish_position,nesting
economic_or_replay,max_trades,4d8e3f1dfa6859ea0a922dd6e3d3c163,1760317210000,sports_ranking_finish_position,nesting
economic_or_replay,max_trades,4d8e3f1dfa6859ea0a922dd6e3d3c163,1760320810000,sports_ranking_finish_position,nesting
economic_or_replay,max_trades,4d8e3f1dfa6859ea0a922dd6e3d3c163,1760324410000,sports_ranking_finish_position,nesting
economic_or_replay,max_trades,4d8e3f1dfa6859ea0a922dd6e3d3c163,1760328010000,sports_ranking_finish_position,nesting
economic_or_replay,max_trades,4d8e3f1dfa6859ea0a922dd6e3d3c163,1760331610000,sports_ranking_finish_position,nesting
economic_or_replay,max_trades,4d8e3f1dfa6859ea0a922dd6e3d3c163,1760335210000,sports_ranking_finish_position,nesting
economic_or_replay,max_trades,4d8e3f1dfa6859ea0a922dd6e3d3c163,1760338810000,sports_ranking_finish_position,nesting
economic_or_replay,max_trades,4d8e3f1dfa6859ea0a922dd6e3d3c163,1760342410000,sports_ranking_finish_position,nesting
economic_or_replay,max_trades,4d8e3f1dfa6859ea0a922dd6e3d3c163,1760346010000,sports_ranking_finish_position,nesting
economic_or_replay,max_trades,4d8e3f1dfa6859ea0a922dd6e3d3c163,1760349610000,sports_ranking_finish_position,nesting
economic_or_replay,max_trades,4d8e3f1dfa6859ea0a922dd6e3d3c163,1760353210000,sports_ranking_finish_position,nesting
economic_or_replay,max_trades,4d8e3f1dfa6859ea0a922dd6e3d3c163,1760356810000,sports_ranking_finish_position,nesting
economic_or_replay,max_trades,4d8e3f1dfa6859ea0a922dd6e3d3c163,1760360410000,sports_ranking_finish_position,nesting
economic_or_replay,max_trades,4d8e3f1dfa6859ea0a922dd6e3d3c163,1760364010000,sports_ranking_finish_position,nesting
economic_or_replay,max_trades,4d8e3f1dfa6859ea0a922dd6e3d3c163,1760367610000,sports_ranking_finish_position,nesting
economic_or_replay,max_trades,4d8e3f1dfa6859ea0a922dd6e3d3c163,1760371210000,sports_ranking_finish_position,nesting
economic_or_replay,max_trades,4d8e3f1dfa6859ea0a922dd6e3d3c163,1760374810000,sports_ranking_finish_position,nesting
economic_or_replay,max_trades,4d8e3f1dfa6859ea0a922dd6e3d3c163,1760378410000,sports_ranking_finish_position,nesting
economic_or_replay,max_trades,4d8e3f1dfa6859ea0a922dd6e3d3c163,1760382010000,sports_ranking_finish_position,nesting
economic_or_replay,max_trades,4d8e3f1dfa6859ea0a922dd6e3d3c163,1760385610000,sports_ranking_finish_position,nesting
economic_or_replay,max_trades,4d8e3f1dfa6859ea0a922dd6e3d3c163,1760389210000,sports_ranking_finish_position,nesting
economic_or_replay,max_trades,4d8e3f1dfa6859ea0a922dd6e3d3c163,1760392810000,sports_ranking_finish_position,nesting
economic_or_replay,max_trades,4d8e3f1dfa6859ea0a922dd6e3d3c163,1760396410000,sports_ranking_finish_position,nesting
economic_or_replay,max_trades,4d8e3f1dfa6859ea0a922dd6e3d3c163,1760400010000,sports_ranking_finish_position,nesting
economic_or_replay,max_trades,4d8e3f1dfa6859ea0a922dd6e3d3c163,1760403610000,sports_ranking_finish_position,nesting
economic_or_replay,max_trades,4d8e3f1dfa6859ea0a922dd6e3d3c163,1760407210000,sports_ranking_finish_position,nesting
economic_or_replay,max_trades,4d8e3f1dfa6859ea0a922dd6e3d3c163,1760410810000,sports_ranking_finish_position,nesting
economic_or_replay,max_trades,4d8e3f1dfa6859ea0a922dd6e3d3c163,1760414410000,sports_ranking_finish_position,nesting
economic_or_replay,max_trades,4d8e3f1dfa6859ea0a922dd6e3d3c163,1760418010000,sports_ranking_finish_position,nesting
economic_or_replay,max_trades,4d8e3f1dfa6859ea0a922dd6e3d3c163,1760421610000,sports_ranking_finish_position,nesting
economic_or_replay,max_trades,4d8e3f1dfa6859ea0a922dd6e3d3c163,1760425210000,sports_ranking_finish_position,nesting
economic_or_replay,max_trades,4d8e3f1dfa6859ea0a922dd6e3d3c163,1760428810000,sports_ranking_finish_position,nesting
economic_or_replay,max_trades,4d8e3f1dfa6859ea0a922dd6e3d3c163,1760432410000,sports_ranking_finish_position,nesting
economic_or_replay,max_trades,4d8e3f1dfa6859ea0a922dd6e3d3c163,1760436010000,sports_ranking_finish_position,nesting
economic_or_replay,max_trades,4d8e3f1dfa6859ea0a922dd6e3d3c163,1760439610000,sports_ranking_finish_position,nesting
economic_or_replay,max_trades,4d8e3f1dfa6859ea0a922dd6e3d3c163,1760443210000,sports_ranking_finish_position,nesting
economic_or_replay,max_trades,4d8e3f1dfa6859ea0a922dd6e3d3c163,1760446810000,sports_ranking_finish_position,nesting
economic_or_replay,max_trades,4d8e3f1dfa6859ea0a922dd6e3d3c163,1760450410000,sports_ranking_finish_position,nesting
economic_or_replay,max_trades,4d8e3f1dfa6859ea0a922dd6e3d3c163,1760454010000,sports_ranking_finish_position,nesting
economic_or_replay,max_trades,4d8e3f1dfa6859ea0a922dd6e3d3c163,1760457610000,sports_ranking_finish_position,nesting
economic_or_replay,max_trades,4d8e3f1dfa6859ea0a922dd6e3d3c163,1760461210000,sports_ranking_finish_position,nesting
economic_or_replay,max_trades,4d8e3f1dfa6859ea0a922dd6e3d3c163,1760464810000,sports_ranking_finish_position,nesting
economic_or_replay,max_trades,4d8e3f1dfa6859ea0a922dd6e3d3c163,1760468410000,sports_ranking_finish_position,nesting
economic_or_replay,max_trades,4d8e3f1dfa6859ea0a922dd6e3d3c163,1760472010000,sports_ranking_finish_position,nesting
economic_or_replay,max_trades,4d8e3f1dfa6859ea0a922dd6e3d3c163,1760475610000,sports_ranking_finish_position,nesting
economic_or_replay,max_trades,4d8e3f1dfa6859ea0a922dd6e3d3c163,1760479210000,sports_ranking_finish_position,nesting
economic_or_replay,max_trades,4d8e3f1dfa6859ea0a922dd6e3d3c163,1760482810000,sports_ranking_finish_position,nesting
economic_or_replay,max_trades,4d8e3f1dfa6859ea0a922dd6e3d3c163,1760486410000,sports_ranking_finish_position,nesting
economic_or_replay,max_trades,4d8e3f1dfa6859ea0a922dd6e3d3c163,1760490010000,sports_ranking_finish_position,nesting
economic_or_replay,max_trades,4d8e3f1dfa6859ea0a922dd6e3d3c163,1760493610000,sports_ranking_finish_position,nesting
economic_or_replay,max_trades,4d8e3f1dfa6859ea0a922dd6e3d3c163,1760497210000,sports_ranking_finish_position,nesting
economic_or_replay,max_trades,4d8e3f1dfa6859ea0a922dd6e3d3c163,1760500810000,sports_ranking_finish_position,nesting
economic_or_replay,max_trades,4d8e3f1dfa6859ea0a922dd6e3d3c163,1760504410000,sports_ranking_finish_position,nesting
economic_or_replay,max_trades,4d8e3f1dfa6859ea0a922dd6e3d3c163,1760508010000,sports_ranking_finish_position,nesting
economic_or_replay,max_trades,4d8e3f1dfa6859ea0a922dd6e3d3c163,1760511610000,sports_ranking_finish_position,nesting
economic_or_replay,max_trades,4d8e3f1dfa6859ea0a922dd6e3d3c163,1760515210000,sports_ranking_finish_position,nesting
economic_or_replay,max_trades,4d8e3f1dfa6859ea0a922dd6e3d3c163,1760518810000,sports_ranking_finish_position,nesting
economic_or_replay,max_trades,4d8e3f1dfa6859ea0a922dd6e3d3c163,1760522410000,sports_ranking_finish_position,nesting
economic_or_replay,max_trades,4d8e3f1dfa6859ea0a922dd6e3d3c163,1760526010000,sports_ranking_finish_position,nesting
economic_or_replay,max_trades,4d8e3f1dfa6859ea0a922dd6e3d3c163,1760529610000,sports_ranking_finish_position,nesting
economic_or_replay,max_trades,4d8e3f1dfa6859ea0a922dd6e3d3c163,1760533210000,sports_ranking_finish_position,nesting
economic_or_replay,max_trades,4d8e3f1dfa6859ea0a922dd6e3d3c163,1760536810000,sports_ranking_finish_position,nesting
economic_or_replay,max_trades,4d8e3f1dfa6859ea0a922dd6e3d3c163,1760540410000,sports_ranking_finish_position,nesting
economic_or_replay,max_trades,4d8e3f1dfa6859ea0a922dd6e3d3c163,1760544010000,sports_ranking_finish_position,nesting
economic_or_replay,max_trades,4d8e3f1dfa6859ea0a922dd6e3d3c163,1760547610000,sports_ranking_finish_position,nesting
economic_or_replay,max_trades,4d8e3f1dfa6859ea0a922dd6e3d3c163,1760551210000,sports_ranking_finish_position,nesting
economic_or_replay,max_trades,4d8e3f1dfa6859ea0a922dd6e3d3c163,1760554810000,sports_ranking_finish_position,nesting
economic_or_replay,max_trades,4d8e3f1dfa6859ea0a922dd6e3d3c163,1760558410000,sports_ranking_finish_position,nesting
economic_or_replay,max_trades,4d8e3f1dfa6859ea0a922dd6e3d3c163,1760562010000,sports_ranking_finish_position,nesting
economic_or_replay,max_trades,4d8e3f1dfa6859ea0a922dd6e3d3c163,1760565610000,sports_ranking_finish_position,nesting
economic_or_replay,max_trades,4d8e3f1dfa6859ea0a922dd6e3d3c163,1760569210000,sports_ranking_finish_position,nesting
economic_or_replay,max_trades,4d8e3f1dfa6859ea0a922dd6e3d3c163,1760572810000,sports_ranking_finish_position,nesting
economic_or_replay,max_trades,4d8e3f1dfa6859ea0a922dd6e3d3c163,1760576410000,sports_ranking_finish_position,nesting
economic_or_replay,max_trades,4d8e3f1dfa6859ea0a922dd6e3d3c163,1760580010000,sports_ranking_finish_position,nesting
economic_or_replay,max_trades,4d8e3f1dfa6859ea0a922dd6e3d3c163,1760583610000,sports_ranking_finish_position,nesting
economic_or_replay,max_trades,4d8e3f1dfa6859ea0a922dd6e3d3c163,1760587210000,sports_ranking_finish_position,nesting
economic_or_replay,max_trades,4d8e3f1dfa6859ea0a922dd6e3d3c163,1760590810000,sports_ranking_finish_position,nesting
economic_or_replay,max_trades,4d8e3f1dfa6859ea0a922dd6e3d3c163,1760594410000,sports_ranking_finish_position,nesting
economic_or_replay,max_trades,4d8e3f1dfa6859ea0a922dd6e3d3c163,1760598010000,sports_ranking_finish_position,nesting
economic_or_replay,max_trades,4d8e3f1dfa6859ea0a922dd6e3d3c163,1760601610000,sports_ranking_finish_position,nesting
economic_or_replay,max_trades,4d8e3f1dfa6859ea0a922dd6e3d3c163,1760605210000,sports_ranking_finish_position,nesting
economic_or_replay,max_trades,4d8e3f1dfa6859ea0a922dd6e3d3c163,1760608810000,sports_ranking_finish_position,nesting
economic_or_replay,max_trades,4d8e3f1dfa6859ea0a922dd6e3d3c163,1760612410000,sports_ranking_finish_position,nesting
economic_or_replay,max_trades,4d8e3f1dfa6859ea0a922dd6e3d3c163,1760616010000,sports_ranking_finish_position,nesting
economic_or_replay,max_trades,4d8e3f1dfa6859ea0a922dd6e3d3c163,1760619610000,sports_ranking_finish_position,nesting
economic_or_replay,max_trades,4d8e3f1dfa6859ea0a922dd6e3d3c163,1760623210000,sports_ranking_finish_position,nesting
economic_or_replay,max_trades,4d8e3f1dfa6859ea0a922dd6e3d3c163,1760626810000,sports_ranking_finish_position,nesting
economic_or_replay,max_trades,4d8e3f1dfa6859ea0a922dd6e3d3c163,1760630410000,sports_ranking_finish_position,nesting
economic_or_replay,max_trades,4d8e3f1dfa6859ea0a922dd6e3d3c163,1760634010000,sports_ranking_finish_position,nesting
economic_or_replay,max_trades,4d8e3f1dfa6859ea0a922dd6e3d3c163,1760637610000,sports_ranking_finish_position,nesting
economic_or_replay,max_trades,4d8e3f1dfa6859ea0a922dd6e3d3c163,1760641210000,sports_ranking_finish_position,nesting
economic_or_replay,max_trades,4d8e3f1dfa6859ea0a922dd6e3d3c163,1760644810000,sports_ranking_finish_position,nesting
economic_or_replay,max_trades,4d8e3f1dfa6859ea0a922dd6e3d3c163,1760648410000,sports_ranking_finish_position,nesting
economic_or_replay,max_trades,4d8e3f1dfa6859ea0a922dd6e3d3c163,1760652010000,sports_ranking_finish_position,nesting
economic_or_replay,max_trades,4d8e3f1dfa6859ea0a922dd6e3d3c163,1760655610000,sports_ranking_finish_position,nesting
economic_or_replay,max_trades,4d8e3f1dfa6859ea0a922dd6e3d3c163,1760659210000,sports_ranking_finish_position,nesting
economic_or_replay,max_trades,4d8e3f1dfa6859ea0a922dd6e3d3c163,1760662810000,sports_ranking_finish_position,nesting
economic_or_replay,max_trades,4d8e3f1dfa6859ea0a922dd6e3d3c163,1760666410000,sports_ranking_finish_position,nesting
economic_or_replay,max_trades,4d8e3f1dfa6859ea0a922dd6e3d3c163,1760670010000,sports_ranking_finish_position,nesting
economic_or_replay,max_trades,4d8e3f1dfa6859ea0a922dd6e3d3c163,1760673610000,sports_ranking_finish_position,nesting
economic_or_replay,max_trades,4d8e3f1dfa6859ea0a922dd6e3d3c163,1760677210000,sports_ranking_finish_position,nesting
economic_or_replay,max_trades,4d8e3f1dfa6859ea0a922dd6e3d3c163,1760680810000,sports_ranking_finish_position,nesting
economic_or_replay,max_trades,4d8e3f1dfa6859ea0a922dd6e3d3c163,1760684410000,sports_ranking_finish_position,nesting
economic_or_replay,max_trades,4d8e3f1dfa6859ea0a922dd6e3d3c163,1760688010000,sports_ranking_finish_position,nesting
economic_or_replay,max_trades,4d8e3f1dfa6859ea0a922dd6e3d3c163,1760691610000,sports_ranking_finish_position,nesting
economic_or_replay,max_trades,4d8e3f1dfa6859ea0a922dd6e3d3c163,1760695210000,sports_ranking_finish_position,nesting
economic_or_replay,max_trades,4d8e3f1dfa6859ea0a922dd6e3d3c163,1760698810000,sports_ranking_finish_position,nesting
economic_or_replay,max_trades,4d8e3f1dfa6859ea0a922dd6e3d3c163,1760702410000,sports_ranking_finish_position,nesting
economic_or_replay,max_trades,4d8e3f1dfa6859ea0a922dd6e3d3c163,1760706010000,sports_ranking_finish_position,nesting
economic_or_replay,max_trades,4d8e3f1dfa6859ea0a922dd6e3d3c163,1760709610000,sports_ranking_finish_position,nesting
economic_or_replay,max_trades,4d8e3f1dfa6859ea0a922dd6e3d3c163,1760713210000,sports_ranking_finish_position,nesting
economic_or_replay,max_trades,4d8e3f1dfa6859ea0a922dd6e3d3c163,1760716810000,sports_ranking_finish_position,nesting
economic_or_replay,max_trades,4d8e3f1dfa6859ea0a922dd6e3d3c163,1760720410000,sports_ranking_finish_position,nesting
economic_or_replay,max_trades,4d8e3f1dfa6859ea0a922dd6e3d3c163,1760724010000,sports_ranking_finish_position,nesting
economic_or_replay,max_trades,4d8e3f1dfa6859ea0a922dd6e3d3c163,1760727610000,sports_ranking_finish_position,nesting
economic_or_replay,max_trades,4d8e3f1dfa6859ea0a922dd6e3d3c163,1760731210000,sports_ranking_finish_position,nesting
economic_or_replay,max_trades,4d8e3f1dfa6859ea0a922dd6e3d3c163,1760734810000,sports_ranking_finish_position,nesting
economic_or_replay,max_trades,4d8e3f1dfa6859ea0a922dd6e3d3c163,1760738410000,sports_ranking_finish_position,nesting
economic_or_replay,max_trades,4d8e3f1dfa6859ea0a922dd6e3d3c163,1760742010000,sports_ranking_finish_position,nesting
economic_or_replay,max_trades,4d8e3f1dfa6859ea0a922dd6e3d3c163,1760745610000,sports_ranking_finish_position,nesting
economic_or_replay,max_trades,4d8e3f1dfa6859ea0a922dd6e3d3c163,1760749210000,sports_ranking_finish_position,nesting
economic_or_replay,max_trades,4d8e3f1dfa6859ea0a922dd6e3d3c163,1760752810000,sports_ranking_finish_position,nesting
economic_or_replay,max_trades,4d8e3f1dfa6859ea0a922dd6e3d3c163,1760756410000,sports_ranking_finish_position,nesting
economic_or_replay,max_trades,4d8e3f1dfa6859ea0a922dd6e3d3c163,1760760010000,sports_ranking_finish_position,nesting
economic_or_replay,max_trades,4d8e3f1dfa6859ea0a922dd6e3d3c163,1760763610000,sports_ranking_finish_position,nesting
economic_or_replay,max_trades,4d8e3f1dfa6859ea0a922dd6e3d3c163,1760767210000,sports_ranking_finish_position,nesting
economic_or_replay,max_trades,4d8e3f1dfa6859ea0a922dd6e3d3c163,1760770810000,sports_ranking_finish_position,nesting
economic_or_replay,max_trades,4d8e3f1dfa6859ea0a922dd6e3d3c163,1760774410000,sports_ranking_finish_position,nesting
economic_or_replay,max_trades,4d8e3f1dfa6859ea0a922dd6e3d3c163,1760778010000,sports_ranking_finish_position,nesting
economic_or_replay,max_trades,4d8e3f1dfa6859ea0a922dd6e3d3c163,1760781610000,sports_ranking_finish_position,nesting
economic_or_replay,max_trades,4d8e3f1dfa6859ea0a922dd6e3d3c163,1760785210000,sports_ranking_finish_position,nesting
economic_or_replay,max_trades,4d8e3f1dfa6859ea0a922dd6e3d3c163,1760788810000,sports_ranking_finish_position,nesting
economic_or_replay,max_trades,4d8e3f1dfa6859ea0a922dd6e3d3c163,1760792410000,sports_ranking_finish_position,nesting
economic_or_replay,max_trades,4d8e3f1dfa6859ea0a922dd6e3d3c163,1760796010000,sports_ranking_finish_position,nesting
economic_or_replay,max_trades,4d8e3f1dfa6859ea0a922dd6e3d3c163,1760799610000,sports_ranking_finish_position,nesting
economic_or_replay,max_trades,4d8e3f1dfa6859ea0a922dd6e3d3c163,1760803210000,sports_ranking_finish_position,nesting
economic_or_replay,max_trades,4d8e3f1dfa6859ea0a922dd6e3d3c163,1760806810000,sports_ranking_finish_position,nesting
economic_or_replay,max_trades,4d8e3f1dfa6859ea0a922dd6e3d3c163,1760810410000,sports_ranking_finish_position,nesting
economic_or_replay,max_trades,4d8e3f1dfa6859ea0a922dd6e3d3c163,1760814010000,sports_ranking_finish_position,nesting
economic_or_replay,max_trades,4d8e3f1dfa6859ea0a922dd6e3d3c163,1760817610000,sports_ranking_finish_position,nesting
economic_or_replay,max_trades,4d8e3f1dfa6859ea0a922dd6e3d3c163,1760821210000,sports_ranking_finish_position,nesting
economic_or_replay,max_trades,4d8e3f1dfa6859ea0a922dd6e3d3c163,1760824810000,sports_ranking_finish_position,nesting
economic_or_replay,max_trades,4d8e3f1dfa6859ea0a922dd6e3d3c163,1760828410000,sports_ranking_finish_position,nesting
economic_or_replay,max_trades,4d8e3f1dfa6859ea0a922dd6e3d3c163,1760832010000,sports_ranking_finish_position,nesting
economic_or_replay,max_trades,4d8e3f1dfa6859ea0a922dd6e3d3c163,1760835610000,sports_ranking_finish_position,nesting
economic_or_replay,max_trades,4d8e3f1dfa6859ea0a922dd6e3d3c163,1760839210000,sports_ranking_finish_position,nesting
economic_or_replay,max_trades,4d8e3f1dfa6859ea0a922dd6e3d3c163,1760842810000,sports_ranking_finish_position,nesting
economic_or_replay,max_trades,4d8e3f1dfa6859ea0a922dd6e3d3c163,1760846410000,sports_ranking_finish_position,nesting
economic_or_replay,max_trades,4d8e3f1dfa6859ea0a922dd6e3d3c163,1760850010000,sports_ranking_finish_position,nesting
economic_or_replay,max_trades,4d8e3f1dfa6859ea0a922dd6e3d3c163,1760853610000,sports_ranking_finish_position,nesting
economic_or_replay,max_trades,4d8e3f1dfa6859ea0a922dd6e3d3c163,1760857210000,sports_ranking_finish_position,nesting
economic_or_replay,max_trades,4d8e3f1dfa6859ea0a922dd6e3d3c163,1760860810000,sports_ranking_finish_position,nesting
economic_or_replay,max_trades,4d8e3f1dfa6859ea0a922dd6e3d3c163,1760864410000,sports_ranking_finish_position,nesting
economic_or_replay,max_trades,4d8e3f1dfa6859ea0a922dd6e3d3c163,1760868010000,sports_ranking_finish_position,nesting
economic_or_replay,max_trades,4d8e3f1dfa6859ea0a922dd6e3d3c163,1760871610000,sports_ranking_finish_position,nesting
economic_or_replay,max_trades,4d8e3f1dfa6859ea0a922dd6e3d3c163,1760875210000,sports_ranking_finish_position,nesting
economic_or_replay,max_trades,4d8e3f1dfa6859ea0a922dd6e3d3c163,1760878810000,sports_ranking_finish_position,nesting
economic_or_replay,max_trades,4d8e3f1dfa6859ea0a922dd6e3d3c163,1760882410000,sports_ranking_finish_position,nesting
economic_or_replay,max_trades,4d8e3f1dfa6859ea0a922dd6e3d3c163,1760886010000,sports_ranking_finish_position,nesting
economic_or_replay,max_trades,4d8e3f1dfa6859ea0a922dd6e3d3c163,1760889610000,sports_ranking_finish_position,nesting
economic_or_replay,max_trades,4d8e3f1dfa6859ea0a922dd6e3d3c163,1760893210000,sports_ranking_finish_position,nesting
economic_or_replay,max_trades,4d8e3f1dfa6859ea0a922dd6e3d3c163,1760896810000,sports_ranking_finish_position,nesting
economic_or_replay,max_trades,4d8e3f1dfa6859ea0a922dd6e3d3c163,1760900410000,sports_ranking_finish_position,nesting
economic_or_replay,max_trades,4d8e3f1dfa6859ea0a922dd6e3d3c163,1760904010000,sports_ranking_finish_position,nesting
economic_or_replay,max_trades,4d8e3f1dfa6859ea0a922dd6e3d3c163,1760907610000,sports_ranking_finish_position,nesting
economic_or_replay,max_trades,4d8e3f1dfa6859ea0a922dd6e3d3c163,1760911210000,sports_ranking_finish_position,nesting
economic_or_replay,max_trades,4d8e3f1dfa6859ea0a922dd6e3d3c163,1760914810000,sports_ranking_finish_position,nesting
