accepted_trades,alignment_mode,avg_trade_pnl,cooldown_minutes,credibility_label,distinct_bundles_traded,distinct_relationships_traded,dominant_trade_share_of_pnl,exposure_used,max_drawdown,max_exposure_per_space,max_loss,max_stake_per_trade,max_win,median_trade_pnl,min_confidence,min_edge,overfit_warning,parameter_set_id,positive_after_costs,raw_fills,reentry_policy,robustness_score,simulated_pnl,sizing_policy,slippage_bps,slippage_paid,space_id,strategy_family,unique_violation_windows,win_rate
1,forward_fill_max_age,0.0,0,exploratory_only_not_credible,0,0,1.0,10.0,0.0,100.0,0.0,5.0,0.0,0.0,0.35,0.01,True,e236372c5a39,False,2,reenter_after_cooldown,0.25,0.0,flat_small,50,0.05,2028_democrats_presidential_nomination,unknown,1,0.4
1,forward_fill_max_age,0.0,60,exploratory_only_not_credible,0,0,1.0,10.0,0.0,100.0,0.0,5.0,0.0,0.0,0.35,0.01,True,66e0b901727f,False,2,first_violation_only,0.25,0.0,flat_small,50,0.05,2028_democrats_presidential_nomination,unknown,1,0.4
1,forward_fill_max_age,0.0,60,exploratory_only_not_credible,0,0,1.0,10.0,0.0,100.0,0.0,5.0,0.0,0.0,0.7,0.01,True,795dbbf08a56,False,2,first_violation_only,0.25,0.0,flat_small,50,0.05,2028_democrats_presidential_nomination,unknown,1,0.4
1,forward_fill_max_age,0.0,60,exploratory_only_not_credible,0,0,1.0,50.0,0.0,100.0,0.0,25.0,0.0,0.0,0.7,0.01,True,c597f7a1d64f,False,2,first_violation_only,0.25,0.0,flat_small,0,0.0,2028_democrats_presidential_nomination,unknown,1,0.4
1,forward_fill_max_age,0.0,60,exploratory_only_not_credible,0,0,1.0,50.0,0.0,100.0,0.0,25.0,0.0,0.0,0.35,0.0,True,25490484c32b,False,2,first_violation_only,0.25,0.0,flat_small,0,0.0,2028_democrats_presidential_nomination,unknown,1,0.4
1,forward_fill_max_age,0.0,60,exploratory_only_not_credible,0,0,1.0,10.0,0.0,100.0,0.0,5.0,0.0,0.0,0.35,0.01,True,3a4829658027,False,2,first_violation_only,0.25,0.0,flat_small,0,0.0,2028_democrats_presidential_nomination,unknown,1,0.4
1,forward_fill_max_age,0.0,60,exploratory_only_not_credible,0,0,1.0,10.0,0.0,100.0,0.0,5.0,0.0,0.0,0.35,0.0,True,2a750890ecd1,False,2,first_violation_only,0.25,0.0,flat_small,50,0.05,2028_democrats_presidential_nomination,unknown,1,0.4
1,forward_fill_max_age,0.0,0,exploratory_only_not_credible,0,0,1.0,50.0,0.0,500.0,0.0,25.0,0.0,0.0,0.7,0.01,True,d70e61feb5be,False,2,reenter_after_cooldown,0.25,0.0,flat_small,0,0.0,2028_democrats_presidential_nomination,unknown,1,0.4
1,forward_fill_max_age,0.0,60,exploratory_only_not_credible,0,0,1.0,10.0,0.0,100.0,0.0,5.0,0.0,0.0,0.7,0.01,True,e81acae2634b,False,2,reenter_after_cooldown,0.25,0.0,flat_small,0,0.0,2028_democrats_presidential_nomination,unknown,1,0.4
1,forward_fill_max_age,0.0,60,exploratory_only_not_credible,0,0,1.0,50.0,0.0,100.0,0.0,25.0,0.0,0.0,0.7,0.01,True,4197b8995dab,False,2,first_violation_only,0.25,0.0,flat_small,50,0.25,2028_democrats_presidential_nomination,unknown,1,0.4
1,forward_fill_max_age,0.0,0,exploratory_only_not_credible,0,0,1.0,50.0,0.0,100.0,0.0,25.0,0.0,0.0,0.35,0.01,True,92df584abf6a,False,2,first_violation_only,0.25,0.0,flat_small,50,0.25,2028_democrats_presidential_nomination,unknown,1,0.4
1,forward_fill_max_age,0.0,0,exploratory_only_not_credible,0,0,1.0,10.0,0.0,500.0,0.0,5.0,0.0,0.0,0.35,0.01,True,755eabbc18f3,False,2,reenter_after_cooldown,0.25,0.0,flat_small,50,0.05,2028_democrats_presidential_nomination,unknown,1,0.4
1,forward_fill_max_age,0.0,0,exploratory_only_not_credible,0,0,1.0,50.0,0.0,100.0,0.0,25.0,0.0,0.0,0.35,0.01,True,3e21f3a9e8ef,False,2,reenter_after_cooldown,0.25,0.0,flat_small,0,0.0,2028_democrats_presidential_nomination,unknown,1,0.4
1,forward_fill_max_age,0.0,60,exploratory_only_not_credible,0,0,1.0,50.0,0.0,500.0,0.0,25.0,0.0,0.0,0.7,0.01,True,90e917b500ad,False,2,first_violation_only,0.25,0.0,flat_small,0,0.0,2028_democrats_presidential_nomination,unknown,1,0.4
1,forward_fill_max_age,0.0,60,exploratory_only_not_credible,0,0,1.0,50.0,0.0,500.0,0.0,25.0,0.0,0.0,0.35,0.01,True,531f44576daf,False,2,first_violation_only,0.25,0.0,flat_small,0,0.0,2028_democrats_presidential_nomination,unknown,1,0.4
1,forward_fill_max_age,0.0,0,exploratory_only_not_credible,0,0,1.0,10.0,0.0,500.0,0.0,5.0,0.0,0.0,0.35,0.0,True,df6294af88af,False,2,reenter_after_cooldown,0.25,0.0,flat_small,50,0.05,2028_democrats_presidential_nomination,unknown,1,0.4
1,forward_fill_max_age,0.0,60,exploratory_only_not_credible,0,0,1.0,10.0,0.0,500.0,0.0,5.0,0.0,0.0,0.7,0.0,True,42ab6a28d3bc,False,2,reenter_after_cooldown,0.25,0.0,flat_small,0,0.0,2028_democrats_presidential_nomination,unknown,1,0.4
1,forward_fill_max_age,0.0,0,exploratory_only_not_credible,0,0,1.0,10.0,0.0,100.0,0.0,5.0,0.0,0.0,0.35,0.0,True,f22f5f1de91d,False,2,first_violation_only,0.25,0.0,flat_small,50,0.05,2028_democrats_presidential_nomination,unknown,1,0.4
1,forward_fill_max_age,0.0,60,exploratory_only_not_credible,0,0,1.0,10.0,0.0,100.0,0.0,5.0,0.0,0.0,0.7,0.0,True,ddb956280165,False,2,first_violation_only,0.25,0.0,flat_small,0,0.0,2028_democrats_presidential_nomination,unknown,1,0.4
1,forward_fill_max_age,0.0,0,exploratory_only_not_credible,0,0,1.0,50.0,0.0,100.0,0.0,25.0,0.0,0.0,0.35,0.01,True,4d51534abe64,False,2,first_violation_only,0.25,0.0,flat_small,0,0.0,2028_democrats_presidential_nomination,unknown,1,0.4
1,forward_fill_max_age,0.0,60,exploratory_only_not_credible,0,0,1.0,50.0,0.0,500.0,0.0,25.0,0.0,0.0,0.35,0.01,True,a7faee200160,False,2,first_violation_only,0.25,0.0,flat_small,50,0.25,2028_democrats_presidential_nomination,unknown,1,0.4
1,forward_fill_max_age,0.0,0,exploratory_only_not_credible,0,0,1.0,10.0,0.0,100.0,0.0,5.0,0.0,0.0,0.35,0.01,True,a697a29e95e0,False,2,first_violation_only,0.25,0.0,flat_small,50,0.05,2028_democrats_presidential_nomination,unknown,1,0.4
1,forward_fill_max_age,0.0,0,exploratory_only_not_credible,0,0,1.0,50.0,0.0,500.0,0.0,25.0,0.0,0.0,0.35,0.0,True,91dec84de6f3,False,2,first_violation_only,0.25,0.0,flat_small,0,0.0,2028_democrats_presidential_nomination,unknown,1,0.4
1,forward_fill_max_age,0.0,60,exploratory_only_not_credible,0,0,1.0,50.0,0.0,500.0,0.0,25.0,0.0,0.0,0.35,0.0,True,21cb834c94ff,False,2,reenter_after_cooldown,0.25,0.0,flat_small,50,0.25,2028_democrats_presidential_nomination,unknown,1,0.4
1,forward_fill_max_age,0.0,0,exploratory_only_not_credible,0,0,1.0,50.0,0.0,100.0,0.0,25.0,0.0,0.0,0.35,0.01,True,9ea5a13a5457,False,2,reenter_after_cooldown,0.25,0.0,flat_small,50,0.25,2028_democrats_presidential_nomination,unknown,1,0.4
1,forward_fill_max_age,0.0,0,exploratory_only_not_credible,0,0,1.0,10.0,0.0,100.0,0.0,5.0,0.0,0.0,0.35,0.01,True,14c29c86a4f6,False,2,first_violation_only,0.25,0.0,flat_small,0,0.0,2028_democrats_presidential_nomination,unknown,1,0.4
1,forward_fill_max_age,0.0,0,exploratory_only_not_credible,0,0,1.0,50.0,0.0,100.0,0.0,25.0,0.0,0.0,0.35,0.0,True,3f6d394773f6,False,2,first_violation_only,0.25,0.0,flat_small,50,0.25,2028_democrats_presidential_nomination,unknown,1,0.4
1,forward_fill_max_age,0.0,0,exploratory_only_not_credible,0,0,1.0,10.0,0.0,500.0,0.0,5.0,0.0,0.0,0.7,0.0,True,b993b7ff4df9,False,2,reenter_after_cooldown,0.25,0.0,flat_small,50,0.05,2028_democrats_presidential_nomination,unknown,1,0.4
1,forward_fill_max_age,0.0,60,exploratory_only_not_credible,0,0,1.0,50.0,0.0,500.0,0.0,25.0,0.0,0.0,0.35,0.0,True,ee4182ff0012,False,2,first_violation_only,0.25,0.0,flat_small,50,0.25,2028_democrats_presidential_nomination,unknown,1,0.4
1,forward_fill_max_age,0.0,0,exploratory_only_not_credible,0,0,1.0,10.0,0.0,100.0,0.0,5.0,0.0,0.0,0.7,0.0,True,554745f862fc,False,2,reenter_after_cooldown,0.25,0.0,flat_small,0,0.0,2028_democrats_presidential_nomination,unknown,1,0.4
1,forward_fill_max_age,0.0,60,exploratory_only_not_credible,0,0,1.0,50.0,0.0,100.0,0.0,25.0,0.0,0.0,0.35,0.01,True,7aa1243e85d3,False,2,reenter_after_cooldown,0.25,0.0,flat_small,0,0.0,2028_democrats_presidential_nomination,unknown,1,0.4
1,forward_fill_max_age,0.0,60,exploratory_only_not_credible,0,0,1.0,10.0,0.0,500.0,0.0,5.0,0.0,0.0,0.35,0.01,True,58a784477941,False,2,first_violation_only,0.25,0.0,flat_small,50,0.05,2028_democrats_presidential_nomination,unknown,1,0.4
1,forward_fill_max_age,0.0,60,exploratory_only_not_credible,0,0,1.0,50.0,0.0,500.0,0.0,25.0,0.0,0.0,0.7,0.0,True,9cb4f8f4b5ee,False,2,first_violation_only,0.25,0.0,flat_small,50,0.25,2028_democrats_presidential_nomination,unknown,1,0.4
1,forward_fill_max_age,0.0,60,exploratory_only_not_credible,0,0,1.0,10.0,0.0,500.0,0.0,5.0,0.0,0.0,0.35,0.0,True,5eac195b2a4c,False,2,first_violation_only,0.25,0.0,flat_small,0,0.0,2028_democrats_presidential_nomination,unknown,1,0.4
1,forward_fill_max_age,0.0,60,exploratory_only_not_credible,0,0,1.0,50.0,0.0,100.0,0.0,25.0,0.0,0.0,0.7,0.0,True,b10d70d6cf57,False,2,reenter_after_cooldown,0.25,0.0,flat_small,50,0.25,2028_democrats_presidential_nomination,unknown,1,0.4
1,forward_fill_max_age,0.0,0,exploratory_only_not_credible,0,0,1.0,10.0,0.0,500.0,0.0,5.0,0.0,0.0,0.35,0.01,True,c9b8bdee1862,False,2,reenter_after_cooldown,0.25,0.0,flat_small,0,0.0,2028_democrats_presidential_nomination,unknown,1,0.4
1,forward_fill_max_age,0.0,0,exploratory_only_not_credible,0,0,1.0,50.0,0.0,500.0,0.0,25.0,0.0,0.0,0.7,0.01,True,10337c458a6f,False,2,first_violation_only,0.25,0.0,flat_small,0,0.0,2028_democrats_presidential_nomination,unknown,1,0.4
1,forward_fill_max_age,0.0,60,exploratory_only_not_credible,0,0,1.0,50.0,0.0,100.0,0.0,25.0,0.0,0.0,0.35,0.0,True,cda767abc4e9,False,2,reenter_after_cooldown,0.25,0.0,flat_small,50,0.25,2028_democrats_presidential_nomination,unknown,1,0.4
1,forward_fill_max_age,0.0,0,exploratory_only_not_credible,0,0,1.0,50.0,0.0,100.0,0.0,25.0,0.0,0.0,0.7,0.01,True,90ec1e9da866,False,2,first_violation_only,0.25,0.0,flat_small,50,0.25,2028_democrats_presidential_nomination,unknown,1,0.4
1,forward_fill_max_age,0.0,60,exploratory_only_not_credible,0,0,1.0,50.0,0.0,500.0,0.0,25.0,0.0,0.0,0.7,0.01,True,61060db0ab2e,False,2,first_violation_only,0.25,0.0,flat_small,50,0.25,2028_democrats_presidential_nomination,unknown,1,0.4
1,forward_fill_max_age,0.0,60,exploratory_only_not_credible,0,0,1.0,50.0,0.0,100.0,0.0,25.0,0.0,0.0,0.7,0.01,True,15323622aa9c,False,2,reenter_after_cooldown,0.25,0.0,flat_small,0,0.0,2028_democrats_presidential_nomination,unknown,1,0.4
1,forward_fill_max_age,0.0,0,exploratory_only_not_credible,0,0,1.0,10.0,0.0,500.0,0.0,5.0,0.0,0.0,0.35,0.01,True,93e87783f3f2,False,2,first_violation_only,0.25,0.0,flat_small,0,0.0,2028_democrats_presidential_nomination,unknown,1,0.4
1,forward_fill_max_age,0.0,0,exploratory_only_not_credible,0,0,1.0,50.0,0.0,500.0,0.0,25.0,0.0,0.0,0.35,0.0,True,1c306eb6ea4a,False,2,reenter_after_cooldown,0.25,0.0,flat_small,50,0.25,2028_democrats_presidential_nomination,unknown,1,0.4
1,forward_fill_max_age,0.0,60,exploratory_only_not_credible,0,0,1.0,10.0,0.0,100.0,0.0,5.0,0.0,0.0,0.7,0.0,True,77c7128b5423,False,2,first_violation_only,0.25,0.0,flat_small,50,0.05,2028_democrats_presidential_nomination,unknown,1,0.4
1,forward_fill_max_age,0.0,0,exploratory_only_not_credible,0,0,1.0,10.0,0.0,500.0,0.0,5.0,0.0,0.0,0.7,0.0,True,ab27355e4c0e,False,2,reenter_after_cooldown,0.25,0.0,flat_small,0,0.0,2028_democrats_presidential_nomination,unknown,1,0.4
1,forward_fill_max_age,0.0,0,exploratory_only_not_credible,0,0,1.0,50.0,0.0,100.0,0.0,25.0,0.0,0.0,0.35,0.0,True,6d0d7bad3ebd,False,2,reenter_after_cooldown,0.25,0.0,flat_small,50,0.25,2028_democrats_presidential_nomination,unknown,1,0.4
1,forward_fill_max_age,0.0,0,exploratory_only_not_credible,0,0,1.0,10.0,0.0,100.0,0.0,5.0,0.0,0.0,0.7,0.01,True,2ebced71aba5,False,2,reenter_after_cooldown,0.25,0.0,flat_small,50,0.05,2028_democrats_presidential_nomination,unknown,1,0.4
1,forward_fill_max_age,0.0,0,exploratory_only_not_credible,0,0,1.0,10.0,0.0,500.0,0.0,5.0,0.0,0.0,0.7,0.01,True,4339babf4ed1,False,2,first_violation_only,0.25,0.0,flat_small,0,0.0,2028_democrats_presidential_nomination,unknown,1,0.4
1,forward_fill_max_age,0.0,0,exploratory_only_not_credible,0,0,1.0,10.0,0.0,100.0,0.0,5.0,0.0,0.0,0.35,0.0,True,a590862284dc,False,2,reenter_after_cooldown,0.25,0.0,flat_small,50,0.05,2028_democrats_presidential_nomination,unknown,1,0.4
1,forward_fill_max_age,0.0,0,exploratory_only_not_credible,0,0,1.0,10.0,0.0,500.0,0.0,5.0,0.0,0.0,0.7,0.01,True,11aa353df4e1,False,2,reenter_after_cooldown,0.25,0.0,flat_small,50,0.05,2028_democrats_presidential_nomination,unknown,1,0.4
1,forward_fill_max_age,0.0,60,exploratory_only_not_credible,0,0,1.0,50.0,0.0,100.0,0.0,25.0,0.0,0.0,0.35,0.0,True,268b84c9b5f7,False,2,reenter_after_cooldown,0.25,0.0,flat_small,0,0.0,2028_democrats_presidential_nomination,unknown,1,0.4
1,forward_fill_max_age,0.0,0,exploratory_only_not_credible,0,0,1.0,10.0,0.0,100.0,0.0,5.0,0.0,0.0,0.7,0.0,True,044dbd9ad54a,False,2,reenter_after_cooldown,0.25,0.0,flat_small,50,0.05,2028_democrats_presidential_nomination,unknown,1,0.4
1,forward_fill_max_age,0.0,60,exploratory_only_not_credible,0,0,1.0,10.0,0.0,100.0,0.0,5.0,0.0,0.0,0.35,0.0,True,61947468c925,False,2,first_violation_only,0.25,0.0,flat_small,0,0.0,2028_democrats_presidential_nomination,unknown,1,0.4
1,forward_fill_max_age,0.0,60,exploratory_only_not_credible,0,0,1.0,10.0,0.0,500.0,0.0,5.0,0.0,0.0,0.35,0.0,True,a19f70b30f96,False,2,reenter_after_cooldown,0.25,0.0,flat_small,0,0.0,2028_democrats_presidential_nomination,unknown,1,0.4
1,forward_fill_max_age,0.0,60,exploratory_only_not_credible,0,0,1.0,50.0,0.0,100.0,0.0,25.0,0.0,0.0,0.7,0.01,True,b76c308cabaf,False,2,reenter_after_cooldown,0.25,0.0,flat_small,50,0.25,2028_democrats_presidential_nomination,unknown,1,0.4
1,forward_fill_max_age,0.0,0,exploratory_only_not_credible,0,0,1.0,10.0,0.0,100.0,0.0,5.0,0.0,0.0,0.35,0.0,True,f06e94586a28,False,2,first_violation_only,0.25,0.0,flat_small,0,0.0,2028_democrats_presidential_nomination,unknown,1,0.4
1,forward_fill_max_age,0.0,60,exploratory_only_not_credible,0,0,1.0,50.0,0.0,500.0,0.0,25.0,0.0,0.0,0.7,0.01,True,81738b7e6f22,False,2,reenter_after_cooldown,0.25,0.0,flat_small,0,0.0,2028_democrats_presidential_nomination,unknown,1,0.4
1,forward_fill_max_age,0.0,0,exploratory_only_not_credible,0,0,1.0,50.0,0.0,500.0,0.0,25.0,0.0,0.0,0.7,0.0,True,100aea594df6,False,2,first_violation_only,0.25,0.0,flat_small,50,0.25,2028_democrats_presidential_nomination,unknown,1,0.4
1,forward_fill_max_age,0.0,60,exploratory_only_not_credible,0,0,1.0,50.0,0.0,500.0,0.0,25.0,0.0,0.0,0.7,0.0,True,3f7d690ba12a,False,2,reenter_after_cooldown,0.25,0.0,flat_small,0,0.0,2028_democrats_presidential_nomination,unknown,1,0.4
1,forward_fill_max_age,0.0,60,exploratory_only_not_credible,0,0,1.0,10.0,0.0,500.0,0.0,5.0,0.0,0.0,0.35,0.01,True,b8020aa9bcac,False,2,first_violation_only,0.25,0.0,flat_small,0,0.0,2028_democrats_presidential_nomination,unknown,1,0.4
