blocker_category,count,space_id
infrastructure,1,003f5e14372a4d9cbe0a6524d5c420dd
infrastructure,1,00602c8ae40b471db0635d461b8eb382
infrastructure,1,00e1c92e3e7b4ba384be4834321fd476
infrastructure,1,00f377be69af425780f7602edea9a563
infrastructure,1,0118c70188fb41e59734699b01607e65
infrastructure,1,0139095740754937bbe53c36c48ac527
infrastructure,1,01e2ee23232744e7a6b31e87b9b063ca
infrastructure,1,01ff889db9824697a7339c734383a3a8
infrastructure,1,02b69535d30e4dddad3518e182e7a199
infrastructure,1,02b85788b7c849d69a7cf2d38aa34c4a
infrastructure,1,0407427ae19b4bb79f6bbe8defa7a0e4
infrastructure,1,043f4f9203914576849b58b602b2c9f5
infrastructure,1,047f0efd7bd945749dcc7538e58c6635
infrastructure,1,04b5d1283b554dd3b4dd42d17bfe6ff5
infrastructure,1,04cbcb73e25f4a4ca28373c279219620
infrastructure,1,05a8a6de1ed347bc95761f0755c4c213
infrastructure,1,05c3e83942804b679e2128f088da7eec
infrastructure,1,0601b3bd75f7418ca6c9d58b7e783ea1
infrastructure,1,0601b64405564c6ba8a0e3da2eb4aa40
infrastructure,1,069bcb58d1e541ef9de3cd6f43674624
infrastructure,1,06ba0430bb174825a2be54fc6d5397d8
infrastructure,1,07131a27a12c45fab5a232f11da21599
infrastructure,1,071a480ff7e14cfd9ccac739a42f364c
infrastructure,1,0784bc3a807a40d3bc9d8fdcb3ea54ce
infrastructure,1,07b51aedd6c947c1966f1050f4492020
infrastructure,1,07c2bc8dca6a4a61b9818473817564f3
infrastructure,1,083fd04bcf67434e9ef818dce7ba3a28
infrastructure,1,087b406a33f1406f86d8589f8777ff55
infrastructure,1,089caf0e270e445bb06e54a63b74917d
infrastructure,1,08ed732da1024b8aa34a417b0b133244
infrastructure,1,0904a806509444f985ee5993f78d0528
infrastructure,1,095aaadb501c408f8008a134f41849e8
infrastructure,1,0971f087267d4321a8b8b4d977535b53
infrastructure,1,09dc5fa304c84f46b6c58994d3429e67
infrastructure,1,0a3e364fc9104330a80a074a97755e60
infrastructure,1,0a455c71ba584fd5b8b21e79a613e144
infrastructure,1,0a5e9ddde2fd435283f1456030f926ce
infrastructure,1,0aaa933e3e2a47c0b0d857a76204475a
infrastructure,1,0aacc4c4348041f59b540efc13f0b092
infrastructure,1,0ad67714787840bb9e6fd346751a5b72
infrastructure,1,0af29aab84654e438aa8e699df4833a8
infrastructure,1,0af57d4bdd0b49e58cdffa48d5043e2c
infrastructure,1,0af70a9820144b078e9cf5745c2ac582
infrastructure,1,0b6f56755425476ba8d36e1206e727b5
infrastructure,1,0c46507ee4234f9c867dedc81655320b
infrastructure,1,0c4c89a54b5c431cb15d49ed7a17d2be
infrastructure,1,0c4fc75080684024802fff75c0cd24e5
infrastructure,1,0c51a380bfb143b7ae04e9004f24317b
infrastructure,1,0c5e4292e9e04e2b946ee959b2fbe89a
infrastructure,1,0c84d14800a94b7ba1b21f72180aab16
infrastructure,1,0cb638c0ef5b429aa026e50c04949087
infrastructure,1,0cc9039578c6419f8d910fbe7623c2c5
infrastructure,1,0ce558da90a741059f27963b031f1ea8
infrastructure,1,0d357553faba4491a95657692fb1ce8c
infrastructure,1,0d703f319ff1454da54866b3c6499e0f
infrastructure,1,0e139a5d7a704f4fb2b5728943ef91d7
infrastructure,1,0ebd518177c148a09eb6caddce164642
infrastructure,1,0edb12b9b1f846ed94f15c7fb9c2ed59
infrastructure,1,0f019b1a99424c27b8188a96a762d174
infrastructure,1,0f3a74db5aab47b98fa13cb51893704f
infrastructure,1,0f624a35be194ca3bea244d3263496e7
infrastructure,1,103a86f2d068423c8e4c305ac50fdce7
infrastructure,1,10684b3c1a7c47c4bd5f978851e82f7d
infrastructure,1,106bd4f059e946368188cc4a92512011
infrastructure,1,106bda08f12a4f88bf1c1a376f718b9b
infrastructure,1,1077fa71c70b4dd68309fbe4121982aa
infrastructure,1,10b3d75bfe4b4996909e9a69b44d9299
infrastructure,1,10b74bc3fdc44618b378d143cec5b1d3
infrastructure,1,111b86f0a8044399b33e500877415116
infrastructure,1,115798a4d1d6455d9f454c5f47bc149a
infrastructure,1,119b6ae7407f4b99a24cbfb07b9eea79
infrastructure,1,11b8ade2f98b4308a72e9c5e9fdb1258
infrastructure,1,124de3610de441f3926f15a9805647e1
infrastructure,1,124f2c304f4145c09a86e53b516848b4
infrastructure,1,127f10caf21447faae80d17e6d5ce3b1
infrastructure,1,12afbb7aa671428894a7163a653f40ad
infrastructure,1,12f5655398aa4c0ba805443adc11b84e
infrastructure,1,1313bf99e760472e87cd2c2527f45903
infrastructure,1,13375406c6244a3883eaa66c78ba043d
infrastructure,1,133b0cc8f92241c99512dc74c14f44c7
infrastructure,1,135afd88a355459d96bc1f80157d72cd
infrastructure,1,13614fe1191346e08fb8d26e02a64e8b
infrastructure,1,13b4f79f27fc4062a7e06d97ade747aa
infrastructure,1,13cbd62bda0540499fae7ec6fe6a3cfb
infrastructure,1,1411fcfcfd6241b29c1a86c963fca12e
infrastructure,1,1432e531e3164711976afa60b5627153
infrastructure,1,143df08fce05449ca5101e4e2dd867c0
infrastructure,1,145ecef2690640e2b20399967c50d6cf
infrastructure,1,14b0fd5268e04bae98795e319fd1a8b2
infrastructure,1,1501252304094a12a38efe2d036cea19
infrastructure,1,1506e600858841b58197ce3a12956fc0
infrastructure,1,1529888fd85d4217ab52bc5ecb7c4b15
infrastructure,1,155a0ea38d4b45488ed33ef0cf429b4b
infrastructure,1,158b394048214cf98f5dd01de910b7e5
infrastructure,1,1698ba25b41c466a8eaab5f90ea87098
infrastructure,1,17a6d41bf6124775a3cebf6a9c4bfe69
infrastructure,1,185725ff03ea4767acea954abf99dce3
infrastructure,1,19605fb710d34df5bd3f173fa379fa07
infrastructure,1,1962012283534391bae3854b6148e915
infrastructure,1,1988d53161804cb1b0064746041e89c4
infrastructure,1,19d3548dc36c477dbb0eef157ea0ae8d
infrastructure,1,1a32be258881485dad3427d5a3f4542e
infrastructure,1,1aa79df48df2415eaa61c8d41757949c
infrastructure,1,1ab1acfea8344dd6b5a08ed122fb6c2a
infrastructure,1,1ab7ceb0901349de933e66cc84d8f499
infrastructure,1,1adc9b8d3a5e4651bbcd7a265e78e45e
infrastructure,1,1afaf03d3713419e9574f12bcbd83667
infrastructure,1,1b07ab65ded8445ab7cbfc9d534f97cd
infrastructure,1,1b11bb94e57c46588ed2f7cb00cc7bcc
infrastructure,1,1b164b6de9f642a690fa57f4c6de2fdd
infrastructure,1,1bbd9501997e4f9f8a2fb4ffc92a673f
infrastructure,1,1cccbb3c54c14050bd68af3084c353a3
infrastructure,1,1d120539d3f1436caf6ce09f53fc4317
infrastructure,1,1d1c9877e3654ba491c38c9cdbdffd42
infrastructure,1,1d2e740daa3d48568346555a90fe5f12
infrastructure,1,1d4877b37ddc43ad969466973c1655b3
infrastructure,1,1d655cba949b4269a34bb33e694c1b20
infrastructure,1,1d72174f3a764ce795e7c57ff1ab9565
infrastructure,1,1d75332e736f4c1497210886fca9601d
infrastructure,1,1e06570f60cb44718fdd6c2804c2764e
infrastructure,1,1e30b1e910fc4a10b7d694f97ac85f55
infrastructure,1,1e5133e4df9b47dfa0bca98e65ebdcb3
infrastructure,1,1e5fe89f5fae4529925250ea268a0203
infrastructure,1,1e70113e334b4e268bc14d2e9fdb0c1a
infrastructure,1,1fe89a7b12f84231909320d0853d5baa
infrastructure,1,2015f71eaed846b6939dce84fc47f710
infrastructure,1,206f7bff0dcd479cb4e0ae6bc06ab626
infrastructure,1,20b3033b259a459a8d3f8435eae2dcb4
infrastructure,1,217853e3675148a3953d83336e7d1417
infrastructure,1,21a4cd43564f4e9c8b1d761eaab2b464
infrastructure,1,21a89fb805cb4613bef34576fe688457
infrastructure,1,21ae4bc558d54f99b913fc5b10ed5f7a
infrastructure,1,21edc1d05ee2437cb59d95afaec7f987
infrastructure,1,222db57cf5ed4f5e99a00dae71af6498
infrastructure,1,22954b27387148319442b5bea14af002
infrastructure,1,22fe1c9bddcc41b0819afa73a44d550d
infrastructure,1,234420aac5cf4342a83c709a3a86a323
infrastructure,1,2371c10ababf4c3892e2065a818b2b2e
infrastructure,1,2374ba339c0145b6aa34a3ae50ade803
infrastructure,1,2392619f01da4cc180536bdf146f0a52
infrastructure,1,23fe80916ad04668a93939b35fead975
infrastructure,1,24128b78bddf4b6c86c0237a0e41a5be
infrastructure,1,2416f86db9064e2490bc66b646d9f8f6
infrastructure,1,243a919534634560b18b10f685f13721
infrastructure,1,2444f451be9a40849682f69bbfd89985
infrastructure,1,2497966112f44765843f3d21122c8f17
infrastructure,1,249798026d864e199e0029bb5fa95ca0
infrastructure,1,24c1a2feba8a44988dda7fe8e8846ab7
infrastructure,1,24f0c37d8cb648c4b22465fb2604b5a3
infrastructure,1,2517e45ed8a2427387407bfe1aaa750d
infrastructure,1,2547326f8131459a87e7954131b4d3e4
infrastructure,1,259c7514170c4b6f8ea0ec8adc1fcd9d
infrastructure,1,2615b5d4f2bf4949b0f2f88fb0f8b184
infrastructure,1,26186043109f4cf0b075331f2c508767
infrastructure,1,26a533bc3c364838a716494469670281
infrastructure,1,26e79e516db747ecb1d265e5488d0ca3
infrastructure,1,2722c4f2ccae4770aecc0e72b0e5656a
infrastructure,1,273ce40ddce2447c9b3b3c559ab555a0
infrastructure,1,288cf92a722f4c88b6fd20208730280d
infrastructure,1,2928afa09a2547b491a3c300c37c8de2
infrastructure,1,2b34ba841d6b48c896026f940b4251f9
infrastructure,1,2b4d13de99ea43ae8162493913f2449c
infrastructure,1,2b76f4cb074f421e8b2da615da8985c4
infrastructure,1,2c05cf5d9b0e4d4e88724759192f7e19
infrastructure,1,2c44804c3794458ea7069ca06fbd0193
infrastructure,1,2c5c68ea7d53452f9d7d51c56083173a
infrastructure,1,2c75e2c494c048caaf3da288beec6893
infrastructure,1,2d0fec4c223c4de19396977ce5d7ef34
infrastructure,1,2d4dd97f7c0b4fd4b65ebe85b6cccc0a
infrastructure,1,2e0a403b593b468ab490525bed50418a
infrastructure,1,2e518d2d154d4f5985aff5b98944af80
infrastructure,1,2eb67563459e40428916cb3f1e466f12
infrastructure,1,2f150938edae4ad39a80ae95f578aa1f
infrastructure,1,2f6b342c4cf149f7a3a3ccb92b5b1bd3
infrastructure,1,2f74c264e3ad464d820a748d05c87775
infrastructure,1,2fa2962e8dbd441b861eab195e6c2ab4
infrastructure,1,302ac3a46dfd433abed45e6002bbf497
infrastructure,1,30b4db856a7145589e263d260bb360c3
infrastructure,1,320c76216367456fa742cd7e7d4e0579
infrastructure,1,3220a44f99c7428db6472821e81d3cf2
infrastructure,1,32a183a5f9db47168ced10b1bc92096f
infrastructure,1,32f426ec99354c6bb490543e0cd4ba6e
infrastructure,1,335babb61ea9417fb5f978e4ab5e8350
infrastructure,1,33652a81415b4d568bd1723c038a8ffd
infrastructure,1,3368aa096d4241f1a0365d69e186053f
infrastructure,1,33db04ef54ab4e76b03516dce2ef57db
infrastructure,1,33f76277bf7c44779ef0ff1f0c14179e
infrastructure,1,342bf2abbc1a4f8298d0668705feedc0
infrastructure,1,349a07bd36a1474d81a3433979241a0b
infrastructure,1,3529162c00574e1b9fe0b8c26bfd60cc
infrastructure,1,35629cbb150b46e8af048855109ec098
infrastructure,1,357d51f59efa4d638169c635bb1f69f3
infrastructure,1,358611af5ed74988affb46ccbc0999b3
infrastructure,1,35f75b5ab5c04e4aafac9328bd0f391e
infrastructure,1,3615aec63dc54965a7f258785603b13d
infrastructure,1,36798a396df544d9bcf1ebb2cc4034ae
infrastructure,1,36b26cef5c3d487cab5d518fd569e535
infrastructure,1,376377e33b854f9bb094d757da32387a
infrastructure,1,37bd2d647c504a97abedb21e6ac2b464
infrastructure,1,37d84eaf79ac419eb8aa00702f0573c4
infrastructure,1,37edd489165a4d888695007c22eeda87
infrastructure,1,3818865339bf4184abef57af8cae1ed7
infrastructure,1,38318b6601574a3784ff1a027f7d1f60
infrastructure,1,3840c6594ffe48e5a2cb9c86c1e9131c
infrastructure,1,389e8ca78ed44e6daa20ed044d8242a0
infrastructure,1,38b103c3c9cb42d5848cd2798d57eb3b
infrastructure,1,391db7917256403e93c95049b8da14de
infrastructure,1,392373ab4b6e47c99e970f93092c37c2
infrastructure,1,39a9573597a14606ac6256006d53d395
infrastructure,1,39aa833ca97743ddb8c9173a3318d104
infrastructure,1,3a4e1b476feb48a081f3b049062f5cf2
infrastructure,1,3a8e32920dc94b9ea57bb892f92d5e30
infrastructure,1,3ad7f5f06abf45ed8cf162959aa10f64
infrastructure,1,3b3c912782674fbdb188fe557110d662
infrastructure,1,3c13349d686e41c6a655cc40dfd2d16f
infrastructure,1,3c219542d6b043c3afa89cd3f1750665
infrastructure,1,3c50d5e388f74680b5ce2dad2cd63648
infrastructure,1,3c528ec594814ffdb1203223b7cf4016
infrastructure,1,3c919f074acd4602acdee3e2f191dba9
infrastructure,1,3d2ab1e7abac452bb626e231b9e5955d
infrastructure,1,3d2c4ab964584cd9b057b7f3031ac221
infrastructure,1,3d854760133b494d9502bfd87b43bf62
infrastructure,1,3d9553ec44c044428cee560c660ef8b5
infrastructure,1,3e2f117a690e42948ea1d977784e35cc
infrastructure,1,3e401f1b5da347e58ad775552c7ce7b6
infrastructure,1,3e648d33fde64645915d1a8aa394eeeb
infrastructure,1,3e739a9f356841caa86aa625c9984a92
infrastructure,1,3e84bf43e09b4c469a7a42b9207ee070
infrastructure,1,3f2a94c4e6094648b90bd03617b7775d
infrastructure,1,3fba53de39c44843b7721e7f6aa4d515
infrastructure,1,3fcb71f1648e41c5ada36043bb0df84a
infrastructure,1,3fd4b27dc1af4bddab5834a2e45c74c5
infrastructure,1,402b4aeb6b3c4c9d94e2c6fcca997961
infrastructure,1,40313f3ad0ad423095090be6177d47cf
infrastructure,1,4040c898b015400a91052b534a6cec8e
infrastructure,1,40cab518f03e4444a0f70f0507db98ac
infrastructure,1,40e3d5aae2c643199b2f9042107a4282
infrastructure,1,410438c1b3854f9689b11fe6dc3c9e99
infrastructure,1,4187e97cbd0541648cb294e37c16f085
infrastructure,1,41bea25942414ee7a7f598cc7e702ab3
infrastructure,1,41fd98e8eec3432db4fceca1132612db
infrastructure,1,4251b3f9bb0040f7b5d95179c13f5e20
infrastructure,1,425ac0639a124fe28cb226d8c4cd196d
infrastructure,1,429ee17109cd4f2a88851ab9813d5891
infrastructure,1,42aff770ce64492d881aa07a994dd15e
infrastructure,1,42dd3e216c0044cfad21c31915ba24fa
infrastructure,1,42ffdf3e2268492188f472d1b1c8fcd3
infrastructure,1,433e4ce4f629472e99763ea6dd8550a4
infrastructure,1,435a35926d7345f8bf5fb652c3638c59
infrastructure,1,437897e088f9420faabfe88d3025ff81
infrastructure,1,439176a687ed4a8ba3aebba66aab8947
infrastructure,1,43b78ea320294ffd9fafc8902f0e538e
infrastructure,1,4433dcd25ceb4a6c8544f07345065d16
infrastructure,1,4488b1d29b744d33ad6464f55032a9f1
infrastructure,1,4494eb99a13748fb8564b43012dd9b47
infrastructure,1,44cf322e0deb4ce691cd50345d9bfd1c
infrastructure,1,45016e7591e14f38939eb62032485b3f
infrastructure,1,45122dbaa21843f2a1f3d15eaf573c41
infrastructure,1,45755a415a4344659a2777fcde4c5065
infrastructure,1,45cf6418770c465c9ce7b2f1457fff34
infrastructure,1,45d5bf7bfce945b69498f4e5aed68809
infrastructure,1,45f443a6e9b5454ea9e9431ad96131fd
infrastructure,1,4609685dfcdc4ce7bb73505e7807bd67
infrastructure,1,466fc4ec510140faa31283bdea3b57e1
infrastructure,1,46764bbe55df4977a95438be666ce53e
infrastructure,1,4687b733f6b9440f91db5366a180b458
infrastructure,1,469788af1a31462996bb175772203a44
infrastructure,1,46b08b97851a4ce3b3f8fb3f0f5c3ed6
infrastructure,1,46e7f3691dc549109aa73eb4d3f854ad
infrastructure,1,46fdb55c95ce4203bffb985d68bd705e
infrastructure,1,4727b6e8d53843e29dfe5e181cbf085b
infrastructure,1,477f6df5124e4ceaade41e1dca03930d
infrastructure,1,47b787a997b44744babc80dd2363ddf9
infrastructure,1,47e6e298b8a9447780bdf8f5ddd1836e
infrastructure,1,483a3c88b2e9402da8eb9e7feeb2f28a
infrastructure,1,493172c3c5424d6caec5ced769b97059
infrastructure,1,493b55721f064982a31a7fa3585b9f21
infrastructure,1,49427ea9167c4022bf20ff582bf6868c
infrastructure,1,4978ee840d3e4f62b6dd9dcb3cd02fa4
infrastructure,1,49867c7a1a7c41baae728e81e69d91f0
infrastructure,1,4a5d544aefc0496ebaeee600a96db7f2
infrastructure,1,4a96f8f98e42455e8a64bb795010b0cc
infrastructure,1,4ad834e588c94b7683d2d75c9d3360f0
infrastructure,1,4b77b08d97d24bbc8cd65b7e5e4ac92d
infrastructure,1,4b89a5dc654246c9963e6524e6040e2a
infrastructure,1,4c5c79f87a044fc3a524108a52e7dfda
infrastructure,1,4d31d70a62234af1815648422df87ebb
infrastructure,1,4daf38af0c7a4f87afd9c3bc6cd757df
infrastructure,1,4e0b068d04194d769321c5d94222c291
infrastructure,1,4ec4ef094e794310aa0064d73dfc48ce
infrastructure,1,4ee2ae7ffa2a457696e63ceb125d7eee
infrastructure,1,4ef219fc8cf64cf3b33c3a6cad81ddb0
infrastructure,1,4f38fc21860a4f8ca74996dd603cf7f2
infrastructure,1,4f5a1a033b7b492eb89f20331d0a258e
infrastructure,1,4f9808905c404e0680738897dd877c00
infrastructure,1,4fa09a0423814e3bbdccf2db38a1bbf9
infrastructure,1,4ff7a5b04756457c9556138ca11949b8
infrastructure,1,5002bce72e4445a8a1d442599e295d50
infrastructure,1,5014bbb137a648878ed7afa2a95420ee
infrastructure,1,50695a8ed10b420d8f29aa2ca1fa966f
infrastructure,1,50e1c803e2a34a76897d452755087ce9
infrastructure,1,5159cbe3d837443badcd8210eb633390
infrastructure,1,51a9b9d0f076434792b0a8042ed45065
infrastructure,1,51e6b1c0911a438998dbff6ecfc48162
infrastructure,1,51f467d7e6e244038776140bae55be94
infrastructure,1,528605e3fff14ec4b06b86ca9876a136
infrastructure,1,52f5fe45a18c415caa578e5d4a68794f
infrastructure,1,5329377844dc48a29090c6df8610a167
infrastructure,1,533aa2eb31094911b353e91ba335d6f6
infrastructure,1,536458cd83c145b0a9b7187d6e1b5922
infrastructure,1,53b72fe05fce4738a9f3d16d6e747adc
infrastructure,1,540dae7bc23e41008d348f2487c793a0
infrastructure,1,546553bc41b04825b650eea90008d395
infrastructure,1,5583e6f37d944bfdac28da9fe3134742
infrastructure,1,55de2bdbb95b423da54b149c2d0371a7
infrastructure,1,563a58f919ea493e8b02c275e9f9f101
infrastructure,1,568e144f79de4f58bc0b29f7681e00a9
infrastructure,1,56f5da773bf44ad88b1c991491f622d3
infrastructure,1,56fc5f93f4d7429cbbeb708af175a551
infrastructure,1,57a910a8f0974e8fb1a78c9e620b3b5d
infrastructure,1,57d8cce6c19a48959092adda1b02634f
infrastructure,1,57de7d8b535f424a912baa381b20c1e4
infrastructure,1,57fb9e92e9204e5389ce48c23e812328
infrastructure,1,58bd8aa886b042ccb773cfb62029dd6d
infrastructure,1,58d0316869d4470ca3d2e9a6a6d8421a
infrastructure,1,59c00c28248c4322844963daccc18e1c
infrastructure,1,5a01a7ca60dd4e9e8596be400cf3a7a2
infrastructure,1,5ac999e4a3c24b5aa79048354ef2277f
infrastructure,1,5b562b9aa85f47c4a4b36bb28f1543a3
infrastructure,1,5bc9de8d8fa840eebee565525edfa185
infrastructure,1,5c7307d085814b5f929d2a1721072f8a
infrastructure,1,5c91bcbc6e9b4b55b0e89fdc4ce272ab
infrastructure,1,5ca584bdd38f41f1ba7cba5c880af3f8
infrastructure,1,5d638c6da12f4e8db17ecdfb73cdf038
infrastructure,1,5d7cc0d33bd44515989e5d27141bdb17
infrastructure,1,5d8902ae017d43c5b3df4e3d69581c4d
infrastructure,1,5d96cf873b9f428688118f53909201af
infrastructure,1,5dc6e7df8a594d879edb1463cdbb6391
infrastructure,1,5dd15c00d8e44248a5ee144712b3cc87
infrastructure,1,5df2889fb5b24e958924e157f0dcae7b
infrastructure,1,5e39449cc7e244be82115f0717ae4bff
infrastructure,1,5f0e129ac4d64343a049e2d13da707ae
infrastructure,1,5f1f990965c44459b9dc34bada655a81
infrastructure,1,5f347fed952b465baee5897fce964ac6
infrastructure,1,60b5a506dc7b4eabb48b8519e078f84d
infrastructure,1,60edce5b875744e49ae20037bc65bbf7
infrastructure,1,612f917443c64139aeb5e5d2e778d687
infrastructure,1,6136b1b7c8434db88785324981f8b5b9
infrastructure,1,61c4ae86b62a4814876274554161b933
infrastructure,1,623dc813c1e742f6a9647d0edc82d0e0
infrastructure,1,62d8185b91c74612b37b3dcfd4413ea2
infrastructure,1,62efbf52c7e64ca19f6442d612e51ff8
infrastructure,1,62f4c9a3d6e945f2809475509dfd90d3
infrastructure,1,6305d79c0e304ef9b257101e5713f130
infrastructure,1,631bb898d09e4046a61f96a3d4d230b5
infrastructure,1,63460c365c0343a6a4521d150ffe85ac
infrastructure,1,63a4bfc5b93640e4a655b1e357860004
infrastructure,1,63e558a93acd444aa0853cf63a16a258
infrastructure,1,6460aef046f4450a84b0f4a40304cda9
infrastructure,1,65054b4dae1641f586fb206bbd20b398
infrastructure,1,650bebfbfebf48059e7150e31809cb48
infrastructure,1,6566463750554b9396edb08c4cf22bdf
infrastructure,1,658e17a903904734ac9b06db86c80330
infrastructure,1,65a4b976ad1a42c4a81393e72d977352
infrastructure,1,65c12bcad5c346c49f7cf3affda35133
infrastructure,1,668db59b77b64e618cab6edccd4dae82
infrastructure,1,668fd836f30d4355b200c4b2df1d7183
infrastructure,1,66917c0371e64e7d82c04cafa95cd460
infrastructure,1,66a44eb259b44973b697909b0aabb087
infrastructure,1,67f89799e45b4d5cbb58061a580a48cc
infrastructure,1,68b8f80f93224bfb9862d029e7c5931a
infrastructure,1,68bc7b610115497889c1a9e80aee4da4
infrastructure,1,68d6f482cf4c4edb891ce0065d2dc5f1
infrastructure,1,68deeb8f5c99448ebbf165459cf3a4fe
infrastructure,1,690c9c28824b418a869029e36d6dce3f
infrastructure,1,6913f06e10e64a48b2cb50e45ba663b8
infrastructure,1,69b5a2c783184c84bb70fff42a0688a4
infrastructure,1,69be54a21bc24ce6bf8d11e156011535
infrastructure,1,6aec691043eb401bbeb9f5ff64b9ecd7
infrastructure,1,6af754f934704cfb9792a9ab42cb1b8c
infrastructure,1,6b2f36b026734d4e8c9afbfc5bbaee13
infrastructure,1,6bd3d5082488441990e1e60699d366d2
infrastructure,1,6bd6e4915610460ca8cde7ea930995a6
infrastructure,1,6bda2ee061ee45ceb187187714947fac
infrastructure,1,6bfa09f670254553bedfc63a3dad4c97
infrastructure,1,6c3c5cc6898644dfafc7e09a87d7df39
infrastructure,1,6c4298c465ab48a091e507fddd4572ba
infrastructure,1,6c45ac38adbd45d3b11f9140ede7ab59
infrastructure,1,6cae015f1b4447ba880353e5237b275b
infrastructure,1,6ce6f5fdc5774f188e0c44b3b28cc4a2
infrastructure,1,6d1699327ca4475cb8d3d9e0014ca16f
infrastructure,1,6d346d22b8984796ae32767dfd244166
infrastructure,1,6d84de1e2be04e8b83d14116492617da
infrastructure,1,6dd148c79ed446d2affa8162fd57d023
infrastructure,1,6e124c9c1f53445289b8986ab84d57df
infrastructure,1,6e495549f58d444090908424884201b9
infrastructure,1,6e9af28599f24daf8f8b159f3aed1b11
infrastructure,1,6e9af51f15094f2a85e4d9381b6556d5
infrastructure,1,6f6f38e8e9494f07b7f7868b86bfeef0
infrastructure,1,6f98dd1f24eb40428624533950b61c78
infrastructure,1,703ec239cca142509f31c6e97d717be2
infrastructure,1,7044bd34cfee4103b61f7a1402c09cdf
infrastructure,1,705873e0f8f04afcba770818e57c608b
infrastructure,1,70caa21d97ee4319830733a7a87935db
infrastructure,1,71135bc95564429ab1d3bb9b418ba8a2
infrastructure,1,711417b6d5fa4d739dba12fd0d34cd29
infrastructure,1,71da79ee25e84c87a67dffd37a7d8cc2
infrastructure,1,7245482f13d1460e9f26398f818ffe82
infrastructure,1,72e672ecce68414ca6a94e4fce7864de
infrastructure,1,7311b0afe30a4b9299fce37f73fe936a
infrastructure,1,73acf6703f4647f68ccc1aded3d82df4
infrastructure,1,745e8d1206274b0f928959561481b793
infrastructure,1,74d14d9a250748f5b450bb3e1cb9ba9d
infrastructure,1,7596a43cd9074bdfb2627792cf9dc0d8
infrastructure,1,75f700529f3f418bbba5eff66d056f6b
infrastructure,1,7616c020cbaa4a6e8d835047fa2ab7aa
infrastructure,1,76405aef13934b11bd2be96b93e36dc8
infrastructure,1,7649df21ae2741f498d775b72c94da21
infrastructure,1,765d6f933b8441f0b29c0383ecb21b95
infrastructure,1,76808225ad21491dab935319a9de57be
infrastructure,1,769e28b001db405c8dafbedecebfe477
infrastructure,1,76b4cee7267543eba3ba11ee85d24fe0
infrastructure,1,76ec86a7092a44c0bba9abd8113a9e1b
infrastructure,1,7721215206af4d21a3f274704f0729ff
infrastructure,1,77395eda82514a3897c42e30ead47d65
infrastructure,1,775500ea4d094902a7587f6517956484
infrastructure,1,77bee0e3f5b24a25bd37d2f630550b34
infrastructure,1,77bf3817a9804930a073ddc2467db8b5
infrastructure,1,7812997a3af14e64a209616a93c068a5
infrastructure,1,785bad1016e8448db991d8d1cefa11da
infrastructure,1,787e96bf45ce4f6c824d1f87746b2ef6
infrastructure,1,78a16fe7e2004f6599d0d25e226855a4
infrastructure,1,78faebdef3fc41a3a180a67ac7fe4857
infrastructure,1,78fd87235afa4fe2ae47e14cfe54573a
infrastructure,1,797feaa916e64696b25f53cf90aaaa41
infrastructure,1,798c6317812c4949acc9c96f21a6d3fe
infrastructure,1,79d6707d60894c15a650488202189a5a
infrastructure,1,79f1cffbd6494dbfb996082b25e09c85
infrastructure,1,79fd4999441244e8bd411f136e4b1f00
infrastructure,1,7ada35eec97f437c8ace268f94899b94
infrastructure,1,7aeaea6f013f41889e136f5d26d357e8
infrastructure,1,7aecf687ad2f427dacc143605f8b2adc
infrastructure,1,7b0a34f0ab4d47f59f2adcad2f099b3d
infrastructure,1,7b1fc241a8274bca862b04e43b6b0752
infrastructure,1,7bb559d3520e4de4a7de9da69f1d1eb2
infrastructure,1,7bf6ed35675b4f0badaf6ef65ba1c786
infrastructure,1,7cc977d1f8064a669020bca4df86ca11
infrastructure,1,7cf056b375c149afb51fccd5c52a05b6
infrastructure,1,7d201200ed2f4646a805f382a977cbc7
infrastructure,1,7d464dcc5d234528b17eb5feb7f59eb5
infrastructure,1,7d9e382f011d478cba6c4e0d73f8aae3
infrastructure,1,7db5d45484724d7294b0412b7ecd4395
infrastructure,1,7e0e54cbe3d64fda87687d85dbfff9cf
infrastructure,1,7e20083a0a14498693ffa0067d352149
infrastructure,1,7e85a71aab944835acaca7727f7c3c83
infrastructure,1,7e8e97734c3f413a858308ebe11764e2
infrastructure,1,7ed469b7cb4c4cc49f2bcfe950354d2f
infrastructure,1,7ede2e1c03e14d298c44dc069d61f9b9
infrastructure,1,7ee0bc03dfd14246b53c93a1ecb898e2
infrastructure,1,7f102b34b1b1478b88ddfc78a0d791eb
infrastructure,1,7f6058fe09f64f50839cc6086ee371b9
infrastructure,1,7fdd5809875d433eb641e5c23e355b82
infrastructure,1,7ffcac9e87be4ba0a859a3ed305ac8fa
infrastructure,1,801b33dae7a7449ab70048e318db8ce4
infrastructure,1,80c9327fa0ac44e0b78dc86be0c33a73
infrastructure,1,80e2840508314b979461f4df9ed981b8
infrastructure,1,812c1654a3114a82b6d1159ddc06c8c4
infrastructure,1,8193705dcc8e492eb6b1b27afaf632ea
infrastructure,1,81f8573ee14b4256a931234d41e935ba
infrastructure,1,8264c239e8944df28886369e9f8d6a56
infrastructure,1,82828b767eb54943badcfc27ffff6a4d
infrastructure,1,82aef5d5c43e42a2afe05cb5a6015e27
infrastructure,1,82af2c3abd4645fd983a584602676b07
infrastructure,1,82dd99f621694b1295e1a54ac76e192d
infrastructure,1,82fdafd8a8874a098138543387f45170
infrastructure,1,837514191cf54cdbb2b1072f0a0c76aa
infrastructure,1,83c65ac94c944fb4ae26c80f96721f16
infrastructure,1,83efa7a102d145f89144a00de6c3adc0
infrastructure,1,848f854841f9489a99c5ff640e63bedb
infrastructure,1,848ff0209ffd4a18bea1f115aa37907b
infrastructure,1,8492743b2a684a9e9229f84a1f3a3e43
infrastructure,1,84f392c091294c959622aebfb14e3b33
infrastructure,1,85532d718c694d3f853149031af66612
infrastructure,1,856acc9fedac41d2ab4b6614022903a7
infrastructure,1,856ea580ae164219a72014215249defd
infrastructure,1,859346eef18045e2994f2dfaacfef89b
infrastructure,1,8647a7386a2d4f4eb15d86b1c98c4e9d
infrastructure,1,8693266ab1534afd84510892583a6748
infrastructure,1,8698359446f64aa08c71373b972b31a7
infrastructure,1,86a3da82262f4d0d80104abf7ef6006b
infrastructure,1,87b7aa2cf0a84c649443ab292e5590c3
infrastructure,1,8806b41fb8964f368e4ecc0760c4f2dc
infrastructure,1,88438461e85a493ea364be09f5ca9088
infrastructure,1,8901bf8391cd487f804d9538f6851a69
infrastructure,1,8993e9860439469f96bf8831be118dd7
infrastructure,1,89cf724fe437469ab132ecd21134a400
infrastructure,1,8a140738b16e431dbea0e0bf3b183f8f
infrastructure,1,8a5f68786bf94c6d82c51c7aeb3a22db
infrastructure,1,8a76e6f946654471a3ede5e1d6f9b431
infrastructure,1,8a8b2fbb9af34bfb9e644a9b476ddd78
infrastructure,1,8a932f7c564345dc99999b1ec4f4fe2f
infrastructure,1,8acd058961b84ac388c675055795608a
infrastructure,1,8ad4490e5c7c42fd8ac8ba3f637b5a6f
infrastructure,1,8bae63186a204bdbada1b4828cc74843
infrastructure,1,8c5e322a48174c4e86618fd52a9d06e0
infrastructure,1,8cc76ddc842945589a03b1ff12c44cf6
infrastructure,1,8d04edae6b0e46a5bf0cd394bc2ff7ec
infrastructure,1,8d34343eba834224a25616eddae33fec
infrastructure,1,8d355d8b051d4237bab984be403c63e0
infrastructure,1,8d7dddbdc8894945a3f7b9ac2f8e42f0
infrastructure,1,8ded77614b634088914fc43c8c25a058
infrastructure,1,8dee2da84fee4cbf9a61301f607d49e9
infrastructure,1,8dfb8c7f0b4d4685bf3c92b55ee317cb
infrastructure,1,8e2c8020162f4af0864b4319e0965679
infrastructure,1,8e765a0ce70b4941931caeff7fe78130
infrastructure,1,8eab6176cad540e8bfc1fdd41dd785e5
infrastructure,1,8f48c70ad55d4fb39e3e5e976d6eb964
infrastructure,1,8f4a9ff5db554671a3c10128bd2afcca
infrastructure,1,8fae87021c70452fa0697da508a0b43e
infrastructure,1,90b0002b613f40829431867fe7e067cf
infrastructure,1,92344869629d43cfbc621a76f20c8be0
infrastructure,1,9315de4a6fa649998b93204af95f7623
infrastructure,1,9316a0bbd6dd4b78a331a3c88c332196
infrastructure,1,93a44f0444dc450090d2a0a21a3a5b0b
infrastructure,1,93c73e5ea1a547be9badd37288a9890e
infrastructure,1,94e834f0710c457eb408a66a50f0bdb1
infrastructure,1,9581617d1f2f440fa7169f464706b733
infrastructure,1,9610b47286f1492392bb55490518628b
infrastructure,1,962b4fc130cf45f8867b5ab0f36cf045
infrastructure,1,96425a2863b14ddf94c8ad7d29e81f81
infrastructure,1,9652882bb7f94be39fffc0dc8376716b
infrastructure,1,96554a58d2d14ea592ef25b6e72fa385
infrastructure,1,9667cfdbb0e44e55982a6458bd3a53a5
infrastructure,1,966cdadde09b4e04ade100c614e50a0f
infrastructure,1,96e59d4730854129a34b906fba2257f3
infrastructure,1,9767ff7c36324c71bee93856136ec4b9
infrastructure,1,97adf432243e478eae122e9474bf5a42
infrastructure,1,97e5bfb732f8489dbb70f4ee75dc3f81
infrastructure,1,97f8def5897144dab4d715335a4196b1
infrastructure,1,980bd578a5564614b760c4b5c349849f
infrastructure,1,981d2a694ef04e93ac0881a58d0d293d
infrastructure,1,986490798ef648ee964be7e1c9e2e189
infrastructure,1,986a178eeb7c44ad909ff63e26d5e67c
infrastructure,1,988037d9788c4b44b78325cd1f3e73e5
infrastructure,1,98b1b40ce7ee47cd9279ded52d5418d6
infrastructure,1,98c0e503579e4b3eacad11a924a62387
infrastructure,1,9992ccdf88734e42b5c0c3ad5a043a85
infrastructure,1,99bf577e28df49c8839c68a5a0bd3d1b
infrastructure,1,99d915c8008a4811adb712e27b86e4fa
infrastructure,1,9a3c08363945470987dcacf117f243f6
infrastructure,1,9a53827d57034845b439280ec2491a5b
infrastructure,1,9a92fa3582b0461ba12d413afa1caa00
infrastructure,1,9ae134d527f24466b1224799f47aeb7d
infrastructure,1,9ae2005a467a46708eb76b853f1c0fd3
infrastructure,1,9b8b084f301a4541a6e55979c3eaab1d
infrastructure,1,9b8cc2947a004688bdb4f672baea785b
infrastructure,1,9bdadab892ae42c38b714447a8bba4ad
infrastructure,1,9c01426075d747abaeae31e89e8511d1
infrastructure,1,9c6822771b06477dbfbe34a9f62d892c
infrastructure,1,9ca667e6f6ab44e2a69528d6eea3306a
infrastructure,1,9cc26adc42e544cbb63adb5d6d67f11f
infrastructure,1,9cc3a7d72dce4b9b9ddb3e6c2433b1ed
infrastructure,1,9ce84afcee4f488597a565b63c19a3b9
infrastructure,1,9cf591c448fd4f2e882fbfd14f9f7e33
infrastructure,1,9d7bf871a3854be9b6497eee48ea9e4a
infrastructure,1,9db691e3724e41b88522886ce2fb3e24
infrastructure,1,9dd4671a828c40e28978627b978ce10c
infrastructure,1,9e30b70c56334877bcc9ca4f731ad93e
infrastructure,1,9e768080465444f6914e3517074784db
infrastructure,1,9ed7ed73b8334135a8352f1847790f2c
infrastructure,1,9f904a9661d3462bbb9cb4ba12a41637
infrastructure,1,9f9e6921edd8415aaa4bf960020a39d3
infrastructure,1,9fabf56ee8d94024aa5c41ec47829ced
infrastructure,1,9fdf6f7c5ea14caf861d12bb0479bab9
infrastructure,1,9ff74238a9eb4a8a9d4d3cdd65292d0f
infrastructure,1,a0414774a41c4826af35b35a3aecad00
infrastructure,1,a0a4e90c22c34a6294774fda54af6046
infrastructure,1,a0a54314201a4a1e84df82131c67ed71
infrastructure,1,a1242fbb5ed445b08f56828f2e62cb54
infrastructure,1,a13ff35083794795a3401051d40fd5ca
infrastructure,1,a14d9c2f70cb46798da7e5065d590273
infrastructure,1,a1980976c9b84c33ade25ddcfd5433d0
infrastructure,1,a1b359dad0c146bdbdd2deaa796526ce
infrastructure,1,a1b89b5638204b37afd68ed35986a5c9
infrastructure,1,a1bf98f08e244d6981be0f7f92bd3748
infrastructure,1,a1d481dd69a2418da3a3c96c4b09ecef
infrastructure,1,a1ebf8dec124487aace4904b9b911057
infrastructure,1,a1f9d58f6c4e4385a795071bf80e7902
infrastructure,1,a2558a72e51741f3a33441122fa6e5fe
infrastructure,1,a2780574f79949988819ea760b2f0b5e
infrastructure,1,a28288b43ab446d09464e77f6b307b5a
infrastructure,1,a28e608125594f1bb63f29cbac6c3067
infrastructure,1,a2baa123f36148068287d44f359eab9a
infrastructure,1,a394e1a9afae4ba3ba19ac43bbb3d5dc
infrastructure,1,a45583b026444458930020c92ee63186
infrastructure,1,a45c1226f7e642ae963914b2eaa4b007
infrastructure,1,a4689934e32d43508e1b9cad941487ee
infrastructure,1,a4f1a404c7634775b5f7dbc3d529f829
infrastructure,1,a5a435c852fb466e8516e371e6602d0f
infrastructure,1,a5d169eeb82542d7a7c79547817c5328
infrastructure,1,a5e45dbe1d224aa1a35125e80d7fcf7b
infrastructure,1,a615fd901dba4fc68cc5d92bce039627
infrastructure,1,a68943741cfc4676824d29ac35112703
infrastructure,1,a724bcb4e4b847eb9e8a7e0c970e7e5c
infrastructure,1,a72dd1ec35aa4fa9abb650d36062207b
infrastructure,1,a7892b03e50f4171bd821b0e062692f3
infrastructure,1,a7e9aa9881ce4eb3a2f59ac132896063
infrastructure,1,a7ecf3f3aae4449d863eddcc35177f5a
infrastructure,1,a8186a4f5e58406d8027d07ded149d19
infrastructure,1,a8577fe372174326a7b85a397aaa480b
infrastructure,1,a8d460834fed4867940d264ba763c7d9
infrastructure,1,a990eeebedfa413f93bf430dad70747e
infrastructure,1,a993fd848b3e425bae7d2ee893660b3b
infrastructure,1,aa67b6f75de045a8a96d3135567512db
infrastructure,1,abd98e45303e4c53a4356306a3273018
infrastructure,1,ac27fbd2817a490a9430d3968596ec8f
infrastructure,1,ac42192110e640f4b277f74db4706b0d
infrastructure,1,acc0cf0f49a948748f368e3092137c0a
infrastructure,1,ad0b1b98100c464688ccc55b8983c2fc
infrastructure,1,adedfb7c9f114ccd83daa81cb3a836b4
infrastructure,1,adf4eaadde5c4437a5f344bddf8e84eb
infrastructure,1,ae5885b7551847969e8673df9485fcd5
infrastructure,1,ae84a6912cef4c2c995e74572671a5a0
infrastructure,1,aea0c8c2346141eb89e01aad40a09fc6
infrastructure,1,aed857623022403f830b5b5a33d939fd
infrastructure,1,aefb238e38c649a6a5e075bdbc0276f2
infrastructure,1,af22c63c54354baa80a3dd8ec7783ecb
infrastructure,1,afbfafe86f574ecaae0e15968e059949
infrastructure,1,b02c511cdd124e83859ad1d046b828a1
infrastructure,1,b07a7433f16a4e7cae934b6b3b2be1bf
infrastructure,1,b09d46a00d7146b99a81d2afd5335c98
infrastructure,1,b0cc143121e84456bba29dfe77977ae1
infrastructure,1,b0d02e3d7cdf4b4ea7c532ce73d370ee
infrastructure,1,b0fb30acf72242bc9ef2b0bda97e4d9c
infrastructure,1,b162506c62b64cf597ac8c4884c075c2
infrastructure,1,b1a18fb6125747b4ba0fe85e869c9def
infrastructure,1,b23e8c8a57ec4abe95834cf9e84cd4ab
infrastructure,1,b31f9dc3d5fd4d3fa761cbbc025c6fb6
infrastructure,1,b3e8a930072741279a320d12e8d4618d
infrastructure,1,b3f3d3c5fe184a41b2fadf249b1609ff
infrastructure,1,b410bbe3d4174143810eea696031ad52
infrastructure,1,b43ad19384914fd9952403372e297e99
infrastructure,1,b494e8f3f14f4b7e87cb28d95681bdd5
infrastructure,1,b4fe84af041e4f2697719579a834c54f
infrastructure,1,b571d044750e4c9b96520a7e28600db2
infrastructure,1,b5c832b4b9cf4c9595745e82255b9433
infrastructure,1,b61f249447fc40e39c057d30e7cc3eb7
infrastructure,1,b6247e9a625e47a2819cdff6b5d90175
infrastructure,1,b62f40be5646422f873d16be318c427f
infrastructure,1,b67fa2a618904a898ed3cf665586247e
infrastructure,1,b68bba37b07345008a682136df0a1277
infrastructure,1,b72e428791b2414b9d46bf631b210e62
infrastructure,1,b75762c141844aedbe4ff5dd7d96c270
infrastructure,1,b7b8b74cbcd54fbab37c70e8abef5511
infrastructure,1,b7b9915567ee43d7b3464653e303c9ed
infrastructure,1,b7db4c04043c4c8d8730020077e99b23
infrastructure,1,b80287d41a4044e299ffeaf6afc6f81f
infrastructure,1,b803d402b1a44dbc9dcc303c89773125
infrastructure,1,b879a0b70c5448f6941083768ea5bbd9
infrastructure,1,b9a8ea5b20bd4e1fb37839da409ca4e2
infrastructure,1,b9ca17a9d31c4a02a71e8229efcd499b
infrastructure,1,b9ca9e2414cc45aca479221a78e393dd
infrastructure,1,ba368214886c4089a4d75fd92283b114
infrastructure,1,ba4e131ef6ff40699850187e3d2f120c
infrastructure,1,ba7031daddd9401fa5373e0662f65ab0
infrastructure,1,ba952528cd4e4778a02e5f0b74b979b7
infrastructure,1,bac06ad4bbbd4de4b275a1197eb72e1d
infrastructure,1,bad4413d0e4f4b01902d24e0897954ef
infrastructure,1,baec9f96abb441d4b45d0eb79abfe86b
infrastructure,1,bb0da56178844373b74f2b302adc6773
infrastructure,1,bbceb394cb9c4bd28988cd3d39f1e395
infrastructure,1,bc0d8c15dcfb436fa62f0d065a76a00d
infrastructure,1,bcbfb5601fa34312b85eaaf5e26857bb
infrastructure,1,bcc4a9c6ea844b5a89cb176ffba17654
infrastructure,1,bce29c8991f34ab8a5d25f1e2c4ad94d
infrastructure,1,bd660c0bd7504baf8c1688450eec6e66
infrastructure,1,bd76034941c448418eef84630baf4e0f
infrastructure,1,bd9f40ff13bb4bdfbf9794d18da76853
infrastructure,1,be15aa11587d4fbeba3a5bd631088472
infrastructure,1,beecb840fd03424280c9e523f710855a
infrastructure,1,bf5b990606454afd9aafc5f0ca1260d0
infrastructure,1,bf7bc505703d424ca0ae6b629ea69ca5
infrastructure,1,bfa2a298c67245b08bdbebe367d1001a
infrastructure,1,bfb235a38aba4a478068a9da0db0b91a
infrastructure,1,c08a61c43211466cbb27d5072f62f174
infrastructure,1,c108201049f84b87aa8cb5820210ba29
infrastructure,1,c10d2d4ad0c24985998dbb4ebb7f9964
infrastructure,1,c207e1198c3d48568e9cff20678d7f96
infrastructure,1,c20825b988cf4c5eb7201c483bebbe64
infrastructure,1,c21a93e6f8414938bd9c35d3415439ba
infrastructure,1,c25532e617a4403d931130474f98a23d
infrastructure,1,c2aaeb354dc34c699acf260108c97e70
infrastructure,1,c2d1f8cf822a4585ad373e6b6b412010
infrastructure,1,c37e420eb19549d0bb805d2414beba90
infrastructure,1,c3c352c9c01049f594c542ad952918b5
infrastructure,1,c3c554872ebd4f0780285561f2ff92dd
infrastructure,1,c3d25df60ee54ee6b1684efe537ec020
infrastructure,1,c4bafb19dd6d44158d292e77b9c992f7
infrastructure,1,c4ee7d6a5e63490093ecc4eb817a7ced
infrastructure,1,c4f3e140f04c4793bf56c0e03351a71f
infrastructure,1,c5e34145ab10443f80cccdcb1a1d669f
infrastructure,1,c619c77077fe4565845017d65abc3629
infrastructure,1,c66f72c6a0c54b3580da96337a182e16
infrastructure,1,c6c58c13419d4f2ba4c6325fa7305488
infrastructure,1,c6e66168293f42ce9c9252d57acdbd24
infrastructure,1,c708cc146e55453fb9a02929f647b2a7
infrastructure,1,c76d7cf968af4314a9ec80e43f0d6737
infrastructure,1,c8c6d59b842345c1a801a83fb1498d03
infrastructure,1,ca0b4df8959f45eabbe6dc3075c22a95
infrastructure,1,ca60d8a5622a4dc492684129fc330db6
infrastructure,1,cab625fbebde4bcdb190746a08aafe71
infrastructure,1,cba8c5e1715c4622a523755a247d5578
infrastructure,1,cbb6af20a0454ed3bde5fa826479c689
infrastructure,1,cbdc87a1068b4918962bfed6eefe1931
infrastructure,1,cc17f1b1da6642bb8a47150e5534075e
infrastructure,1,cc47de280b774787988833db33cf57a0
infrastructure,1,ccf43477bb8f43cfa6457d2b66ceb048
infrastructure,1,cd4326c8a1bf454c8d4b21a8b7c40ca4
infrastructure,1,cd5c7df8e194433db8da477fd97e27e1
infrastructure,1,cf29e5a32fcf45edb07d4224bf59ae10
infrastructure,1,cf733380eea5449382a3fd9419ff2b1c
infrastructure,1,cf78bbd2136d4a40855849b7982c5468
infrastructure,1,cf86d49d6eeb40af9e3678ab7cda511a
infrastructure,1,cff9df284c2d4c288a2844d2377fb98a
infrastructure,1,d02783caba194341b52bcaea09d8f481
infrastructure,1,d05c7c8f02074b1ea34e9a845f529fc1
infrastructure,1,d0a0cb25edb24065ac347005c06b0314
infrastructure,1,d0beebd078da44c7908c9485d093647b
infrastructure,1,d13fa25442c04260a273e370389e2c5c
infrastructure,1,d15814be05e14a54b9ddb198415379cd
infrastructure,1,d26e78de826246ea8b78c2bc16a59239
infrastructure,1,d27c81d81ba147e8b35df08f0cff141e
infrastructure,1,d2d39509f41f40a2a817d73421334463
infrastructure,1,d30f4386ae80473eaba96f836c381994
infrastructure,1,d315bbebf9e746648b1adc22c8390024
infrastructure,1,d35520ac85a446589435b91072eaf41d
infrastructure,1,d3d34981814245b7acd61c7765fe0298
infrastructure,1,d4119005141c4a89bbb26bddc490587e
infrastructure,1,d424e664904c4c49a86100beda979b20
infrastructure,1,d43c60f51e8a47b1bb53d6c054e66798
infrastructure,1,d44edba5bd14438384c6b5c96225bdf2
infrastructure,1,d45abcb4715f4949a943f3e4d46551a7
infrastructure,1,d48833d12e7e42bdb399e278d7ae3385
infrastructure,1,d4af40ff5a574c1dbec0feeb0ed481fd
infrastructure,1,d4f12478511c499fa72d5e3d8aa31422
infrastructure,1,d501b96f660c4f8395e7a7202a556218
infrastructure,1,d552957adb224cf6ab7d67ac110d70eb
infrastructure,1,d5a46fcb221b4663ab98a806089119d8
infrastructure,1,d5b869e645974cef90c2b07749d1a33b
infrastructure,1,d5f4432aa7b1469e9340e4e19bae9e54
infrastructure,1,d62409fa79384c9b8902fa320ad5a2af
infrastructure,1,d66fe01ca1c34f39a41d4927080e7679
infrastructure,1,d7428f37637f4f1eae671b9350dd3b22
infrastructure,1,d7b0e3b425264f899bb6e6818bd51adf
infrastructure,1,d7ca1b821de54b88b5b5228f8c7089fc
infrastructure,1,d83a6e9605104a2e93a0d29ecb3d457a
infrastructure,1,d888281a9fae42e2b6b874cfe0b58c39
infrastructure,1,d8b7a1f39bde4acb9e60a76eb239e850
infrastructure,1,d8d8f51fb1fc4974881ce41c5d9ca46a
infrastructure,1,d929c024335c46c8a045f98836cc13e5
infrastructure,1,d9705a9f2e8b47f59c3e2c6865fd7fef
infrastructure,1,d97fbeee60424c88ae04ed9f87ed6edb
infrastructure,1,da148a046e7e4f12b573d7a6e12cdd58
infrastructure,1,da53659f3ca74e19af9e7f30cdc0b86d
infrastructure,1,da862b1f480049c7934a5ceb16b30aeb
infrastructure,1,dadcc8bfd45b4e5291802741436a2198
infrastructure,1,dade570fb17d4403b6f8e51add05b864
infrastructure,1,db1732766bfe436d8fc04adba0c49afb
infrastructure,1,db50e765d2744bd58436bed01a232204
infrastructure,1,dc8c9ebb90bd4b4aa616d6750a41d2b5
infrastructure,1,dd9b7caadb3648efa31a7446547b5599
infrastructure,1,dd9d712888e14201b7897828eb843ec3
infrastructure,1,ddb3529eb29545bcac9902ac84d5fcca
infrastructure,1,ddd352a895524a99a97eb6b947da138c
infrastructure,1,de39f6a5a5b6439d8a9869119e7d9e9f
infrastructure,1,de3b5c8291bb4eebaf1374eff8a644c8
infrastructure,1,deb78047200a4aa8919e1b86a9bbc7a9
infrastructure,1,dec62b817e914ba2a085c8af7836415f
infrastructure,1,df1ef5301c8f450183b84669dd855dec
infrastructure,1,dfa2698ea8204afb96ea0dec73423c16
infrastructure,1,e01a7d456cd04bb290ffd769957a2482
infrastructure,1,e07ac921cd82443288b844d79a8fbaa3
infrastructure,1,e08622822b8849cabe38c33e36cd4e52
infrastructure,1,e088d0dbdf3e400f8c0c62bbd82b1f43
infrastructure,1,e1ae37db386742f3ad1fac0f6170567a
infrastructure,1,e1ca20c793164f849258f729e489f0da
infrastructure,1,e262a038b0e84acdaa330ad0047d2547
infrastructure,1,e291b56dc6de4408b7282940a727c1eb
infrastructure,1,e2c49516c36d40fb81515960901c36ca
infrastructure,1,e35101d8cf954a288f9d96362a77e807
infrastructure,1,e388e7d444c94c59a905aad487338810
infrastructure,1,e412ba32b4af42d2873ed0b0b5454058
infrastructure,1,e541c80e1ed94fa394ece95ac2aa052b
infrastructure,1,e542a245f3614c958b8147fe0ef6df2c
infrastructure,1,e54ad8b0a48e460fb8a5b09f1ac5daa6
infrastructure,1,e69e31a19bea4850be1b76e80b09f9a2
infrastructure,1,e6aa55dc49ab4c109f8c938b03cc5446
infrastructure,1,e7505b1e064940f380525ab616a662f1
infrastructure,1,e768752f64cf48df8657b155e4f3cb21
infrastructure,1,e7a025e1492e41429910abe80b4f3b06
infrastructure,1,e80c20c8dea84d529ea73149a3236b6a
infrastructure,1,e86307811473484a877a3d91db43665a
infrastructure,1,e870ff1f96304744afc0927b8bc19b81
infrastructure,1,e8a39fc9ad004a6fbce7fd463be0dd29
infrastructure,1,e8af45a1b4ed4f7e9dd70b67afda1314
infrastructure,1,e8d84407bab94ee994435db737057cf2
infrastructure,1,e8ebdfc435bc4702a8eeb3dfbf45f5c8
infrastructure,1,e9108344b07e434eac3d655ff883116a
infrastructure,1,e92d4dcbab6a43a1b9ef7a9665f1f986
infrastructure,1,e98b928b8d784f39be610fbac937fb25
infrastructure,1,e9a05f5f12bb43a1bf957170c8dbe2ae
infrastructure,1,e9adb0c7a91445b08814aaa0ab33aa2e
infrastructure,1,e9b5ed6100b245b4a29ee5a01f4993fd
infrastructure,1,ea0e2f7a30bb415294b345cf7cc81767
infrastructure,1,eac456afb06248809ed73fae8acb2363
infrastructure,1,eb927e50c9e44409871a794fb063067a
infrastructure,1,ec508104194140d48607e01b7ccf714d
infrastructure,1,ec958a14c69d4c27b4524c2e02fb7c74
infrastructure,1,ecd1c9da18134364a91081dd0b8908b0
infrastructure,1,eceb6706bb1746b08fe9a50c77ed0fa6
infrastructure,1,ed75c1a98c8a4643aa9a525e73ba45c9
infrastructure,1,ee10dc05ee4441cb89fc6963e36990dd
infrastructure,1,ee674e29cb584dc783cdcfb0458ad602
infrastructure,1,ee8576e25e6946b697fdc507b4231930
infrastructure,1,ee876060acff484fb7bd6ac148423a4e
infrastructure,1,eec05e5497bf43a99d2275956faec07a
infrastructure,1,ef05f82b5cd0485f91ac61538f897d83
infrastructure,1,ef435f383cc54b42a880e5391507e8ce
infrastructure,1,ef48a5d5ba56418b82ffbaae7354c47e
infrastructure,1,efdf33d5607a4997bd6770f2c547b0a1
infrastructure,1,eff342ca81874e729be03f9ad3278b71
infrastructure,1,eff4c440dcb84a6f9800b17e70e74825
infrastructure,1,f00a7ee3ef0844ddb5146f9ec86cebfc
infrastructure,1,f012416fddc34c95a1d998b445281347
infrastructure,1,f0985651d5894167a36afca070156ab0
infrastructure,1,f0cad559962b4aa285ff4eceb956507d
infrastructure,1,f0e0747e68ab40b49a4d5d05e331b169
infrastructure,1,f14306c4195a4d26a4391d2d094d22e3
infrastructure,1,f169eeb74d2347a39d4ebcf9b58c75b3
infrastructure,1,f193fb246219417db51b9f825c4d9621
infrastructure,1,f1b0cec296324a2fac3e7aa077e26d28
infrastructure,1,f2e2561bfcc14f9d831765e107a6e7fd
infrastructure,1,f34dce8665474f4c82f9d15cbc67817b
infrastructure,1,f452b67d058a4f43b54d98cc021116f4
infrastructure,1,f457b4ce9d9e47fc90567e863aaf2eaf
infrastructure,1,f4942f18c3984fe68c00d9c49f3f164a
infrastructure,1,f4ab155147b8455394544d7768db3805
infrastructure,1,f4bd92b3b21f46d3a3b5869f73f83d12
infrastructure,1,f4d7dba96a6d42899e37d82c4c078b51
infrastructure,1,f558dcef01984c79b8bf41daa58df2dd
infrastructure,1,f5962fb8248f4bd9a6bce5899c477d22
infrastructure,1,f5bf76000a794535b95aec35dd106f33
infrastructure,1,f5ddbe2746e14ac7900ef77c8e921507
infrastructure,1,f64a3ee2c1284be782679e3bb3289900
infrastructure,1,f66404461bac43ffb37465c824147bee
infrastructure,1,f7ad39b8054c4bc98c149a4ff9abf84a
infrastructure,1,f7ba4b47f7864624ac2bc8d6f2a00280
infrastructure,1,f827908770164fdcb2d3c7894de10888
infrastructure,1,f82ddfe9034645539e905909bb9462ac
infrastructure,1,f8d6e879dd724ebaa78ae261fe99e655
infrastructure,1,f8ec0c6587cc4b588fc28fbd6756d2be
infrastructure,1,f92b8e411e2b4ee4b9c6b2619d75fae5
infrastructure,1,f9580da18c19402a82d9d0bdc60c2f4b
infrastructure,1,f96b170e327f4061a91820b232bc1cf6
infrastructure,1,f98369303cb84d85bb574cc66490b36a
infrastructure,1,f9c0bcbd33724e2dbaf583d2c6baba6f
infrastructure,1,fa6e0fb0c65f45529abf58d8bbd7d677
infrastructure,1,faa64a22be9e48f48675a58aaf012023
infrastructure,1,fb2590981da44d80ace806696d3fa5b9
infrastructure,1,fb6becd60cf842a0b6aacf9a5940d3da
infrastructure,1,fb8e0005f78a456a900c2f14c0e56b0c
infrastructure,1,fc4722d95194494893988c5e0da1d95a
infrastructure,1,fc759aa673b54ba995cf9782f060ee45
infrastructure,1,fcb7979bdd0b47faae7cb74544375c24
infrastructure,1,fd0b0864677d42d5bc3a7fdc500862e0
infrastructure,1,fd4db8211db14b9bba6d570b94b9ce39
infrastructure,1,fd5a563ea7f54163997266ec3f54e056
infrastructure,1,fd617bb452c9435894e9f748b2495e35
infrastructure,1,fd6cf9efa11544028ed1407de5319b98
infrastructure,1,fd7eb1a213264756a1c615ebf8806bfb
infrastructure,1,fda36161f3b145a2960c241df7eeb65c
infrastructure,1,fdb05bd240cf4d0896204aa0d0a28edd
infrastructure,1,fdc2eed337194a1fabd3e7478621aa02
infrastructure,1,fddc4798d7ba49419e3ca03e5fae825c
infrastructure,1,fec713718fc04c84b14ec5bc2e17722c
infrastructure,1,ff13f0666a9a4794b05847b3d01aa1db
infrastructure,1,ff4ab0aa240f466fbf272fe3d2db03b5
economic_or_replay,16,1da024481b7bf08570081b1a4c3ce2ce
economic_or_replay,15,1f8505d4254d1cdc5bd0b53416eb6b54
economic_or_replay,15,6cd2ec28195e6eb6140ed2f2640eb1c2
economic_or_replay,76,70bf08c03f7d8e51cf06690a14175fea
economic_or_replay,15,795fdadddff035e1369f5bcb901896cc
economic_or_replay,38,89457fa3a87ec777f61927d07717179e
economic_or_replay,75,8b3a4e3056a18f0839340670a6910cbc
economic_or_replay,27,a8492ca9ed1f953a40a72715c44b57da
economic_or_replay,27,b63564c4676697cd8b4529bfb38adaf5
economic_or_replay,28,b7ae8c187818a9adc502bec58d5cd39a
economic_or_replay,45,sports_championship_conference_progression
economic_or_replay,1637,59ee0871ba2cbc59237b9ef1654b92a2
economic_or_replay,6722,4aa9b9577769abc6b2617e899bc95949
economic_or_replay,2165,13129551f78a304d4f7815a9f0b6b9a7
economic_or_replay,1106,f6fe1d2f110b43d7b1f12bf926a6ed4c
economic_or_replay,5774,3496b04d1407bfa617b8d7e95b3dfc9a
economic_or_replay,4069,32fca2d972de651ddcf98b020db4d8f2
