market_id,token_id,question,coverage_score,price_points,trade_points,recommended,largest_gap_ms,first_price_ts,last_price_ts,has_semantics,has_score,has_implications
540817,0x1fad72fae204143ff1c3035e99e7c0f65ea8d5cd9bd1070987bd1a3316f772be,New Rihanna Album before GTA VI?,0.8714,1405,0,True,475235000,2025-05-03T00:00:06Z,2026-05-11T16:16:08Z,True,True,True
540844,0xbb57ccf5853a85487bc3d83d04d669310d28c6c810758953b9d9b91d1aee89d2,Will bitcoin hit $1m before GTA VI?,0.85,1386,0,True,734370000,2025-05-03T00:00:06Z,2026-05-11T16:16:08Z,True,True,True
540819,0x32b09f6390252b37d674501527e709016d55581b2c1e544bd4b8167f5f732f4c,Will Jesus Christ return before GTA VI?,0.85,1415,0,True,777595000,2025-05-03T00:00:06Z,2026-05-11T16:16:08Z,True,True,True
540843,0x7b49b9bacb5f435bc10f3b100ff59e2fdd346f7f92a9001881bc9825a0af0f11,Will China invades Taiwan before GTA VI?,0.85,1423,0,True,691200000,2025-05-03T00:00:06Z,2026-05-11T16:16:08Z,True,True,True
561973,0x895e01dbf3e6a33cd9a44ca0f8cdb5df1bd2b0b6ebed5300d28f8da7145145e4,Will Donald Trump win the 2028 Republican presidential nomination?,0.8423,1172,0,True,46442000,2025-07-19T00:00:09Z,2026-05-11T16:16:08Z,True,False,True
562003,0x414378275cb214b747245942be889ee1e077c56d1c00eb4d726629c95f22b5a5,Will Kim Kardashian win the 2028 Republican presidential nomination?,0.8423,839,0,True,46439000,2025-10-02T00:00:03Z,2026-05-11T12:00:10Z,True,False,True
559688,0x450810ae738a0ff820d3248f2b24937f63fb8c8cf422ed2a915125adb4d9d3c8,Will Andrew Yang win the 2028 Democratic presidential nomination?,0.8422,1119,0,True,47332000,2025-07-26T00:00:09Z,2026-05-11T16:16:08Z,True,False,True
559678,0x46dbd48d6bde5b81edb480e0f676a2cdda6c6b592c4d86a9367c7ad5a9870195,Will Liz Cheney win the 2028 Democratic presidential nomination?,0.8357,1132,0,True,86402000,2025-07-19T00:00:09Z,2026-05-11T16:16:07Z,True,False,True
559670,0xcb239105ed21a2420ba4d85090b9bc32755c56601ffdc528afd17fd6282fe930,Will Gina Raimondo win the 2028 Democratic presidential nomination?,0.8357,1147,0,True,86401000,2025-07-19T00:00:09Z,2026-05-11T16:16:07Z,True,False,True
561983,0x214093035e429b91df322bd20c55d9f611f741f67472a63f7623a9afc0cffa57,Will Greg Abbott win the 2028 Republican presidential nomination?,0.8357,1123,0,True,86403000,2025-07-19T00:00:09Z,2026-05-11T16:16:08Z,True,False,True
559672,0x939eeb2dea216749bd409bedde483c3f2bfb0e24d4f2d34461c0b21c6e91f010,Will Roy Cooper win the 2028 Democratic presidential nomination?,0.8357,1120,0,True,86403000,2025-07-19T00:00:09Z,2026-05-11T16:16:07Z,True,False,True
562006,0xca68152902c3581ab42feb04921b8b1cd3c4e80d06f255ae077259fca0bba15c,Will Eric Trump win the 2028 Republican presidential nomination?,0.8357,278,0,True,86405000,2026-02-20T00:00:25Z,2026-05-11T16:16:07Z,True,False,True
561231,0xf232b565995e4b3a3e7fa6cef775eeff1cecd20ad7c013cb9fc8dadabfe279a9,Will Alexandria Ocasio-Cortez win the 2028 US Presidential Election?,0.8357,1141,0,True,86403000,2025-07-19T00:00:09Z,2026-05-11T16:16:08Z,True,False,True
561250,0x68e3c4e0dd8f82d010060032006fd157401b0bd8e04bd2953ae293e31eb99bf6,Will Elon Musk win the 2028 US Presidential Election?,0.8357,1117,0,True,86401000,2025-07-20T00:00:08Z,2026-05-11T12:00:13Z,True,False,True
559666,0x3265b10daeb30dbcc3214bd02e488551d0a5d3028392f4152e4750b943fbfc91,Will Tim Walz win the 2028 Democratic presidential nomination?,0.8357,1151,0,True,86403000,2025-07-19T00:00:09Z,2026-05-11T12:00:12Z,True,False,True
561236,0xfd6176f8c9a59105f80e060a77c4099881c5f2d9e0ceab88e55cf978462fab7f,Will Gretchen Whitmer win the 2028 US Presidential Election?,0.8357,1176,0,True,86331000,2025-07-19T00:00:09Z,2026-05-11T16:16:08Z,True,False,True
559681,0x8b203037c7c0e21b500314f8398d2a8ea294b7ce1f4f9185f426425a3505bc45,Will LeBron James win the 2028 Democratic presidential nomination?,0.8357,1166,0,True,86401000,2025-07-19T00:00:09Z,2026-05-11T16:16:07Z,True,False,True
561255,0xc586d15be76278848a26c761c2fcf70f8cebca71815cfab83e656ff5c6ec13a9,Will Ivanka Trump win the 2028 US Presidential Election?,0.8357,776,0,True,86402000,2025-10-13T12:00:03Z,2026-05-11T12:00:13Z,True,False,True
561988,0x4d4bceee5f59f75230c6438f69fc913a6da7afa4098ce0734655045c02a730fc,Will Josh Hawley win the 2028 Republican presidential nomination?,0.8357,1137,0,True,86403000,2025-07-19T00:00:09Z,2026-05-11T16:16:08Z,True,False,True
562000,0xd10bc768ede58b53ed400594240b0a0603134a32dab89ec823a18759cbc180ca,Will Rand Paul win the 2028 Republican presidential nomination?,0.8357,1122,0,True,86403000,2025-07-26T00:00:09Z,2026-05-11T16:16:08Z,True,False,True
561975,0x21ad31a46bfaa51650766eff6dc69c866959e32d965ffb116020e37694b6317d,Will Marco Rubio win the 2028 Republican presidential nomination?,0.8357,1137,0,True,86403000,2025-07-19T00:00:09Z,2026-05-11T12:00:12Z,True,False,True
561233,0x5969cbb46aca5319b19e19a3c6f63de098950b675bf268f30f4d035508da1957,Will Josh Shapiro win the 2028 US Presidential Election?,0.8357,1133,0,True,86406000,2025-07-19T00:00:09Z,2026-05-11T16:16:07Z,True,False,True
559676,0x88d67705780a3d922317ecb0c78a947a306174d0510df2ae89394d5abfb28206,Will Barack Obama win the 2028 Democratic presidential nomination?,0.8357,1119,0,True,86409000,2025-07-19T00:00:09Z,2026-05-11T12:00:11Z,True,False,True
559692,0x3cd6e52603d80ddbbdac9b1a4d43f9b7faa6aae4fae4d0fdfad3bd58454da7d3,Will Jasmine Crockett win the 2028 Democratic presidential nomination?,0.8357,561,0,True,86403000,2025-12-10T00:00:11Z,2026-05-11T16:15:23Z,True,False,True
561229,0x7ad403c3508f8e3912940fd1a913f227591145ca0614074208e0b962d5fcc422,Will JD Vance win the 2028 US Presidential Election?,0.8357,1166,0,True,86403000,2025-07-19T00:00:09Z,2026-05-11T16:16:07Z,True,False,True
559683,0x822e61527476cabf98927e3aad385c5ecdae7086f945535f2c1fd9ae8dbfa46e,Will George Clooney win the 2028 Democratic presidential nomination?,0.8357,1136,0,True,86398000,2025-07-24T00:00:09Z,2026-05-11T16:16:07Z,True,False,True
559682,0x1945a8b23e313ed7423b6b6fd556f9ab5578900376b565a61dc480a5f4f35d21,Will Hunter Biden win the 2028 Democratic presidential nomination?,0.8286,1114,0,True,129589000,2025-07-22T00:00:09Z,2026-05-11T16:16:07Z,True,False,True
561244,0x23481b811978194fa175143ed7cd8d0000878ca59c408fd552e33535f7aa771e,Will Donald Trump Jr. win the 2028 US Presidential Election?,0.8286,1131,0,True,129598000,2025-07-19T00:00:09Z,2026-05-11T12:00:11Z,True,False,True
561235,0xe29b33ef5bf351c8a22bfd79f8b58e62649d54ceee6f9735387cef79f52fecae,Will Wes Moore win the 2028 US Presidential Election?,0.8286,1155,0,True,129595000,2025-07-19T00:00:09Z,2026-05-11T12:00:11Z,True,False,True
561976,0x9cd77217b2ab264fe4f6d302f662c0a91f349fe5798f1f98d70bb2311712791b,Will Tulsi Gabbard win the 2028 Republican presidential nomination?,0.8286,1132,0,True,129594000,2025-07-19T00:00:09Z,2026-05-11T16:16:07Z,True,False,True
561243,0xce9a5fa30fe74e323b4a8f15afbb0b7a41a537aa880779ddf7dee22223b2f34a,Will Donald Trump win the 2028 US Presidential Election?,0.8214,1105,0,True,172800000,2025-07-19T00:00:09Z,2026-05-11T16:16:07Z,True,False,True
559659,0xe39adea057926dc197fe30a441f57a340b2a232d5a687010f78bba9b6e02620f,Will Gretchen Whitmer win the 2028 Democratic presidential nomination?,0.8214,1082,0,True,172800000,2025-07-19T00:00:09Z,2026-05-11T16:16:07Z,True,False,True
559671,0x3535fb2f4aef6619dde8b367cb5e5d209526bb496d5d9778428c58a0252435e3,Will Zohran Mamdani win the 2028 Democratic presidential nomination?,0.8214,1126,0,True,172802000,2025-07-19T00:00:09Z,2026-05-11T16:16:07Z,True,False,True
559657,0xc8f1cf5d4f26e0fd9c8fe89f2a7b3263b902cf14fde7bfccef525753bb492e47,Will Stephen A. Smith win the 2028 Democratic presidential nomination?,0.8143,1135,0,True,215995000,2025-07-19T00:00:09Z,2026-05-11T12:00:06Z,True,False,True
561247,0xae70ab9bf1c3726fe430a2ba8b517697ae24e0f0ab554b876a5b521153068882,Will Tim Walz win the 2028 US Presidential Election?,0.8143,1114,0,True,215999000,2025-07-19T00:00:09Z,2026-05-11T16:15:23Z,True,False,True
561257,0xbbbece074c2d4010e39e39c85ed67b1131180fcea616073c893fb6beaf51d783,Will Michelle Obama win the 2028 US Presidential Election?,0.8143,686,0,True,215999000,2025-11-05T00:00:19Z,2026-05-11T12:00:06Z,True,False,True
561261,0x61600d487069f99e775307a0655c1a79f26e4fc6d8d1ba66790c64d78d0beba2,Will Jon Ossoff win the 2028 US Presidential Election?,0.8143,292,0,True,216002000,2026-02-12T00:00:32Z,2026-05-11T16:15:23Z,True,False,True
559668,0x36db77c539bcc8c7bf0686c1b99f30c5a5eed1f53d3b3a27a071550c81f83701,Will Mark Kelly win the 2028 Democratic presidential nomination?,0.8143,1131,0,True,216000000,2025-07-19T00:00:09Z,2026-05-11T12:00:11Z,True,False,True
559684,0xf2e51acfbb6d0414dc2ace81b7dc2af7c165e443dcb91f6caa7aab6d6ab4f06d,Will Chelsea Clinton win the 2028 Democratic presidential nomination?,0.8143,1099,0,True,216012000,2025-07-24T00:00:09Z,2026-05-11T16:16:08Z,True,False,True
561256,0xf05b4b55336a4c1c7b44c726911d2b559732cff7bad339084de86ae364dc85f6,Will Zohran Mamdani win the 2028 US Presidential Election?,0.8143,687,0,True,215999000,2025-11-05T00:00:09Z,2026-05-11T16:16:08Z,True,False,True
561974,0x18b1c135d0a40c5894da9412e77311827d9caf16cf4cd6591b247a34730af919,Will J.D. Vance win the 2028 Republican presidential nomination?,0.8143,1085,0,True,215999000,2025-07-19T00:00:09Z,2026-05-11T16:16:08Z,True,False,True
559654,0x4c325469d9b516ef4e6b8f73a81a12607dec075e3c2fd454f91765aaeafc4760,Will Pete Buttigieg win the 2028 Democratic presidential nomination?,0.8143,1128,0,True,216015000,2025-07-19T00:00:09Z,2026-05-11T16:16:08Z,True,False,True
561232,0x2c03c41e5032364cb7166e842bdd22913f28aa2c837d8432704aa89c338875c8,Will Pete Buttigieg win the 2028 US Presidential Election?,0.8143,1132,0,True,215999000,2025-07-19T00:00:09Z,2026-05-11T16:16:08Z,True,False,True
561981,0xd997dc2a212a7d6673375a3b016db1fb214247142f8cde0cbf07f8e6d789877c,Will Vivek Ramaswamy win the 2028 Republican presidential nomination?,0.7929,1109,0,True,345609000,2025-07-19T00:00:09Z,2026-05-11T16:16:08Z,True,False,True
559686,0x8dbf6b51f302fd401065706245c144e93fe209abce183199433d4484b3ed8aff,Will Dwayne 'The Rock' Johnson win the 2028 Democratic presidential nomination?,0.7929,1077,0,True,345596000,2025-07-24T00:00:09Z,2026-05-11T16:16:08Z,True,False,True
559663,0xe883f2fda25a605a184bb5fe583afce6cc21ea0b348b6a3728ec3067553c548d,Will J.B. Pritzker win the 2028 Democratic presidential nomination?,0.7929,1088,0,True,345594000,2025-07-19T00:00:09Z,2026-05-11T16:16:08Z,True,False,True
559660,0x1d519b87999e3d4e90e1e8f57b5eee73a0ba488ff3fdb70867f294733aba84a9,Will Andy Beshear win the 2028 Democratic presidential nomination?,0.7929,1106,0,True,345592000,2025-07-19T00:00:09Z,2026-05-11T16:16:08Z,True,False,True
559661,0x74dba1ce1ae9dd535414e85f2d9ab5ea32c0fb1acc9b7130b67e6d91217e24e1,Will Jon Ossoff win the 2028 Democratic presidential nomination?,0.7929,1101,0,True,345590000,2025-07-19T00:00:09Z,2026-05-11T16:16:08Z,True,False,True
559685,0xc44edcfdedb422bae8ff1803e2178d1ee025fc41efd81400ccbede709e018841,Will MrBeast win the 2028 Democratic presidential nomination?,0.7857,1054,0,True,388808000,2025-07-24T00:00:09Z,2026-05-11T16:15:22Z,True,False,True
561995,0x41c6341dd79903aca4bb0c29f5a7976946c3774d2fd72f38cbb7de7092144520,Will Mike Pence win the 2028 Republican presidential nomination?,0.7857,1065,0,True,388820000,2025-07-19T00:00:09Z,2026-05-11T16:16:08Z,True,False,True
559695,0xb91be12388b3d4079c3ed9b5783cb42d8c33051d37746a49300227e0f45fc089,Will James Talarico win the 2028 Democratic presidential nomination?,0.7857,239,0,True,388850000,2026-02-19T00:00:30Z,2026-05-11T16:16:08Z,True,False,True
559694,0x20d0bc282552ac5ec6f61cd7101cb42a5948cae07e7651bdf40ede1a8b2c5eac,Will Ro Khanna win the 2028 Democratic presidential nomination?,0.7857,501,0,True,388813000,2025-12-11T00:00:16Z,2026-05-11T12:00:13Z,True,False,True
561253,0xd94b47bdeba16ae948bfb147bda059f3543d6fca73291644dfff5268bba7a797,Will Tucker Carlson win the 2028 US Presidential Election?,0.7857,852,0,True,388800000,2025-09-19T00:00:14Z,2026-05-11T12:00:12Z,True,False,True
561990,0xfbb80ea5f8fc02ee7df8bd4f58790e1d04b874078a49a7b7028a74a2075100c9,Will Elon Musk win the 2028 Republican presidential nomination?,0.7857,1062,0,True,388814000,2025-07-19T00:00:09Z,2026-05-11T16:16:08Z,True,False,True
562007,0xf2cb33c6634ee4676b642e728715c68441fb8d8c90f730ba0b5c3cd1f436a4be,Will Joe Kent win the 2028 Republican presidential nomination?,0.7857,129,0,True,388815000,2026-03-18T00:00:45Z,2026-05-11T12:00:12Z,True,False,True
565064,0x0a99479228e93524b25676ae69b94bd3f4278a6bca8d8c265c84d24755399cf5,Will the Republicans win the 2028 US Presidential Election?,0.7714,1072,0,True,475254000,2025-07-19T00:00:09Z,2026-05-11T16:15:23Z,True,False,True
562002,0x7abed80b88301210ee83b7b14ec41bc9a5161e1af07254fbb26c6e2bf7182766,Will Erika Kirk win the 2028 Republican presidential nomination?,0.7714,824,0,True,475168000,2025-09-24T00:00:09Z,2026-05-11T12:00:11Z,True,False,True
562008,0x5f3b3456b2d6ef0d6f15d7492162725057be78d738d2465456e2835f1d89046c,Will Pete Hegseth win the 2028 Republican presidential nomination?,0.7714,146,0,True,475245000,2026-03-20T00:00:34Z,2026-05-11T12:00:13Z,True,False,True
559687,0xe06a7e94cf2fa8dc2085b7610fe16e9be1cde6654f34d365c13da1149b276c61,Will Oprah Winfrey win the 2028 Democratic presidential nomination?,0.7714,1136,0,True,475176000,2025-07-26T00:00:09Z,2026-05-11T16:15:22Z,True,False,True
559667,0x3e218c99a1335641b3a5ee6c887521d19b0c28fddd6b99c254a07968e35c0b1b,Will Michelle Obama win the 2028 Democratic presidential nomination?,0.7714,1120,0,True,475251000,2025-07-19T00:00:09Z,2026-05-11T12:00:10Z,True,False,True
561984,0xc510176cf39d73295354fc797d84b510d050b45d29d6c9735ee18cdbc4fd6463,Will Robert F. Kennedy Jr. win the 2028 Republican presidential nomination?,0.7643,1102,0,True,518414000,2025-07-19T00:00:09Z,2026-05-11T16:16:08Z,True,False,True
561260,0x32903694997a5c09afee30904970f9fab2a5fb4ec45f572f194341185574f1a4,Will Thomas Massie win the 2028 US Presidential Election?,0.7643,259,0,True,518415000,2026-02-10T00:00:15Z,2026-05-11T16:15:23Z,True,False,True
559664,0xdce84960dce38aa4a5800a5eba7c9ac34d2ce49ba9d44c42572c472d468af264,Will Raphael Warnock win the 2028 Democratic presidential nomination?,0.7643,1107,0,True,518410000,2025-07-19T00:00:09Z,2026-05-11T16:16:08Z,True,False,True
561996,0x4273517fc8141d57ad1528ede46efdceebdb6a4da746d5de5bad216564209a1e,Will Tucker Carlson win the 2028 Republican presidential nomination?,0.7643,1063,0,True,518393000,2025-07-23T00:00:09Z,2026-05-11T12:00:12Z,True,False,True
559656,0x61d9486c0f7e14ed98f3b177b6adcb3cd45646c92e8bbfbf209789b86472d4b6,Will Wes Moore win the 2028 Democratic presidential nomination?,0.7643,1097,0,True,518412000,2025-07-19T00:00:09Z,2026-05-11T12:00:13Z,True,False,True
561230,0x4567b275e6b667a6217f5cb4f06a797d3a1eaf1d0281fb5bc8c75e2046ae7e57,Will Gavin Newsom win the 2028 US Presidential Election?,0.7643,1085,0,True,518398000,2025-07-19T00:00:09Z,2026-05-11T12:00:12Z,True,False,True
559675,0xfee07be730188c94cd3644ed6f107fa3ea2dfab9989ce8d39aeeae064766abe3,Will Jon Stewart win the 2028 Democratic presidential nomination?,0.7643,1097,0,True,518412000,2025-07-19T00:00:09Z,2026-05-11T12:00:13Z,True,False,True
561979,0x64d31a2af85518c6718a5757a35b840f08eca20c1e22c0eb1e96ec01cc55b8b6,Will Ron DeSantis win the 2028 Republican presidential nomination?,0.7643,1067,0,True,518425000,2025-07-19T00:00:09Z,2026-05-11T16:16:07Z,True,False,True
559669,0x3dc47a72ac6bb265e9cefebd2a2eeed00966394cb2d07245b5c94138b60e82a3,Will Rahm Emanuel win the 2028 Democratic presidential nomination?,0.7643,1072,0,True,518401000,2025-07-19T00:00:09Z,2026-05-11T12:00:12Z,True,False,True
561241,0xefe6300fd8a053cca53df8f1bd536c5f571a136392c0516e7b16e39f1addecb0,Will JB Pritzker win the 2028 US Presidential Election?,0.7643,1087,0,True,518401000,2025-07-19T00:00:09Z,2026-05-11T12:00:12Z,True,False,True
562001,0xd5659eea81cada0bac656f5a9099861786cbae6755e2e1ac2c9e9441908b551f,Will Steve Bannon win the 2028 Republican presidential nomination?,0.7643,1023,0,True,518412000,2025-08-08T00:00:02Z,2026-05-11T12:00:13Z,True,False,True
561234,0x2053d8515f1b8cbeea4ccdb56e60e89c2617e43a8660d95166b8e71d27865277,Will Marco Rubio win the 2028 US Presidential Election?,0.75,1063,0,True,604762000,2025-07-19T00:00:09Z,2026-05-11T12:00:12Z,True,False,True
561982,0x00ad3bb5284b0b2314b1a2d42812fe292f606619c6278bd95c9d905816c240f6,Will Sarah Huckabee Sanders win the 2028 Republican presidential nomination?,0.75,1062,0,True,1123178000,2025-07-19T00:00:09Z,2026-05-11T12:00:10Z,True,False,True
561237,0x09ad4955c170d46c6d80b5f554435b19e229ff7dbe55370892b64782336cc3b9,Will Andy Beshear win the 2028 US Presidential Election?,0.75,1087,0,True,604744000,2025-07-19T00:00:09Z,2026-05-11T12:00:13Z,True,False,True
565065,0xb106a3c9d1c59ed8117493dae6459a3ff79369a8f7cddaf62f4a05828b89195e,Will the Democrats win the 2028 US Presidential Election?,0.75,1054,0,True,863987000,2025-07-19T00:00:09Z,2026-05-11T12:00:11Z,True,False,True
561238,0xc4435df23facee8c4cd86090310c7835c2a0425646b2588b0a02e67fa42f444e,Will Glenn Youngkin win the 2028 US Presidential Election?,0.75,1096,0,True,647962000,2025-07-19T00:00:09Z,2026-05-11T16:16:08Z,True,False,True
561245,0xe0173375b7eaccb836f7b92d28a9a2d1cc69e54e5a65fae89a5d7e49aadd332e,Will Nikki Haley win the 2028 US Presidential Election?,0.75,1057,0,True,647950000,2025-07-19T00:00:09Z,2026-05-11T12:00:12Z,True,False,True
540820,0x84f8b70331323c2fba97d7ceaa9a35fb645a0770d0dbff169d07f24f376766e9,Trump out as President before GTA VI?,0.75,1383,0,True,863985000,2025-05-03T00:00:06Z,2026-05-11T16:16:08Z,True,False,True
561986,0xd1747284d6048b2a3dcfbee489db405f36de18f9590197dd0e5c9f0c246bf050,Will Byron Donalds win the 2028 Republican presidential nomination?,0.75,1090,0,True,993628000,2025-07-19T00:00:09Z,2026-05-11T12:00:10Z,True,False,True
540818,0x50ddb9cd80d5c271664a2ebb7fcaed1d0a148d82c8e8d314d830f75a944c3dcc,New Playboi Carti Album before GTA VI?,0.75,1420,0,True,734353000,2025-05-03T00:00:06Z,2026-05-11T16:16:08Z,True,False,True
561239,0xb3298af85e00aafad937c119444a5f2800a55343b7482eb75581f6e454432501,Will Kamala Harris win the 2028 US Presidential Election?,0.75,1065,0,True,777586000,2025-07-19T00:00:09Z,2026-05-11T12:00:12Z,True,False,True
562005,0x24258776d0a926b4550b0f213267b95ba0a7741fc972d0b3c2b5f6bf8ced2c50,Will Thomas Massie win the 2028 Republican presidential nomination?,0.75,271,0,True,777594000,2026-02-10T00:00:21Z,2026-05-11T16:16:07Z,True,False,True
561985,0x42631e1a8c8e6389422b58b8e15b1b551892b9833651aa3bab25afab124354b5,Will Brian Kemp win the 2028 Republican presidential nomination?,0.75,1113,0,True,777594000,2025-07-19T00:00:09Z,2026-05-11T16:16:08Z,True,False,True
561977,0xd0c4c60c8e68ee15974df3aa7d217225e98020fab9fcdb32d10f8e3d285e1619,Will Glenn Youngkin win the 2028 Republican presidential nomination?,0.75,1099,0,True,864034000,2025-07-19T00:00:09Z,2026-05-11T16:16:07Z,True,False,True
561246,0x3367d22cd2a673014f1960742afdf8601040a8ad856dc0a98bd1a44ee99504e2,Will Ron DeSantis win the 2028 US Presidential Election?,0.75,1084,0,True,777583000,2025-07-19T00:00:09Z,2026-05-11T16:16:08Z,True,False,True
561240,0x66b906b8205f48a26beb8e553bbb1e7954e87e4f6e1d539823441221d1806e8f,Will Stephen Smith win the 2028 US Presidential Election?,0.75,1080,0,True,863998000,2025-07-19T00:00:09Z,2026-05-11T16:16:08Z,True,False,True
559693,0x98933c78b5e277b62d91a6c174b412218de000b54c4c67ec8673bf561cec6e81,Will Ruben Gallego win the 2028 Democratic presidential nomination?,0.75,518,0,True,647963000,2025-12-10T00:00:09Z,2026-05-11T16:15:23Z,True,False,True
559689,0x8ecd1d15e521b7d1020ad5596cc981c8764e9dcfbc3648f582e1a5138aee7185,Will Beto O’Rourke win the 2028 Democratic presidential nomination?,0.75,1074,0,True,734353000,2025-07-26T00:00:09Z,2026-05-11T12:00:11Z,True,False,True
561252,0xe2bdf6c18c8ab5ad5d3be5f95dd749e88d1dee7ac7c4dbf5101013a5c055e3df,Will Dwayne 'The Rock' Johnson win the 2028 US Presidential Election?,0.75,898,0,True,863997000,2025-08-30T00:00:03Z,2026-05-11T16:16:08Z,True,False,True
561249,0x01dffa7abae7e5d9b7fb44b06d537c5ac932e2ca422ab4b53366672f5e2dc7d6,Will Greg Abbott win the 2028 US Presidential Election?,0.75,1116,0,True,734431000,2025-07-19T00:00:09Z,2026-05-11T16:16:07Z,True,False,True
561258,0xa9549c44687993a9a154347c6907092341459b927efaa3f2b49009ca2c4e40a1,Will Jamie Dimon win the 2028 US Presidential Election?,0.75,554,0,True,691199000,2025-12-09T00:00:17Z,2026-05-11T16:16:07Z,True,False,True
562004,0x17902b9490c6a73152772316b4705935c5c6801ba269f2afc81686532e34fb9a,Will Marjorie Taylor Greene win the 2028 Republican presidential nomination?,0.75,653,0,True,734353000,2025-11-07T00:00:04Z,2026-05-11T16:16:08Z,True,False,True
559662,0x9d4f94f82de9d13ff1d3318639ab9000ee2533949e525343156f374fb00bd9b1,Will Mark Cuban win the 2028 Democratic presidential nomination?,0.75,1103,0,True,647952000,2025-07-19T00:00:09Z,2026-05-11T16:16:08Z,True,False,True
561991,0xf2cea45ec282af4f302d2ab85ede73678cd692ebf8c3ab6d52bfa5e19f44c553,Will Matt Gaetz win the 2028 Republican presidential nomination?,0.75,1127,0,True,691199000,2025-07-19T00:00:09Z,2026-05-11T12:00:12Z,True,False,True
561993,0x7190eccbd0677d5d0ae8cdf598b37e945a346915c666dda11468dc9970657a56,Will John Thune win the 2028 Republican presidential nomination?,0.75,1034,0,True,777594000,2025-07-19T00:00:09Z,2026-05-11T12:00:12Z,True,False,True
561987,0x655b4bfdfa55a95c24d6e9bf7e7cd62f1b57da9a1f4c7f40f090b8ba847dffa2,Will Elise Stefanik win the 2028 Republican presidential nomination?,0.75,1096,0,True,864032000,2025-07-19T00:00:09Z,2026-05-11T16:16:07Z,True,False,True
561242,0x8fc141205ebce5adf437bfdf4d0c5ff58ff24293b79c9431991346c208bb48ed,Will Tulsi Gabbard win the 2028 US Presidential Election?,0.75,1059,0,True,647961000,2025-07-19T00:00:09Z,2026-05-11T12:00:13Z,True,False,True
559691,0xc720fcfa9e29346a976902f87e0f0f3bdc31d43af501b4fdef4f1780a30dd359,Will Chris Murphy win the 2028 Democratic presidential nomination?,0.75,525,0,True,604767000,2025-12-10T00:00:08Z,2026-05-11T16:15:23Z,True,False,True
561980,0xd7a0d72b19ca48b06b0029684677f581e32f133c367d7a19c2f1e4ad07066af7,Will Nikki Haley win the 2028 Republican presidential nomination?,0.75,1104,0,True,777593000,2025-07-19T00:00:09Z,2026-05-11T16:16:08Z,True,False,True
559673,0xca1d1139b0c3a29983407f499476ae642482788e841a277eb86faeeb9fa4a85c,Will John Fetterman win the 2028 Democratic presidential nomination?,0.75,1077,0,True,604747000,2025-07-19T00:00:09Z,2026-05-11T12:00:12Z,True,False,True
559665,0x1970bcce75e3674660917ae4685b433a9b1e0152d810a8d7c346dfd5e00694c2,Will Cory Booker win the 2028 Democratic presidential nomination?,0.75,1103,0,True,777581000,2025-07-19T00:00:09Z,2026-05-11T12:00:12Z,True,False,True
561259,0xb314f5dbf75919a34d4997e8b22e6793505e3377a690eaa11a75a2547e926bee,Will Ro Khanna win the 2028 US Presidential Election?,0.75,303,0,True,691199000,2026-02-06T00:00:25Z,2026-05-11T16:16:07Z,True,False,True
561999,0xf8dbde8b6e038775a673947e59da2de15a2127272b50b9877400fdbf7cfc3026,Will Tom Brady win the 2028 Republican presidential nomination?,0.75,1086,0,True,777593000,2025-07-24T00:00:09Z,2026-05-11T16:16:08Z,True,False,True
559653,0xe6bcc2f1dd025ce5e1833190f7c60a71171c94f805df55b9ab0ded695ec93565,Will Alexandria Ocasio-Cortez win the 2028 Democratic presidential nomination?,0.75,1101,0,True,777585000,2025-07-19T00:00:09Z,2026-05-11T16:16:08Z,True,False,True
559674,0x8fbcb151e2c988df5a43abb02298014b7daf34c008f3eed9188dd16a2a19bec1,Will Jared Polis win the 2028 Democratic presidential nomination?,0.75,1096,0,True,777591000,2025-07-19T00:00:09Z,2026-05-11T16:16:08Z,True,False,True
561989,0x0ac23db1e56971022bc7e822b907a2466c618b34104ea72bc9fa95e41c86a9c6,Will Ted Cruz win the 2028 Republican presidential nomination?,0.75,1107,0,True,864029000,2025-07-19T00:00:09Z,2026-05-11T12:00:10Z,True,False,True
559680,0x29283b56d3eec6d1d89fff51793d9d2e01579d2379b1d3e9ebda175d3561e809,Will Phil Murphy win the 2028 Democratic presidential nomination?,0.75,1078,0,True,604749000,2025-07-19T00:00:09Z,2026-05-11T16:16:08Z,True,False,True
561992,0x61a1278884fa70d68d4bcaaf72fad55bbdb063cac28c6947472ca91635fab10f,Will Katie Britt win the 2028 Republican presidential nomination?,0.75,1083,0,True,604749000,2025-07-19T00:00:09Z,2026-05-11T16:15:23Z,True,False,True
559652,0x0f49db97f71c68b1e42a6d16e3de93d85dbf7d4148e3f018eb79e88554be9f75,Will Gavin Newsom win the 2028 Democratic presidential nomination?,0.75,1079,0,True,777587000,2025-07-19T00:00:09Z,2026-05-11T16:15:22Z,True,False,True
559690,0x0f8ef3cc906ba7ba94a44724738df44bdd5f73e59e40c9c8b4ff8569e349643c,Will Kim Kardashian win the 2028 Democratic presidential nomination?,0.75,760,0,True,777594000,2025-10-02T00:00:03Z,2026-05-11T12:00:12Z,True,False,True
561248,0x64396449b471b10b006285fa49dd9a5df535694de7b4c703fdeb0d88d5c4cd33,Will Vivek Ramaswamy win the 2028 US Presidential Election?,0.75,1093,0,True,604742000,2025-07-19T00:00:09Z,2026-05-11T12:00:13Z,True,False,True
559677,0x663b88d3a8f2341bb8d878709dc78632bcaf7512e577bd15521e5d8ed933efbc,Will Hillary Clinton win the 2028 Democratic presidential nomination?,0.75,1084,0,True,604748000,2025-07-19T00:00:09Z,2026-05-11T12:00:12Z,True,False,True
561978,0x4a9d58d4da874e26708f5bdb014eb07a06aeebb927068d169d43831595386557,Will Donald Trump Jr. win the 2028 Republican presidential nomination?,0.75,1053,0,True,647951000,2025-07-19T00:00:09Z,2026-05-11T16:16:08Z,True,False,True
561998,0x4f02b9cf70e514964fcb9aa2f7873d2b0d1aa0986da096cce7e6687e78da00f3,Will Ivanka Trump win the 2028 Republican presidential nomination?,0.75,1078,0,True,604744000,2025-07-24T00:00:09Z,2026-05-11T12:00:13Z,True,False,True
561251,0x836b850fc838195374862551a36f1c8691d96ff01e58b0a071f0fc1a0e357fb1,Will LeBron James win the 2028 US Presidential Election?,0.75,1081,0,True,863988000,2025-07-23T00:00:09Z,2026-05-11T16:16:08Z,True,False,True
559655,0xd65891729ce093cc12236856837eba1a0872fc7998fd4294c21346f7db68079c,Will Josh Shapiro win the 2028 Democratic presidential nomination?,0.75,1114,0,True,734353000,2025-07-19T00:00:09Z,2026-05-11T16:16:08Z,True,False,True
559658,0x909659c9436228e2be56d5582ba6188166f2f8bf3c596335512c8f2e380d01ec,Will Kamala Harris win the 2028 Democratic presidential nomination?,0.7214,2239,0,True,475246000,2025-07-19T00:00:09Z,2026-05-11T16:12:06Z,True,False,True
559679,0x30cfb887558b20373a984da60c372fe5a90c0296aa6d8bb413a8aa7543846da2,Will Bernie Sanders win the 2028 Democratic presidential nomination?,0.7143,2225,0,True,518399000,2025-07-19T00:00:09Z,2026-05-11T16:11:11Z,True,False,True
561262,0x9eb7ac1524fdacb46ceb8758454f0004c7b117eae76e6295852643644bb862c1,Will James Talarico win the 2028 US Presidential Election?,0.7143,506,0,True,518390000,2026-02-19T00:00:23Z,2026-05-11T16:15:22Z,True,False,True
558964,0x233ce0c3969a5cd5079287f16fcd283be7c1db82263e08697f85dbe1b4d2113c,Will South Africa win the 2026 FIFA World Cup?,0.5928,635,0,False,43253000,2025-12-02T00:00:06Z,2026-05-11T16:16:08Z,False,False,False
558941,0x9be56371f6a29d12769b2f196847ee825b9585ebb8bfa042136be031b081eba1,Will Netherlands win the 2026 FIFA World Cup?,0.5927,1212,0,False,44220000,2025-07-03T00:00:08Z,2026-05-11T16:16:08Z,False,False,False
568117,0x448f73e89890ae9d0e42ad0b592f63b53c0ae05d1ca3fa8d80b30027781f1be7,"Will Trump resign by December 31, 2026?",0.5922,1144,0,False,47330000,2025-07-26T00:00:09Z,2026-05-11T16:16:08Z,False,False,False
558943,0xcdb1f0400949238a63d3e88243d2ada08cd9c2a71985ced9f0cfd5e66354cf90,Will USA win the 2026 FIFA World Cup?,0.5922,1201,0,False,47307000,2025-07-03T00:00:08Z,2026-05-11T12:00:13Z,False,False,False
599303,0xeb44a06c677ce7a47e5fd2007182e020a577395dc3613ad55d3d576e33964c3d,Will Mallory McMorrow win the 2026 Michigan Democratic Primary?,0.5922,949,0,False,47320000,2025-09-16T00:00:06Z,2026-05-11T16:16:07Z,False,False,False
558961,0x65307f30dce84ac35e41813035d3c04933da830dc4efbbb2fcdc4b282700ef3b,Will South Korea win the 2026 FIFA World Cup?,0.5922,900,0,False,47323000,2025-09-18T00:00:11Z,2026-05-11T16:16:08Z,False,False,False
558955,0xbaf7780f9059e34b84301fd411f8dc573b4d56adfe6e0cda33daf304b1438da4,Will Ecuador win the 2026 FIFA World Cup?,0.5857,860,0,False,86383000,2025-09-18T00:00:05Z,2026-05-11T12:00:12Z,False,False,False
558963,0x37a6de1b21803e5f3fb1965116218215d79963af4f7e51659696366267a63a03,Will Morocco win the 2026 FIFA World Cup?,0.5857,690,0,False,86403000,2025-11-08T00:00:11Z,2026-05-11T12:00:10Z,False,False,False
558962,0x33a87d02fa01e958929385c74b8627d32cc4474e9ebd312d268865c5207147fa,Will Jordan win the 2026 FIFA World Cup?,0.5857,876,0,False,86404000,2025-09-18T00:00:06Z,2026-05-11T16:16:08Z,False,False,False
582717,0xfcde7eec764a4e3dd2c43e92efec3cd23d8df64cceff357914a31d2c7820a6ea,Taylor Swift pregnant before marriage?,0.5857,989,0,False,86401000,2025-08-29T00:00:12Z,2026-05-11T16:16:07Z,False,False,False
558981,0xcd836ec4d94b8a4ddc5713d80fe9db245d2fb4796eaf12337974da1b4e96100d,Will Congo DR win the 2026 FIFA World Cup?,0.5857,125,0,False,86403000,2026-04-02T00:00:45Z,2026-05-11T12:00:11Z,False,False,False
562831,0xc5eae79d1ffe716572353962eb926b1e3964c500a4880a7a94f58408218ee76b,"2026 Balance of Power: R Senate, R House",0.5857,1155,0,False,86403000,2025-07-19T00:00:09Z,2026-05-11T16:16:08Z,False,False,False
599309,0xc5452a97769a9aa7a264d11bf07c7da6ff6080061d426cd7ef92abb47f6d8160,Will Kristen McDonald Rivet win the 2026 Michigan Democratic Primary?,0.5786,867,0,False,129651000,2025-09-16T00:00:08Z,2026-05-11T16:16:07Z,False,False,False
560317,0x6bd56627aa21311850825edb27e53434a0e17a4f782be0086bc07f71eee00d0d,"Putin out as President of Russia by December 31, 2026?",0.5786,1142,0,False,129582000,2025-07-07T00:00:07Z,2026-05-11T16:16:08Z,False,False,False
558967,0x881a3ffa618b6ae0ab95a5637e310afb1afc2d99c921bfe3235b15eccfce0344,Will Ghana win the 2026 FIFA World Cup?,0.5786,574,0,False,129598000,2025-12-02T00:00:08Z,2026-05-11T16:16:08Z,False,False,False
558972,0x3fb8a8de2ac275882d72b2c4f22d41776fcf033f9e413a77a84dd395c0d5257c,Will Saudi Arabia win the 2026 FIFA World Cup?,0.5786,567,0,False,129602000,2025-12-02T00:00:15Z,2026-05-11T12:00:11Z,False,False,False
558954,0xff0cfa9506cfa95759e4c7591654195bd26e3011f9882b51439135e04f2b69f1,Will Tunisia win the 2026 FIFA World Cup?,0.5786,882,0,False,129598000,2025-09-18T00:00:05Z,2026-05-11T16:16:08Z,False,False,False
567688,0xd1796c09d0d6f876f8580086ae9808ec991784e3a74b25a1830a25de71a78c96,Netanyahu out by end of 2026?,0.5786,1083,0,False,129595000,2025-07-25T00:00:09Z,2026-05-11T16:16:08Z,False,False,False
593977,0xb98ae7869aec564d46d41d3a5aaf86177fe5726b2782d1e8addbf40bdfe6143b,Will Bernie endorse Alan Grayson for FL-Sen Nov 2 2026 ET?,0.5643,870,0,False,216010000,2025-09-13T00:00:04Z,2026-05-11T16:16:08Z,False,False,False
558978,0xdb4b2f370c3d0e996fbb32213c87aa5402936e3d4882432b6738e2f5661b79a6,Will Curaçao win the 2026 FIFA World Cup?,0.5643,604,0,False,216000000,2025-12-02T00:00:05Z,2026-05-11T16:16:07Z,False,False,False
558983,0xbce6698c9a61376c0709a2a724a9cf0dd0236d8dea882533073b6bb062efbee0,Will Bosnia-Herzegovina win the 2026 FIFA World Cup?,0.5643,113,0,False,216010000,2026-04-02T00:00:44Z,2026-05-11T16:16:08Z,False,False,False
562802,0xd5d9fc47718bd553592d126b1fa5e87183d27f3936975b0c04cc0f2dec1f1bb4,Will the Democratic Party control the House after the 2026 Midterm elections?,0.5643,1132,0,False,216013000,2025-07-19T00:00:09Z,2026-05-11T16:16:07Z,False,False,False
561264,0xea649be6ea3447f3c145a173883c68a89faf4edda1f85109b76baa93b3ee7a87,Will Pete Hegseth win the 2028 US Presidential Election?,0.5643,154,0,False,215995000,2026-03-20T00:00:33Z,2026-05-11T16:16:08Z,False,False,False
573656,0x02deb9538f5c123373adaa4ee6217b01745f1662bc902e46ac92f3fe6f8741e8,"Will Bitcoin hit $150k by December 31, 2026?",0.5571,1010,0,False,259199000,2025-08-08T00:00:04Z,2026-05-11T12:00:11Z,False,False,False
559651,0xa467b14d51f01b957109d9cbb1d6c124fab2a089d52ed8f471d23c2812e743b7,Xi Jinping out before 2027?,0.5429,1133,0,False,345606000,2025-07-04T00:00:08Z,2026-05-11T16:16:08Z,False,False,False
573647,0x0ea8005efbc460378340a2f28a6d97b0d1d9d9d7fba4d16f529b8a415dca77a2,Will GPT-6 be released before GTA VI?,0.5429,1044,0,False,345606000,2025-08-08T00:00:02Z,2026-05-11T16:16:08Z,False,False,False
593974,0x472a52fcd256f343c5e0c8ecc6afd074b15a7b8c0c7a8397b6e30e30564b6734,Will Bernie endorse Dan Osborn for NE-Sen by Nov 2 2026 ET?,0.5429,887,0,False,345599000,2025-09-13T00:00:04Z,2026-05-11T16:16:08Z,False,False,False
593973,0xb44fe13de8e6e3f0e1232613dd9a79f0a898672a41d608a9cd57e340ba6e9185,Will Bernie endorse Kshama Sawant for WA-09 by Nov 2 2026 ET?,0.5429,886,0,False,345596000,2025-09-13T00:00:04Z,2026-05-11T16:16:08Z,False,False,False
558982,0x51e8c8df709aa78f64d2d9324d9d2556270f81e3966ade308099e5338bb4e4c9,Will Iraq win the 2026 FIFA World Cup?,0.5429,108,0,False,345606000,2026-04-02T00:00:48Z,2026-05-11T16:16:08Z,False,False,False
599305,0xca0329cd4392d91e39df0702949229573d2415ae4a37b0103d0c6e9d03b8dd44,Will Abdul El-Sayed win the 2026 Michigan Democratic Primary?,0.5429,871,0,False,345594000,2025-09-16T00:00:17Z,2026-05-11T16:16:08Z,False,False,False
558945,0x5ccfe1b69a582d2985db08a8481a0d74c314b1fce9b4711ae2efb2c6467fe6aa,Will Mexico win the 2026 FIFA World Cup?,0.5429,1205,0,False,345605000,2025-07-03T00:00:08Z,2026-05-11T16:16:08Z,False,False,False
593978,0x1428ebd0c6424f9a42928f2e10e4d851be0810d4eb556738b7dc8976356ac14b,Will Bernie endorse Zach Wahls for IA-Sen Nov 2 2026 ET?,0.5429,909,0,False,345598000,2025-09-13T00:00:04Z,2026-05-11T16:16:08Z,False,False,False
558934,0x7976b8dbacf9077eb1453a62bcefd6ab2df199acd28aad276ff0d920d6992892,Will Spain win the 2026 FIFA World Cup?,0.5429,1156,0,False,345594000,2025-07-03T00:00:08Z,2026-05-11T16:16:08Z,False,False,False
567690,0x14501df0ca5ec395792b0614b18133b72e702a9a2615dd0a4b3f0c6e097de081,"Erdoğan out by December 31, 2026?",0.5357,1040,0,False,388831000,2025-07-25T00:00:09Z,2026-05-11T16:16:08Z,False,False,False
558976,0xe5bd80313b8859e3f5761568ac9498866ea9d4419e4d1b6a877a9a9bd2754cb4,Will Croatia win the 2026 FIFA World Cup?,0.5357,560,0,False,388800000,2025-12-02T00:00:13Z,2026-05-11T16:16:07Z,False,False,False
558946,0x32cfa52198e85e070d1b17d1b53c5c3a6aaae7736cdc33fa6aa04d353f0c2811,Will Belgium win the 2026 FIFA World Cup?,0.5357,1127,0,False,388856000,2025-07-03T00:00:08Z,2026-05-11T16:16:07Z,False,False,False
599308,0xc1c30becf85027a3fad693fe00aed610c574220f32fabef52c1ac53f76153622,Will Sarah Anthony win the 2026 Michigan Democratic Primary?,0.5214,849,0,False,475174000,2025-09-16T00:00:10Z,2026-05-11T12:00:11Z,False,False,False
558979,0x9779c09fd4dd0a1c82dd82618269c2aa5669d91305293b396d1e0b8a166b566e,Will Panama win the 2026 FIFA World Cup?,0.5214,100,0,False,475246000,2026-04-01T00:00:59Z,2026-05-11T12:00:13Z,False,False,False
599304,0x0bde18e0a0220d1f97173850504a1ed4fa90ef2c6a7bc0932952790053ca0c0e,Will Haley Stevens win the 2026 Michigan Democratic Primary?,0.5214,893,0,False,475167000,2025-09-16T00:00:05Z,2026-05-11T16:16:08Z,False,False,False
562828,0x16c63b7cc37f012b9f59ee164ec03877914c701d06d48291ae8d6fc08a088b0d,"2026 Balance of Power: D Senate, D House",0.5143,1080,0,False,518406000,2025-07-19T00:00:09Z,2026-05-11T16:16:08Z,False,False,False
562793,0x307a1ed89d60b61002dd5bbf00e1408c5ed2ab3fcdb056191ca7ef9bc34d38f3,Will the Democratic Party control the Senate after the 2026 Midterm elections?,0.5143,1095,0,False,518410000,2025-07-19T00:00:09Z,2026-05-11T16:16:08Z,False,False,False
561254,0x7f695758278e6d4d9e63df862afa88d664d3402a3d26e4d32ae05121cdbddba6,Will Kim Kardashian win the 2028 US Presidential Election?,0.5143,766,0,False,518425000,2025-10-02T00:00:05Z,2026-05-11T16:16:08Z,False,False,False
558947,0xe99cc59f32b10d23acf196d1a0e8264ea30fca198428acadd3464b06ff60e771,Will Colombia win the 2026 FIFA World Cup?,0.5143,1161,0,False,518397000,2025-07-03T00:00:08Z,2026-05-11T16:16:08Z,False,False,False
593988,0x07ab4a3d146dad453f0c195ab0760a50c8a3a841f6a45b2f8a457379d1c66a7b,Will Trump endorse Susan Collins for ME-Sen by Nov 2 2026 ET?,0.5143,858,0,False,518427000,2025-09-13T00:00:10Z,2026-05-11T16:16:08Z,False,False,False
561263,0x2d3c4fc5cde6dfb43448402b912e41bd4453e3f030448ed026bff8f1a0bc072e,Will Eric Trump win the 2028 US Presidential Election?,0.5143,207,0,False,518403000,2026-02-20T00:00:54Z,2026-05-11T16:16:08Z,False,False,False
558970,0x3bc69cb672591e4fcd2ef856b64b219a906e15d4601b50066ac81a446574dfaf,Will Cape Verde win the 2026 FIFA World Cup?,0.5143,562,0,False,518418000,2025-12-02T00:00:06Z,2026-05-11T16:16:08Z,False,False,False
567689,0x51f624dbbf14f9edb575fef1be6f7a303751de70783fa144fce27b957452c803,Zelenskyy out as Ukraine president by end of 2026?,0.5143,1070,0,False,518399000,2025-07-25T00:00:09Z,2026-05-11T16:16:08Z,False,False,False
562832,0x7987a821b8032824f1805ee39eb5dfb8f64603e4e9e673259eb76f82b439fd3d,2026 Balance of Power: Other,0.5143,1068,0,False,518406000,2025-07-19T00:00:09Z,2026-05-11T16:16:08Z,False,False,False
558957,0x9e5f9d8c384f8fe368b195fa9a780be58643dff7360588a4e577012df8af00a7,Will New Zealand win the 2026 FIFA World Cup?,0.5143,824,0,False,518414000,2025-09-18T00:00:04Z,2026-05-11T12:00:12Z,False,False,False
558937,0x30d55d8124ee1e12dabe89201badc45669b81dff69e4ce44d961f32878ec178a,Will Brazil win the 2026 FIFA World Cup?,0.5143,1158,0,False,518404000,2025-07-03T00:00:08Z,2026-05-11T16:16:08Z,False,False,False
562803,0x4e4f77e7dbf4cab666e9a1943674d7ae66348e862df03ea6f44b11eb95731928,Will the Republican Party control the House after the 2026 Midterm elections?,0.5143,1064,0,False,518419000,2025-07-19T00:00:09Z,2026-05-11T12:00:12Z,False,False,False
599307,0x1586e33dc57b17433d080829870d73631a146b24d44d73817634c9f7171f84c3,Will Rashida Tlaib win the 2026 Michigan Democratic Primary?,0.5,840,0,False,604743000,2025-09-16T00:00:05Z,2026-05-11T16:16:08Z,False,False,False
561994,0x5f1b1caf70eb994bfff2986727a05a3ac9f7ec8b0da4017f7732596d023e5a07,Will Kristi Noem win the 2028 Republican presidential nomination?,0.5,1089,0,False,691200000,2025-07-19T00:00:09Z,2026-05-11T16:16:08Z,False,False,False
568116,0x4c8ceef9b9c0a27b6b4efa7c398ece4a5eeda76502f722de398c232abefe2ede,Will Trump be impeached by end of 2026?,0.5,1055,0,False,734369000,2025-07-26T00:00:09Z,2026-05-11T16:16:08Z,False,False,False
558938,0x0c4cd2055d6ea89354ffddc55d6dbcef9355748112ea952fc925f3db6a5c457f,Will Argentina win the 2026 FIFA World Cup?,0.5,1156,0,False,734354000,2025-07-03T00:00:08Z,2026-05-11T16:16:08Z,False,False,False
540881,0xcccb7e7613a087c132b69cbf3a02bece3fdcb824c1da54ae79acc8d4a562d902,GTA VI released before June 2026?,0.5,0,0,False,0,,,True,True,True
558952,0x67443cb1ffb2bf180f7df5b6ca7adff63f7e8e933c7e41405ba118f3e9f8befb,Will Canada win the 2026 FIFA World Cup?,0.5,1144,0,False,604746000,2025-07-03T00:00:08Z,2026-05-11T16:16:08Z,False,False,False
558940,0x4f3421fb2daf5cca7430ed8d8132463963081572d75434393a1808fdb8829fe8,Will Portugal win the 2026 FIFA World Cup?,0.5,1160,0,False,863988000,2025-07-03T00:00:08Z,2026-05-11T16:16:08Z,False,False,False
563650,0x139ba0e7f931f09466c0fb27fc8ddb5e77ce9d1e2bdc953a5f22765bf779452f,"SCOTUS accepts sports event contract case by July 31, 2026?     ",0.5,1099,0,False,604761000,2025-07-17T00:00:08Z,2026-05-11T16:16:08Z,False,False,False
553824,0xf7b5491e70b477d451afe7d9c1fde4bf1a927e69ff289d294b96df164f6c10f0,Will the Carolina Hurricanes win the 2026 NHL Stanley Cup?,0.5,0,0,False,0,,,True,True,True
562830,0x998bc71817b2d76921d1999ce0f3431cfd5945583667a371280ca2b430b0c06e,"2026 Balance of Power: R Senate, D House",0.5,1096,0,False,604766000,2025-07-19T00:00:09Z,2026-05-11T12:00:13Z,False,False,False
558951,0x7b52405ad0e0d31bfe970940b67d77f24ecedeab8a2361c11148c02a006e325c,Will Norway win the 2026 FIFA World Cup?,0.5,1126,0,False,777594000,2025-07-03T00:00:08Z,2026-05-11T16:16:08Z,False,False,False
558974,0x3a26ca6425e2d98f14935670bc22cdb0744defc6f6d83c65f8c413a921c5c70c,Will Switzerland win the 2026 FIFA World Cup?,0.5,557,0,False,863998000,2025-12-02T00:00:10Z,2026-05-11T12:00:10Z,False,False,False
593983,0x2aaffb7c88af0204f5095581dc72f82886f4e13902fe5c7727fac6ed48a25f11,Will Trump endorse John Cornyn for TX-Sen by Nov 2 2026 ET?,0.5,874,0,False,777594000,2025-09-13T00:00:04Z,2026-05-11T16:16:08Z,False,False,False
558984,0x5e614739363bbfc399469102c600e4e8260032d41e59e0bc12ebc0e71231642d,Will Czechia win the 2026 FIFA World Cup?,0.5,90,0,False,864031000,2026-04-02T00:00:58Z,2026-05-11T12:00:10Z,False,False,False
558980,0xd0dbdc94b28c5cffeef64ed6b13e5f0f2324fb177e5ffaa634b48c88fe18d5e7,Will Sweden win the 2026 FIFA World Cup?,0.5,89,0,False,777594000,2026-04-05T00:00:00Z,2026-05-11T16:16:08Z,False,False,False
558973,0xf950740bc71136155d6525cc0528a582c81f88812bff227803190c32ca25f54d,Will Scotland win the 2026 FIFA World Cup?,0.5,554,0,False,863989000,2025-12-02T00:00:06Z,2026-05-11T16:16:08Z,False,False,False
553843,0xd66cbb60c333c2eed61717370755c18bc7e494fed90cb507cd9b49c77100951d,Will the Philadelphia Flyers win the 2026 NHL Stanley Cup?,0.5,0,0,False,0,,,True,True,True
558949,0x0189df05ed7bf84d799213b01a79571e305c03b2ac5359cfbb3a323448ba20fa,Will Japan win the 2026 FIFA World Cup?,0.5,1162,0,False,907186000,2025-07-03T00:00:08Z,2026-05-11T16:16:08Z,False,False,False
558959,0x84edef36bded182da6a395ac6c785dba8f3e09b6c5ad041385b2042536cbef25,Will Iran win the 2026 FIFA World Cup?,0.5,861,0,False,864032000,2025-09-18T00:00:04Z,2026-05-11T16:16:07Z,False,False,False
593972,0x136a2773866c2d841b00652b7d99b026409c9a55db769c525ed450e04c653f23,Will Bernie endorse James Talarico for TX-Sen by Nov 2 2026 ET?,0.5,879,0,False,777593000,2025-09-13T00:00:06Z,2026-05-11T16:16:08Z,False,False,False
567621,0xd9fb1184af0064e5e34b129f5b79afa5a17b7e32f2953ab05efed82315fee6d4,Will China invade Taiwan by end of 2026?,0.5,1076,0,False,777595000,2025-07-25T00:00:09Z,2026-05-11T16:16:08Z,False,False,False
553849,0x52847ca1413b76a5570b97c0c432e38dbe61b0140f9d45e912604591b08f6fca,Will the Montreal Canadiens win the 2026 NHL Stanley Cup?,0.5,0,0,False,0,,,True,True,True
593984,0x6fb1af1cc7caa3b4479fa9a22ba149499795e99f39f807a5272cdbf89acba3b6,Will Trump endorse Ken Paxton for TX-Sen by Nov 2 2026 ET?,0.5,854,0,False,864026000,2025-09-13T00:00:12Z,2026-05-11T16:16:08Z,False,False,False
562829,0x0808de4f0cfd47947f2d1be51f9a9c52ea0fec76f73a75cfbe79ddec98d8a908,"2026 Balance of Power: D Senate, R House",0.5,1116,0,False,691199000,2025-07-19T00:00:09Z,2026-05-11T12:00:12Z,False,False,False
593975,0xb8940fadd151f151bdd786a2ce3950ef1320aecc143e268aa6fb04173c9576b0,Will Bernie endorse Antonio Delgado for NY-Gov by Nov 2 2026 ET?,0.5,865,0,False,604855000,2025-09-13T00:00:08Z,2026-05-11T16:16:08Z,False,False,False
562794,0x86bfb53af7250a40928975c551d12c185b762fa4ce0b40c6a64a50c946d72587,Will the Republican Party control the Senate after the 2026 Midterm elections?,0.5,1111,0,False,734353000,2025-07-19T00:00:09Z,2026-05-11T16:16:08Z,False,False,False
558956,0x675bba4df50fd123f7fbfbafa67e9b75f4092d85ce0f9148ce78fc945964c856,Will Paraguay win the 2026 FIFA World Cup?,0.5,850,0,False,863990000,2025-09-18T00:00:05Z,2026-05-11T12:00:10Z,False,False,False
566760,0x0dc45815251ab7d5c3cbde5d7eee5bc96eac3d924c0a4c4f10175049e068fe20,Will Trump pardon Ghislaine Maxwell by end of 2026?,0.5,1073,0,False,777594000,2025-07-23T12:00:09Z,2026-05-11T16:16:07Z,False,False,False
558977,0x506f80bcf76bc75e6b31a250e2d754f347c4c231665326931d58bdb339ba1913,Will Haiti win the 2026 FIFA World Cup?,0.5,550,0,False,604747000,2025-12-02T00:00:08Z,2026-05-11T16:16:08Z,False,False,False
599306,0xa05f081e032395b4527d964fcefb032834c81bef0e85ac533c81f66139c35af4,Will Dana Nessel win the 2026 Michigan Democratic Primary?,0.5,859,0,False,604742000,2025-09-16T00:00:16Z,2026-05-11T16:16:08Z,False,False,False
553848,0xceb5e0c99a9195da148d79693f3c6819d44d4d3d7e5be77931e174a3eebe4a85,Will the Anaheim Ducks win the 2026 NHL Stanley Cup?,0.4,0,0,False,0,,,True,False,True
553838,0x0d082a85f48a5226b1205acdb6e95ead2fe373acabcf6c471f5895f86f42a276,Will the Minnesota Wild win the 2026 NHL Stanley Cup?,0.4,0,0,False,0,,,True,False,True
553828,0xf8f63bb47b2a7c2e0c1be3cedf4075079b11c07476d76a9469065b0c4791961a,Will the Colorado Avalanche win the 2026 NHL Stanley Cup?,0.4,0,0,False,0,,,True,False,True
553829,0x89389a6b1439856a8d366234c795d72865c927a1aa3cf9d4cc04a3a400defde1,Will the Vegas Golden Knights win the 2026 NHL Stanley Cup?,0.4,0,0,False,0,,,True,False,True
579379,0x8d6dad52bdc7f34ae33fd466b00308116110b724f0a203c5d4723faa94a96c55,Will Jonathan David be the top goal scorer in the 2025-26 Serie A season?,0.15,0,0,False,0,,,False,False,False
558944,0x7876851632c295043c66536150a304cb785abdf712ba8489d298c6e6926be106,Will Uruguay win the 2026 FIFA World Cup?,0.15,0,0,False,0,,,False,False,False
578438,0x6a60356148d442609532735e5f7e169ee7d5a080bf78744456fd7bd1fd46e1f5,Will Lassine Sinayoko be the top goal scorer in the 2025-26 Ligue 1 season?,0.15,0,0,False,0,,,False,False,False
577220,0x82bd65f09e2428042a5ac204f60f34e1b40f7a4a2d008fc0b92afd0aca450607,Will Alexander Sorloth be the top goal scorer in the 2025–26 La Liga season?,0.15,0,0,False,0,,,False,False,False
578437,0xc3fdf0dda9a747a3996a64ff85e6a9ea77af184c5c8abaf2aa725883490ad88d,Will Sambou Soumano be the top goal scorer in the 2025-26 Ligue 1 season?,0.15,0,0,False,0,,,False,False,False
577219,0x34629a8e04da66f61bad2b4de18d370ca551faf79f810e04e403b841163f0e47,Will Robert Lewandowski be the top goal scorer in the 2025–26 La Liga season?,0.15,0,0,False,0,,,False,False,False
578409,0xbdc71466aec5874beb0998b5937c1645f92b45c381c41d9b886ee440391c674b,Will Mason Greenwood be the top goal scorer in the 2025-26 Ligue 1 season?,0.15,0,0,False,0,,,False,False,False
569454,0xab6fb278f753c6c10479d71429d3ef53ed213ddd208b9f4381cecd8db393974c,Will any presidential candidate win outright in the first round of the Colombia's election?,0.15,0,0,False,0,,,False,False,False
597964,0xda5c517dd5b78c80dec8ceb08ca4f466317633487827d7290332b4851cc4a4fa,"Macron out by June 30, 2026?",0.15,0,0,False,0,,,False,False,False
569367,0x0622b01925e56a091f248c42fb194d3b86d58165f6647d6bcb7afc6fb4638531,Will Mauricio Cardenas win the 2026 Colombian presidential election?,0.15,0,0,False,0,,,False,False,False
564198,0x14dbdb6274de6bcc65ce2b628c6636ff210fd452d095b0f14fdb1d376b31cecf,Will the Detroit Pistons win the NBA Eastern Conference Finals?,0.15,0,0,False,0,,,False,False,False
569336,0xa67adf5ccd4fe39cf878102bc8407c77010e2fae22bd05cedf492892a33db656,Will Juan Daniel Oviedo win the 1st round of the 2026 Colombian presidential election?,0.15,0,0,False,0,,,False,False,False
569347,0x56d3614b2a31f92909d6c8d9674b8a4b642ed8a84e54f44023327cb31c30a6fc,Will Juan Carlos Pinzón win the 1st round of the 2026 Colombian presidential election?,0.15,0,0,False,0,,,False,False,False
578428,0xdfb3273e5cc35f541a84c33d0281af60f81b4342fb6912fcbe2ae61f843456e1,Will Jean Philippe Krasso be the top goal scorer in the 2025-26 Ligue 1 season?,0.15,0,0,False,0,,,False,False,False
577176,0xec222c4c9935b37c2c563f34eb66715fb01f88a3a399830e83e4221153adfe6a,Will Bukayo Saka be the top goal scorer in the 2025–26 English Premier League season?,0.15,0,0,False,0,,,False,False,False
579383,0x8e44b959278bec5e8c11d17a127a1508840907784d82e526ec0771352496f449,Will Santiago Gimenez be the top goal scorer in the 2025-26 Serie A season?,0.15,0,0,False,0,,,False,False,False
579384,0x8b27ec8fb2a9a4f0839a78a0ca3440421efc00647b0769df8d0810f32cd298fa,Will Artem Dovbyk be the top goal scorer in the 2025-26 Serie A season?,0.15,0,0,False,0,,,False,False,False
577290,0x812210ddb6555e27507d9400297225a3f1d60981de7cb66d6c25ad29dfb38d04,Will Ermedin Demirovic be the top goal scorer in the 2025–26 Bundesliga season?,0.15,0,0,False,0,,,False,False,False
577167,0x3bda95c399f34f112afeef82233601d2c7b39b732492868d4dd9fb8c06f44c4a,Will Benjamin Sesko be the top goal scorer in the 2025–26 English Premier League season?,0.15,0,0,False,0,,,False,False,False
577171,0x71eb9d9a28332fd88fd5a6fbf5b2e6bb771c195a23f2c94eca1f0e89f1ef16c2,Will Omar Marmoush be the top goal scorer in the 2025–26 English Premier League season?,0.15,0,0,False,0,,,False,False,False
577172,0x50fa9155b39b1f6d3041ad01296611ff7fcd7e06accc6dba1ea4458f95e6e637,Will Jean-Philippe Mateta be the top goal scorer in the 2025–26 English Premier League season?,0.15,0,0,False,0,,,False,False,False
562188,0x8de68dfbcfa9e9b6472bceec9aea2f252038cc12df9838b1f0016c02ec94b6d7,Will Dawn Buckingham win the 2026 Texas Republican Primary?,0.15,0,0,False,0,,,False,False,False
564161,0xf2fb4784ceb4d41ce23703da426700f710320ec5b711b6e3784bdaac24d94c23,Will Nikola Jokic win the 2025–2026 NBA MVP?,0.15,0,0,False,0,,,False,False,False
578442,0xbeefc87a03b502feacd2953323b2d8b6de21c275c72a908d51d6357865c18ea6,Will Santiago Hidalgo be the top goal scorer in the 2025-26 Ligue 1 season?,0.15,0,0,False,0,,,False,False,False
578440,0x36aa8f48a2370ac8658d027730590351e6a41f69b1f8a2a09f400605dd9a61d7,Will Gauthier Hein be the top goal scorer in the 2025-26 Ligue 1 season?,0.15,0,0,False,0,,,False,False,False
578431,0x920eeff071f71971a51ad04d21067d8f9cbbda494601961d26d4413e599a67f4,Will Igor Paixao be the top goal scorer in the 2025-26 Ligue 1 season?,0.15,0,0,False,0,,,False,False,False
577248,0x813140d27e876be7b8b57a9f5932f560426e5dd02370e1a6d815ce416d3c1a1e,Will Roberto Fernandez be the top goal scorer in the 2025–26 La Liga season?,0.15,0,0,False,0,,,False,False,False
577246,0xaefc28d462f0824bbb9c694d3511beaaf8b21af8eba30d8e524ed05d0431e712,Will Antoine Griezmann be the top goal scorer in the 2025–26 La Liga season?,0.15,0,0,False,0,,,False,False,False
577223,0xad8e9885ec2473d0ba49c38449dfd4d18ad7c0f7a14625a24865857e18a94850,Will Julian Alvarez be the top goal scorer in the 2025–26 La Liga season?,0.15,0,0,False,0,,,False,False,False
569335,0x3baca5b0070978e7518ec4fbaf7ac79e30eb8adc48534e0004780fca2a59a2f2,Will David Luna Sánchez win the 1st round of the 2026 Colombian presidential election?,0.15,0,0,False,0,,,False,False,False
569359,0xf63b20e72086547c789e93d744f811c20d9c0b14be0501599cd4c1c5853c9bd5,Will David Luna Sánchez win the 2026 Colombian presidential election?,0.15,0,0,False,0,,,False,False,False
573655,0xa0f4c4924ea1a8b410b4ce821c2a9955fad21a1b19bdcfde90816732278b3dd5,"Will Bitcoin hit $150k by June 30, 2026?",0.15,0,0,False,0,,,False,False,False
578398,0xa0224dd1786eab161adafee1168cb48cc9ecbf80e938b74d7ae2ab1d097485a7,Will Cremonese be relegated from Serie A after the 2025-26 season?,0.15,0,0,False,0,,,False,False,False
577240,0xeb60a53b5ca38150c07cc30ef0f5570b292f3e43722512cc55d0cff666ac1077,Will Iago Aspas be the top goal scorer in the 2025–26 La Liga season?,0.15,0,0,False,0,,,False,False,False
577227,0x6a6c33f325ff0074fb8e5c03bd6791d9d773a2473388ca79aa2066bcc96202c8,Will Lamine Yamal be the top goal scorer in the 2025–26 La Liga season?,0.15,0,0,False,0,,,False,False,False
577218,0xa449cd8346b6deda561828355ae92b88bd47d989859d2d287ce7e42a42b556c7,Will Kylian Mbappe be the top goal scorer in the 2025–26 La Liga season?,0.15,0,0,False,0,,,False,False,False
562187,0x781a06aa5779f97724b75ed8128aaf72c4a8955c893a6fefdc0efd7cb001c513,Will John Cornyn win the 2026 Texas Republican Primary?,0.15,0,0,False,0,,,False,False,False
582138,0x7906cde04153c8c31e52ad747596c56b0ea7ce224a07bc604ea65206fb53a2c5,Will Manchester United finish in the top 4 of the EPL 2025–26 standings?,0.15,0,0,False,0,,,False,False,False
577291,0x6a9f415ad545be1c9cf415435342c14da265aeeacef95493796e7c52f15559a6,Will Deniz Undav be the top goal scorer in the 2025–26 Bundesliga season?,0.15,0,0,False,0,,,False,False,False
577289,0xe3864657b2cdf2e5a411c7337221289921f8b3a2c0bdd27ebc25474d704a13f8,Will Karim Adeyemi be the top goal scorer in the 2025–26 Bundesliga season?,0.15,0,0,False,0,,,False,False,False
579400,0x54f493df10354cddf64976e2b9e96ee21385ab61109019e12af9388d3d6627cf,Will Rafael Leao be the top goal scorer in the 2025-26 Serie A season?,0.15,0,0,False,0,,,False,False,False
579389,0xe12d797d92721c1ca0d01764ba5a050d92be60efa44c8665a4144261295ff3d4,Will Valentin Castellanos be the top goal scorer in the 2025-26 Serie A season?,0.15,0,0,False,0,,,False,False,False
569364,0xb21bc2b511694c76f3ff6664836dd3561a916acf59b405b8f21f2ae8af7016fd,Will Juan Manuel Galán win the 2026 Colombian presidential election?,0.15,0,0,False,0,,,False,False,False
582320,0x4d3498a5457a886878e8a02d2864158b17e1cf53832f080f50db23b280203cc1,Will Rennes finish in the top 4 of the Ligue 1 2025–26 standings?,0.15,0,0,False,0,,,False,False,False
579394,0x65ab3121ad8ef428364cf471581c5266427a0a559061b7834adf60ac6e749d57,Will Kevin De Bruyne be the top goal scorer in the 2025-26 Serie A season?,0.15,0,0,False,0,,,False,False,False
576806,0xd1fccf29139e6be18e434fef88096472e89d134657b1e8e54423cf41b4d60856,Will St. Pauli be relegated from the Bundesliga after the 2025–26 season?,0.15,0,0,False,0,,,False,False,False
553866,0xb6b3d7a2037b3faa7e1306d741840d453432902d73cc9a146a035e40271eae73,Will the San Antonio Spurs win the 2026 NBA Finals?,0.15,0,0,False,0,,,False,False,False
577174,0xb8d1c3c2cbba18e247a379454e72d31129863a4dc123736926c6d991599a81b2,Will Matheus Cunha be the top goal scorer in the 2025–26 English Premier League season?,0.15,0,0,False,0,,,False,False,False
572854,0x017099b71b4754c6f7ee6e78492d138270294db1bc520d970eaab83192e12a39,Will West Ham be relegated from the English Premier League after the 2025–26 season?,0.15,0,0,False,0,,,False,False,False
577175,0x9ac58d2c51678463b45389b8d11d398a35f98bb9d99cd0a00e7994bf3d3bc106,Will Liam Delap be the top goal scorer in the 2025–26 English Premier League season?,0.15,0,0,False,0,,,False,False,False
562189,0x1a22c136f277a62d27c22521a1ec1363d2edb5c657f129e509e77958dc1846d2,Will Beth Van Duyne win the 2026 Texas Republican Primary?,0.15,0,0,False,0,,,False,False,False
569357,0xba75e6ba41372e351ed4755f183c1cdb082bd7cf6182a6d80dc445869c09de10,Will Luis Gilberto Murillo win the 2026 Colombian presidential election?,0.15,0,0,False,0,,,False,False,False
577177,0x31967ab350da8f760c547a62ce495f63f04c7402ea2bc291f7358d6aa367fdd8,Will Bryan Mbeumo be the top goal scorer in the 2025–26 English Premier League season?,0.15,0,0,False,0,,,False,False,False
579378,0xc7a4ec41e7e55d9b9c3fcbc06df32f7083196fb23e2fcfbfd9e8d927cc01b299,Will Moise Kean be the top goal scorer in the 2025-26 Serie A season?,0.15,0,0,False,0,,,False,False,False
577276,0x489bfb9597099df16b34140399d2a1517e0a89623dabe94a3fccd4b48cab8bd3,Will Harry Kane be the top goal scorer in the 2025–26 Bundesliga season?,0.15,0,0,False,0,,,False,False,False
577277,0x1c621820bae34fb023564d9b54a27b7c45ca41fdc4c6cb3aee5a6d5b6ade5e17,Will Serhou Guirassy be the top goal scorer in the 2025–26 Bundesliga season?,0.15,0,0,False,0,,,False,False,False
578421,0x20d02ec39c93d8b2c29e68a0d0cfff15a11e900a15d4848df9b148de77ef3f9e,Will Terem Moffi be the top goal scorer in the 2025-26 Ligue 1 season?,0.15,0,0,False,0,,,False,False,False
577226,0xfb1f550759909794c23b00af18fca4c280055b5f9d8486be98e3d060c33ca90c,Will Ferran Torres be the top goal scorer in the 2025–26 La Liga season?,0.15,0,0,False,0,,,False,False,False
577244,0xc8ef5adf237853872e232fc6d66b334ea04092b9623d2c2549ab5f7edd9aeab4,Will Inaki Williams be the top goal scorer in the 2025–26 La Liga season?,0.15,0,0,False,0,,,False,False,False
578436,0xc1d4d2a5f27d23c05ead772f6ba5b71a62b057db1f027211d006a5922c188dc6,Will Joaquin Panichelli be the top goal scorer in the 2025-26 Ligue 1 season?,0.15,0,0,False,0,,,False,False,False
576810,0xada74ff9c432b553ce98966d6e2c06aab0a30fcbc99ba93783ced51118f82e3e,Will Getafe be relegated from La Liga after the 2025–26 season?,0.15,0,0,False,0,,,False,False,False
569344,0xb611b3a7173f69e412b55561ed265d849e36693c248ff620d0e981c5b3f2e325,Will Abelardo de la Espriella win the 1st round of the 2026 Colombian presidential election?,0.15,0,0,False,0,,,False,False,False
564162,0x281565cae359040475640be8bc20f4efe15245fe0251805fd338fb1a3e45ffae,Will Shai Gilgeous-Alexander win the 2025–2026 NBA MVP?,0.15,0,0,False,0,,,False,False,False
569356,0x849a3e762977a9ad6b8e5f449ac7c8abb2756409a1b55759e00262e072bd81a7,Will Vicky Dávila win the 2026 Colombian presidential election?,0.15,0,0,False,0,,,False,False,False
572119,0x16d52b2db68983b9078e0299a86096725664ca7a434017922f7ea1c06b92b034,Henry Cavill announced as next James Bond?,0.15,0,0,False,0,,,False,False,False
558935,0x375409bc5eeeff961e82b479caeccc20f33d15738e5bce1186d628aa3d9dfb1f,Will England win the 2026 FIFA World Cup?,0.15,0,0,False,0,,,False,False,False
579398,0x725982c37ddaa59021493b72d51d68096c74a54ee5775488931ed0f57a5c35af,Will Paulo Dybala be the top goal scorer in the 2025-26 Serie A season?,0.15,0,0,False,0,,,False,False,False
578417,0x9465409eca4cab31afdf65f52b62ee2dee917aee80ac649a962b5b6c5c14080a,Will Pierre-Emerick Aubameyang be the top goal scorer in the 2025-26 Ligue 1 season?,0.15,0,0,False,0,,,False,False,False
576812,0xb6d6734aa01582fec53a872e6e38c3e783a5f4578f8d4bea739ccf4058e207ea,Will Alavés be relegated from La Liga after the 2025–26 season?,0.15,0,0,False,0,,,False,False,False
566187,0xcba24842ceac7a40d2a8b9adde1f4407999b6505193b9fd68156ae76fbffa706,Will Arsenal win the 2025–26 English Premier League?,0.15,0,0,False,0,,,False,False,False
577285,0x67eb32405b2ad24182b8575eb560b3b087baa20340302a079bb8138637ed1b47,Will Jamal Musiala be the top goal scorer in the 2025–26 Bundesliga season?,0.15,0,0,False,0,,,False,False,False
569348,0x0d2496544913dd1efdc093d296e366b4de344adeecc45d84cb4ab26433f335d1,Will Mauricio Cárdenas win the 1st round of the 2026 Colombian presidential election?,0.15,0,0,False,0,,,False,False,False
553857,0x6b44bd667fad6cb5b3b68d8bd1055a038c77d9176dbd51f123879797cc3368a7,Will the Cleveland Cavaliers win the 2026 NBA Finals?,0.15,0,0,False,0,,,False,False,False
558966,0x289568d555ec620ed6fa33c936c5f42649d3a2e30748a1daf7079f42453fbea4,Will Ivory Coast win the 2026 FIFA World Cup?,0.15,0,0,False,0,,,False,False,False
558968,0x7412d284c8f63791fec807f9b1f61c6fe61163621775a3dc8686cd2575272abe,Will Egypt win the 2026 FIFA World Cup?,0.15,0,0,False,0,,,False,False,False
572121,0xd7482c59ec03c0def1d1f3caef6e22aa95498a567522de7f0780f1f362ecf522,Callum Turner announced as next James Bond?,0.15,0,0,False,0,,,False,False,False
569343,0xc00920db6f5e84821a61bd31578499bbc9bd125949572b589b7a9e4b0f13bad3,Will Iván Cepeda Castro win the 1st round of the 2026 Colombian presidential election?,0.15,0,0,False,0,,,False,False,False
582177,0x8ff61811cb593a37da148a8697e00af320c929bdfddce930e58cca21e8d8f721,Will Stuttgart finish in the top 4 of the Bundesliga 2025–26 standings?,0.15,0,0,False,0,,,False,False,False
578432,0xec1254e7ce833a8d75773d42d126f62a32fa986cae4c75bc3959ba13b3233eb1,Will Esteban Lepaul be the top goal scorer in the 2025-26 Ligue 1 season?,0.15,0,0,False,0,,,False,False,False
578423,0x9e288c1ef09b73bb7fb7bf8629cd961f088c53d8e9aa88763bf2a8618f3b2932,Will Breel Embolo be the top goal scorer in the 2025-26 Ligue 1 season?,0.15,0,0,False,0,,,False,False,False
577278,0x80909e3487a955ccc8aab8b13f33d92dc8ac1159d4678ad620d7df16860221b9,Will Patrik Schick be the top goal scorer in the 2025–26 Bundesliga season?,0.15,0,0,False,0,,,False,False,False
579395,0xf269308a412340583f7f0abcfd77b45ddc2d4714d370bac7ddd7b888e5943098,Will Assane Diao be the top goal scorer in the 2025-26 Serie A season?,0.15,0,0,False,0,,,False,False,False
579391,0x7af6dcb1a2c1ce8a9818aa65cc89a8982e5108a63d208a221073803c44143b61,Will Romelu Lukaku be the top goal scorer in the 2025-26 Serie A season?,0.15,0,0,False,0,,,False,False,False
569358,0x9714c7fe6abc381277370c4287f8b2d30dffddd040565266d0274e67028b5197,Will Claudia López win the 2026 Colombian presidential election?,0.15,0,0,False,0,,,False,False,False
579392,0x86a9ead7ca5c6ce56f970e621a3d5de55297fc02ad0c8e125a05f242df6c6f38,Will Kenan Yildiz be the top goal scorer in the 2025-26 Serie A season?,0.15,0,0,False,0,,,False,False,False
577185,0x0a6e6898385eade04759a401ab28ee8fa1ced611645ca1e06eb2328411c93850,Will Mohammed Kudus be the top goal scorer in the 2025–26 English Premier League season?,0.15,0,0,False,0,,,False,False,False
577188,0x7499cb05b10df8f07a0cd31417e9f48ece68ef3bd13a8197c12487a3630d5017,Will Cody Gakpo be the top goal scorer in the 2025–26 English Premier League season?,0.15,0,0,False,0,,,False,False,False
577182,0xfc84b2b625589cc280cd7cde401696c99505639812c83bb28b0824fbb297b06f,Will Chris Wood be the top goal scorer in the 2025–26 English Premier League season?,0.15,0,0,False,0,,,False,False,False
577193,0xb9a9479df4f4bcae2e22da7197d8c40c4d497b4c2f7517788ccfa56163397ef3,Will Igor Thiago be the top goal scorer in the 2025–26 English Premier League season?,0.15,0,0,False,0,,,False,False,False
577166,0x98fa184a1a88bad52827716102f6a24a9f0c8b1af5db07bd620eb8dfa55ee28c,Will Cole Palmer be the top goal scorer in the 2025–26 English Premier League season?,0.15,0,0,False,0,,,False,False,False
577164,0x06c4ac6a22e3c924d72a461148ebb4240ebb55e8ddeb962a7059927b985fc08f,Will Joao Pedro be the top goal scorer in the 2025–26 English Premier League season?,0.15,0,0,False,0,,,False,False,False
578433,0xcae24bac09366e7a77449f15767baf5b7bf42a638261965137afd43159528eec,Will Cheikh Sabaly be the top goal scorer in the 2025-26 Ligue 1 season?,0.15,0,0,False,0,,,False,False,False
577242,0xc901b7ee5f6776feee0bc75349ddf15b3f1473c42e9c23fbd2c286129db2314b,Will Cyle Larin be the top goal scorer in the 2025–26 La Liga season?,0.15,0,0,False,0,,,False,False,False
577237,0x1dcc183b4cca17ebd95af1b94209ce345233d13a8157c1b1761b6d82722614aa,Will Javi Puado be the top goal scorer in the 2025–26 La Liga season?,0.15,0,0,False,0,,,False,False,False
569345,0xeae8d09170bc56ee8ba9676b4a2f6d1a45c69084172ee7cc8a022197c2db191a,Will Roy Barreras win the 1st round of the 2026 Colombian presidential election?,0.15,0,0,False,0,,,False,False,False
569340,0x6b98b6acf1dbf405c189176529f77ff5356b2dc9c2a5f15012c0e2df3f561d2b,Will Juan Manuel Galán win the 1st round of the 2026 Colombian presidential election?,0.15,0,0,False,0,,,False,False,False
569334,0x33b9298257eac39553c008b882ac333d2538bd493689d6710d3986d890580033,Will Claudia López win the 1st round of the 2026 Colombian presidential election?,0.15,0,0,False,0,,,False,False,False
564210,0x4cf389adc069a4d713e1ddb6348c96afd6df78e6bf676c7dce1780135186d90e,Will the Oklahoma City Thunder win the NBA Western Conference Finals?,0.15,0,0,False,0,,,False,False,False
569366,0xfbe85201ab2b4acff01cd5a3639039fc813d3448c64db081f70926bd9b9e74e9,Will Abelardo de la Espriella  win the 2026 Colombian presidential election?,0.15,0,0,False,0,,,False,False,False
572111,0xde15533da479594354a3f1a27b53a90ac1812da4d91fba29fe65aa53f3fdc504,James Norton announced as next James Bond?,0.15,0,0,False,0,,,False,False,False
558975,0xfe230d510eaf545198c0d62bb17871e5fe8989f1b19aa54c0c062b858360987c,Will Austria win the 2026 FIFA World Cup?,0.15,0,0,False,0,,,False,False,False
578416,0x44104b483b485dfc029a25b221fe5af51dceac658a31861be5ea3b0dae5a7017,Will Arnaud Kalimuendo be the top goal scorer in the 2025-26 Ligue 1 season?,0.15,0,0,False,0,,,False,False,False
578415,0xf056a19c41c6b234963e2af95777f8d4e680f29c0a539dab4e205125e75c78da,Will Georges Mikautadze be the top goal scorer in the 2025-26 Ligue 1 season?,0.15,0,0,False,0,,,False,False,False
578403,0xe39845e9efee80761e2e9e89d579f8b943a29233153f3ed148f8d84637bea6b7,Will Cagliari be relegated from Serie A after the 2025-26 season?,0.15,0,0,False,0,,,False,False,False
578435,0xdf4e5a2bbb9ebb235eb3c35717be36ed8064bf13b614afd2d8c53d06c672e83b,Will Wesley Said be the top goal scorer in the 2025-26 Ligue 1 season?,0.15,0,0,False,0,,,False,False,False
577247,0x5882bfbb3333c4425fe5f17d7177d0155935ab218532e30abb3ebc29e09b0d15,Will Jude Bellingham be the top goal scorer in the 2025–26 La Liga season?,0.15,0,0,False,0,,,False,False,False
558969,0x5a59d269c2b5108cd2f64c624e46ee2c8b5cfd88b882582565f927918315b6aa,Will Algeria win the 2026 FIFA World Cup?,0.15,0,0,False,0,,,False,False,False
553863,0x796e791e7058571e460278814fc7a3183752285338f1400087b98bef3c447908,Will the Los Angeles Lakers win the 2026 NBA Finals?,0.15,0,0,False,0,,,False,False,False
578419,0xb9d4b5845c1385374145b8e5aad2268705a959c4b01b17ba5f68387deb2a9cbf,Will Olivier Giroud be the top goal scorer in the 2025-26 Ligue 1 season?,0.15,0,0,False,0,,,False,False,False
578413,0x040608c9aa5ec374b663d3239c5379bb81a192054af81fbeb87aa4d8f4cf9cb8,Will Desire Doue be the top goal scorer in the 2025-26 Ligue 1 season?,0.15,0,0,False,0,,,False,False,False
576814,0xee0bbdc0819d856ba914eddfb13c0820aae36ac023209e5ac91789202426a6a9,Will Valencia be relegated from La Liga after the 2025–26 season?,0.15,0,0,False,0,,,False,False,False
578422,0x4d310fef49898a810cb4a3e0529ed1f38a4a8ee1b823c269414dd53369caf347,Will Ludovic Ajorque be the top goal scorer in the 2025-26 Ligue 1 season?,0.15,0,0,False,0,,,False,False,False
579399,0xb3a815b23c932f5f89b42d6c4a4407e5de176bc413c8ac30a05b7b40b615bb56,Will Francesco Camarda be the top goal scorer in the 2025-26 Serie A season?,0.15,0,0,False,0,,,False,False,False
578420,0xbd604932da0243ae9ad2ed783eff309f91b02b39e0e9abb4769854b5dcbdf41d,Will Emanuel Emegha be the top goal scorer in the 2025-26 Ligue 1 season?,0.15,0,0,False,0,,,False,False,False
577238,0xbba1c02a186676782fae38b63af5333da443c8a16d86274ba1b045324ec989c7,Will Dani Olmo be the top goal scorer in the 2025–26 La Liga season?,0.15,0,0,False,0,,,False,False,False
579386,0x8ba6d9effe52c68e848f9464d58b438ad0d61dd8a24fef577eb7db981cfc8d7b,Will Evan Ferguson be the top goal scorer in the 2025-26 Serie A season?,0.15,0,0,False,0,,,False,False,False
579387,0xa69e31a8af960e3917a37b525baf7710146a63ba0c4eea99606e5ba205cc28e1,Will Lorenzo Lucca be the top goal scorer in the 2025-26 Serie A season?,0.15,0,0,False,0,,,False,False,False
572123,0x2d116412f432cdb566c6eb4f0f35cf36c9842998085e13a5a0a2a6c01907b837,Theo James announced as next James Bond?,0.15,0,0,False,0,,,False,False,False
579385,0x185c89be77581bd93513ba86350e325dddfc002a47a8e52351b507de0c309e61,Will Ciro Immobile be the top goal scorer in the 2025-26 Serie A season?,0.15,0,0,False,0,,,False,False,False
577180,0x388b017fa66c293566816b3f6253af6800ca69d6ab740ef019e5a69feacacf70,Will Charalambos Kostoulas be the top goal scorer in the 2025–26 English Premier League season?,0.15,0,0,False,0,,,False,False,False
572733,0xff0aaaffdac37c3425e1fa5a901f946bd386892091278d1e8bc75450d65a46ac,Will Arsenal finish in 2nd place in the 2025-26 English Premier League?,0.15,0,0,False,0,,,False,False,False
577173,0xdf590f804dd23faba824aed591abfa3fff55392ab8c89ed0013077a07972d826,Will Yoane Wissa be the top goal scorer in the 2025–26 English Premier League season?,0.15,0,0,False,0,,,False,False,False
577241,0xff54852cf4cb9c3568f795b983bc494d2e13d3f9cad41ba872a4ffd3ccb2101e,Will Cristhian Stuani be the top goal scorer in the 2025–26 La Liga season?,0.15,0,0,False,0,,,False,False,False
577229,0x00787f50b9466db23a1899abc108b5609a77cbaa159c1b35822f45e9c14a940b,Will Broja Iglesias be the top goal scorer in the 2025–26 La Liga season?,0.15,0,0,False,0,,,False,False,False
578425,0x77bbd9856ff8cd045ac20987ccc6e0de2d381caf1296d31bbbe43e59005d3ee3,Will Folarin Balogun be the top goal scorer in the 2025-26 Ligue 1 season?,0.15,0,0,False,0,,,False,False,False
577233,0x936a5e78fd5963c717e49661a593fa3353241f6fb3c69b6615e9041e6b6f0973,Will Ayoze Perez be the top goal scorer in the 2025–26 La Liga season?,0.15,0,0,False,0,,,False,False,False
569332,0x7c795144bf0351e82c85f844de81f29f482aaefc3b544eddeb8b7932887649e4,Will Vicky Dávila win the 1st round of the 2026 Colombian presidential election?,0.15,0,0,False,0,,,False,False,False
578157,0xe82058477cc3af4be561d02ef984ebfa8581f56b07d1ed037829074cf1a0cd57,Will any 2026 FIFA World Cup game scheduled in the U.S. be relocated abroad?,0.15,0,0,False,0,,,False,False,False
564213,0x87c696852b80f378ae877a928f2cc62c0ea1a68f0a398ca58d9cdfe853d2d521,Will the Los Angeles Lakers win the NBA Western Conference Finals?,0.15,0,0,False,0,,,False,False,False
569371,0xd8f77503edba0515f30d6c97da303e6d95f290ba52042d3553da5012df1c9fcb,Will Enrique Peñalosa win the 2026 Colombian presidential election?,0.15,0,0,False,0,,,False,False,False
569363,0x358a4c706ce29a1847d26244857c6272e5359a17aad079f5672c8fb40d50d66c,Will Sergio Fajardo win the 2026 Colombian presidential election?,0.15,0,0,False,0,,,False,False,False
572115,0x157b4aebf3ff1f45ca5d41bdffb66c3a888a0ceaec9f7a7167e08cf2138130cc,Harris Dickinson announced as next James Bond?,0.15,0,0,False,0,,,False,False,False
553856,0x22e7b5e35423e76842dd3a5e1a21d13793811080d5e7b2896d0c001bd5e97d54,Will the Oklahoma City Thunder win the 2026 NBA Finals?,0.15,0,0,False,0,,,False,False,False
564166,0x73f7620da1d4a2ec2283ad55d72f5ff4666e8732ec04458f88dff6773d6be2c6,Will Victor Wembanyama win the 2025–2026 NBA MVP?,0.15,0,0,False,0,,,False,False,False
566136,0x6e9f90a6f471b52d03499a81586ca478519474eb152f1327c8c767f020d62529,Will PSG win the 2025–26 Champions League?,0.15,0,0,False,0,,,False,False,False
582317,0x181cd910ae5d47f9a39f85d4f06aeb99fa03b08aedb02470cca889684b06e0c3,Will Lyon finish in the top 4 of the Ligue 1 2025–26 standings?,0.15,0,0,False,0,,,False,False,False
576811,0xfe239a1e3ea08839af257fe778718cc0ae3552fe0b5e9031695b0250f95db008,Will Osasuna be relegated from La Liga after the 2025–26 season?,0.15,0,0,False,0,,,False,False,False
577232,0xcdc395263072e4727246bd28d628c79de9ef6024b9c78ae6d230fb542300d783,Will Hugo Duro be the top goal scorer in the 2025–26 La Liga season?,0.15,0,0,False,0,,,False,False,False
578410,0x889c8242fcd9916e7f3289f965062f8735f11276086fc64b17ed1217d1c0a1fc,Will Khvicha Kvaratskhelia be the top goal scorer in the 2025-26 Ligue 1 season?,0.15,0,0,False,0,,,False,False,False
576813,0xbaaafe7b793b5459fc3f27d6c490572ebaf32d3b370e9d785dbba3cd468bdf52,Will Oviedo be relegated from La Liga after the 2025–26 season?,0.15,0,0,False,0,,,False,False,False
577286,0x7e2664fd56bdb98dfe10fc702d40c7bb34bbd173b4e1a4ace956e8bee3a15ed3,Will Maximilian Beier be the top goal scorer in the 2025–26 Bundesliga season?,0.15,0,0,False,0,,,False,False,False
578401,0x1f27bc2e8ba7d49c159a30d8b5acbf262e37b7bfce49faaa83d97e1230ff85b2,Will Lecce be relegated from Serie A after the 2025-26 season?,0.15,0,0,False,0,,,False,False,False
577279,0x0d9cd522b589469a0ff19c75d5bbc716b6ed5e0d2613de17222467f25e585f33,Will Michael Olise be the top goal scorer in the 2025–26 Bundesliga season?,0.15,0,0,False,0,,,False,False,False
579357,0xa8e2f123b6001c0f63d2bafa4f654acd1500a413b2e12110686b90c393c49da0,Will Napoli finish in the top 4 in the 2025-26 Serie A season?,0.15,0,0,False,0,,,False,False,False
577221,0xe84c744708601de931a3934348a03daacbee47d7544833fbfaee03cebf2ce671,Will Raphinha be the top goal scorer in the 2025–26 La Liga season?,0.15,0,0,False,0,,,False,False,False
577243,0x4fc188ab7b8337089312087777af8a703757466dda919e1de85e148394c40090,Will Abel Ruiz be the top goal scorer in the 2025–26 La Liga season?,0.15,0,0,False,0,,,False,False,False
572772,0x3416aba5dafcf7755acb879cbf776188ff595d49fbb525805f93072679836480,Will Aston Villa finish in 3rd place in the 2025-26 English Premier League?,0.15,0,0,False,0,,,False,False,False
577160,0xd175d5454046b2a54c76de7ea2f91f3f179ee2460159ea70139c75c1092ab181,Will Erling Haaland be the top goal scorer in the 2025–26 English Premier League season?,0.15,0,0,False,0,,,False,False,False
582134,0x11a8cc3ed975d554331e153d3dd2b8fab52b3ecab40f9f1064683b32de4fad47,Will Liverpool finish in the top 4 of the EPL 2025–26 standings?,0.15,0,0,False,0,,,False,False,False
577187,0x9f06027c84bac904fd6566b1a2155b457828d0e7676664aa454991ff8d77449e,Will Brennan Johnson be the top goal scorer in the 2025–26 English Premier League season?,0.15,0,0,False,0,,,False,False,False
579390,0x24debb61da3f123efc67af2a72ea22ef941c68d6af197c65d0bc6c613bc0f527,Will Riccardo Orsolini be the top goal scorer in the 2025-26 Serie A season?,0.15,0,0,False,0,,,False,False,False
579402,0x4ab23019e9b71980424384a7a7cdb3d7a5d63b811880b08946372ca2a566c79c,Will Santiago Castro be the top goal scorer in the 2025-26 Serie A season?,0.15,0,0,False,0,,,False,False,False
578414,0x93379967e873fa8a756b71142072a7b54e40bf896dc4fdb97b6acca05f48f18d,Will Mika Biereth be the top goal scorer in the 2025-26 Ligue 1 season?,0.15,0,0,False,0,,,False,False,False
576815,0x42ac3eb50ff077cdd7a7483795f2b9ff1eb5132ab07ae2d7b8dd06482a4ace3f,Will Sevilla be relegated from La Liga after the 2025–26 season?,0.15,0,0,False,0,,,False,False,False
577239,0x208c0100d3c9b2e1cfe6acd453a461a2db052ea6de69345e20ba97bd80b24a32,Will Daniel Raba be the top goal scorer in the 2025–26 La Liga season?,0.15,0,0,False,0,,,False,False,False
564194,0x85f3e001ffe2a24f985b939460d0cc22041d47107ed8c681f75abb6a5bd1d1d7,Will the Cleveland Cavaliers win the NBA Eastern Conference Finals?,0.15,0,0,False,0,,,False,False,False
569360,0xe59f59145045f82f8408f1fc5041d33c2c2b1de8ffaf7a4c450c638f5b038079,Will Juan Daniel Oviedo win the 2026 Colombian presidential election?,0.15,0,0,False,0,,,False,False,False
572124,0xbaf1fe074410506bcd871ee43a6ea0230686b3a0b59eb93d014631fd4214decf,James Collier announced as next James Bond?,0.15,0,0,False,0,,,False,False,False
572117,0x8128163cd9ddf1549bf3d73fe3276857273a768366e4c13d7a6f80e3cb814e2d,Pierce Brosnan announced as next James Bond?,0.15,0,0,False,0,,,False,False,False
597967,0xbee2cd40473495f713c69b9dfbce9fc2837fa4011568222c83c83bb773e35053,"Starmer out by June 30, 2026?",0.15,0,0,False,0,,,False,False,False
558971,0x4fe305a2ae995a52ff278895344895fe587b4fec3d5f04347b4dbf5e99bce99c,Will Qatar win the 2026 FIFA World Cup?,0.15,0,0,False,0,,,False,False,False
579388,0xcb68aa46ed02b4f574284359a2e4dbf740bc709ddaee502aeafa7f08893e780a,Will Gianluca Scamacca be the top goal scorer in the 2025-26 Serie A season?,0.15,0,0,False,0,,,False,False,False
579382,0xc8dc4518e3e88aaa4d3854d547e9a703760cd0992fe4596e05b068a34f17dea8,Will Dusan Vlahovic be the top goal scorer in the 2025-26 Serie A season?,0.15,0,0,False,0,,,False,False,False
578530,0xe7963b4fb6cf046dc79ad1a044a9fa4a028c479ad13300559d3811ff1b5e761d,Will Freiburg win the 2025-26 UEFA Europa League?,0.15,0,0,False,0,,,False,False,False
577192,0x0e00597946d70fe57f7d8f173d2b2deb219f3db373029e8caa5c6d0ebb48de20,Will Antoine Semenyo be the top goal scorer in the 2025–26 English Premier League season?,0.15,0,0,False,0,,,False,False,False
566188,0xfb1835b887c33862f5749c619e612d1244ab6e66115f0ef43d373485dc3a1573,Will Manchester City win the 2025–26 English Premier League?,0.15,0,0,False,0,,,False,False,False
572125,0xd32bf453f9f034a5d30cebd29355a49fdf7b083a722b6c218409f4c4bb694a07, Josh O'Connor announced as next James Bond?,0.15,0,0,False,0,,,False,False,False
582184,0x1bde71ad84a6ff83821156582e2367d4eab7b3d8e22f21cb65c61f2aaced93d5,Will Hoffenheim finish in the top 4 of the Bundesliga 2025–26 standings?,0.15,0,0,False,0,,,False,False,False
579396,0xe7ce4f0b430d3a1d8bc38141c1ac325c608f7e4c5d9ad70d59801fc20715b757,Will Mehdi Taremi be the top goal scorer in the 2025-26 Serie A season?,0.15,0,0,False,0,,,False,False,False
577183,0x4e397280306caef347fb1d7331440558273d102a4c71053f66a316a070efba45,Will Morgan Rogers be the top goal scorer in the 2025–26 English Premier League season?,0.15,0,0,False,0,,,False,False,False
572114,0x4e7734d08c3a532cf0b9c67cfba476f4910bddedf15c5d613d1ef94d1f15e533,Jacob Elordi announced as next James Bond?,0.15,0,0,False,0,,,False,False,False
577161,0x0b4d4807d9ada3da32f66bd906f7c79b931e836338ea9127840a22357dc80d6b,Will Mohamed Salah be the top goal scorer in the 2025–26 English Premier League season?,0.15,0,0,False,0,,,False,False,False
577179,0x180cad29950aab8a08730c47e904416559aad814321d73854151be137756ad23,Will Evanilson be the top goal scorer in the 2025–26 English Premier League season?,0.15,0,0,False,0,,,False,False,False
572770,0x8fb5eeaca92f58e06aca46463213069e1716748e69b94589ebe954ac4f15c061,Will Manchester United finish in 3rd place in the 2025-26 English Premier League?,0.15,0,0,False,0,,,False,False,False
572734,0x1473edf1844dbc6fde0a96258eabe127c87c5097cad9fd3cc3e69835e3818137,Will Manchester City finish in 2nd place in the 2025-26 English Premier League?,0.15,0,0,False,0,,,False,False,False
578527,0x93709d7acb31d264541c3447e38c1772ea113f096423cf24279eebd44856c9b9,Will Aston Villa win the 2025-26 UEFA Europa League?,0.15,0,0,False,0,,,False,False,False
558985,0x106ccc4508432a065a67394837d4c2c529a8d77ed69fa3ba90b81eedf5236598,Will Turkiye win the 2026 FIFA World Cup?,0.15,0,0,False,0,,,False,False,False
572834,0x1c9d92ea554458840d40ccd780c98e369b6a144d27245110896f79a8f9fe7d1c,Will Burnley finish in last place in the 2025-26 English Premier League?,0.15,0,0,False,0,,,False,False,False
572847,0xcf4e906f66624d33c81e310072d26528209ce544fe641fd2835607c0f1c63417,Will Tottenham be relegated from the English Premier League after the 2025–26 season?,0.15,0,0,False,0,,,False,False,False
582174,0xf0b9e05dab54864fc496d3cb28a9694f125c21ac6a4d44a97cf02058310523b0,Will Leverkusen finish in the top 4 of the Bundesliga 2025–26 standings?,0.15,0,0,False,0,,,False,False,False
579397,0xe92a8e019546ef8afec1df5c31af4be091877e6894246a71b853ee852f8d1cb9,Will Edin Dzeko be the top goal scorer in the 2025-26 Serie A season?,0.15,0,0,False,0,,,False,False,False
577282,0xf3962aae4f208e8c819166ae325ae23c09568ecbb700a100f9d6ccc74d736c33,Will Luis Diaz be the top goal scorer in the 2025–26 Bundesliga season?,0.15,0,0,False,0,,,False,False,False
578434,0x64356bc75fb4a4f4daa5b72aab4fc903a606ba115e4ff7adac0ecbb5a08c343d,Will Frank Magri be the top goal scorer in the 2025-26 Ligue 1 season?,0.15,0,0,False,0,,,False,False,False
578412,0xa5d407e54951ee1d3f8c83fda81f641b958de31f1a8f1baee11aad5f0b415094,Will Bradley Barcola be the top goal scorer in the 2025-26 Ligue 1 season?,0.15,0,0,False,0,,,False,False,False
578443,0xc749d613773b01dcac43d2b5948a59f25c7a33f85452c76f099bfb7c383f0813,Will Martin Satriano be the top goal scorer in the 2025-26 Ligue 1 season?,0.15,0,0,False,0,,,False,False,False
582158,0xccb49e0802c9ada89016c5f6f9933847455b736228812d0707a88e014804a630,Will Betis finish in the top 4 of the La Liga 2025–26 standings?,0.15,0,0,False,0,,,False,False,False
577234,0xe819c3fd02eec251efec7d90a1801554ec14fef336932c7342b333d4ae64d0a8,Will Vedat Muriqi be the top goal scorer in the 2025–26 La Liga season?,0.15,0,0,False,0,,,False,False,False
578426,0x0ae3b711b593c62c3c59941be53622c1b8cb92d95123eb7e43ec108a10542b9a,Will Matthis Abline be the top goal scorer in the 2025-26 Ligue 1 season?,0.15,0,0,False,0,,,False,False,False
577225,0xa8524b512abdab06087228a6a567e74d174e934c7663fc90a7d1327eb2c788d9,Will Oihan Sancet be the top goal scorer in the 2025–26 La Liga season?,0.15,0,0,False,0,,,False,False,False
569346,0x7ce21332ecca3948da5ecf5e626b16938ba1487ce07d1579d869f25045002200,Will Daniel Quintero win the 1st round of the 2026 Colombian presidential election?,0.15,0,0,False,0,,,False,False,False
569373,0xd6591e966aebf061547ef34cdf3494ed318969887c8b7fb53f10ed5d5461a547,Will Paloma Valencia win the 2026 Colombian presidential election?,0.15,0,0,False,0,,,False,False,False
553851,0xbefea6668e49e328db4d5c792bc15cea309bbc06101dfd6ced1e0556ad3ea301,Will the Buffalo Sabres win the 2026 NHL Stanley Cup?,0.15,0,0,False,0,,,False,False,False
558936,0x9b6fef249040fd17e9c107955b37ac2c3e923509b6b0ff01cc463a331ddeb894,Will France win the 2026 FIFA World Cup?,0.15,0,0,False,0,,,False,False,False
577184,0xb498db5296d2aaa4d26db3c6b6dc3a80c5924a9ea83b6b4f2f18c6f12726d747,Will Thierno Barry be the top goal scorer in the 2025–26 English Premier League season?,0.15,0,0,False,0,,,False,False,False
577293,0x7d06087c987916fcdd813c298ea61fe8154fbe186872cf416bad99c2abe1e28b,Will Andrej Kramaric be the top goal scorer in the 2025–26 Bundesliga season?,0.15,0,0,False,0,,,False,False,False
579361,0xc08d2c4adafae24cb956c6baee9c0ed5ebb2d95656ad51aa61ba4e54878758cf,Will Roma finish in the top 4 in the 2025-26 Serie A season?,0.15,0,0,False,0,,,False,False,False
578441,0x07fb9c050ac9abc1bcfd891b9048a64d2046cfc0c55840ad3332b33e440b4061,Will Moses Simon be the top goal scorer in the 2025-26 Ligue 1 season?,0.15,0,0,False,0,,,False,False,False
553859,0x649ad05a2868343271fe82ea692031d567ca1af652e3529788933157e94aa088,Will the Minnesota Timberwolves win the 2026 NBA Finals?,0.15,0,0,False,0,,,False,False,False
572118,0xb9e518a563d955037698fec22b03bca649aeb4423fc0999c6862b805e23a1ec9,Tom Holland announced as next James Bond?,0.15,0,0,False,0,,,False,False,False
564214,0x7f22fff06f0357be1c5641ffb7a7d7214858973da12866f573bee01dd36f351b,Will the Minnesota Timberwolves win the NBA Western Conference Finals?,0.15,0,0,False,0,,,False,False,False
569338,0x49ed66968bfb4058a43bcf7bc664cb879e93a3e51bd10d844e3f8662febe9fd4,Will Gustavo Bolívar win the 1st round of the 2026 Colombian presidential election?,0.15,0,0,False,0,,,False,False,False
558939,0x1595b4818eeb1ea1e0bec5de6f057218e557feee9b405a0e930d290384fa1d16,Will Germany win the 2026 FIFA World Cup?,0.15,0,0,False,0,,,False,False,False
598936,0x1ec6f87bc7d6d0976bbaee5883577bc51be4ba5ef7c0127ccd96e9d64136df40,"Will the next UK election be called by June 30, 2026?",0.15,0,0,False,0,,,False,False,False
569333,0xa5b21a5fba9c9da91f62cedca9d28747816a514050140708a2300cdecef87f78,Will Luis Gilberto Murillo win the 1st round of the 2026 Colombian presidential election?,0.15,0,0,False,0,,,False,False,False
569349,0x5037195eafd98f9d50ef8d5700abcaaa7351cc53bfdb1df23fd28fd35eb94e9b,Will Enrique Peñalosa win the 1st round of the 2026 Colombian presidential election?,0.15,0,0,False,0,,,False,False,False
582155,0xa38d137a148c4b1ec0e5a5bce42e130391bcc8086f93b4a42fb93870456fc720,Will Atletico Madrid finish in the top 4 of the La Liga 2025–26 standings?,0.15,0,0,False,0,,,False,False,False
572116,0x95916211e91a408a5a160b03bfe837277bf3e269f65c2f8ecba3370a392c72a3,Tom Hardy announced as next James Bond?,0.15,0,0,False,0,,,False,False,False
577296,0x23e13d00bf97cf1f66a9cc9c73b0d9122ffdcaa00391dcbcf7c194920d2c637a,Will Yussuf Poulsen be the top goal scorer in the 2025–26 Bundesliga season?,0.15,0,0,False,0,,,False,False,False
577168,0xb3f0b0a92040f41a6aca44e3f909e0236c2687ad29ca77cfd3710c83071b74c9,Will Ollie Watkins be the top goal scorer in the 2025–26 English Premier League season?,0.15,0,0,False,0,,,False,False,False
577165,0x0efaf81024bc4cefd1c35a5b53ebe9f441fa1b7774c1d086374fc5dcc35be042,Will Hugo Ekitike be the top goal scorer in the 2025–26 English Premier League season?,0.15,0,0,False,0,,,False,False,False
577169,0x586628fe04202ef38a5a82a52d66bdc6aae569e848df204f712a8decfe39ca27,Will Richarlison be the top goal scorer in the 2025–26 English Premier League season?,0.15,0,0,False,0,,,False,False,False
569372,0x109985b203700a3201125daee47e511f6de4ff2cf138d66a3f2adb557c36c0eb,Will Juan Carlos Pinzón win the 2026 Colombian presidential election?,0.15,0,0,False,0,,,False,False,False
577294,0x720db82e6ae3132de241c4190b7f72585d5fc2f1364519e814d51f3ec29bf8c6,Will Jonas Wind be the top goal scorer in the 2025–26 Bundesliga season?,0.15,0,0,False,0,,,False,False,False
579393,0x5e8417426dfa0e11e44513e0faaa66a08a0b86fbc86d0e1ccdd9babaa5dfa551,Will Christian Pulisic be the top goal scorer in the 2025-26 Serie A season?,0.15,0,0,False,0,,,False,False,False
579366,0xfef5db00966a292a4dc0325bc2706d480e2ea800d6499863998aecfc1e9ca319,Will Como finish in the top 4 in the 2025-26 Serie A season?,0.15,0,0,False,0,,,False,False,False
577281,0xdebb4d098d4382cebf6566acb3749226508e70e048e3a41a7fc44e94c6d0182a,Will Lois Openda be the top goal scorer in the 2025–26 Bundesliga season?,0.15,0,0,False,0,,,False,False,False
576816,0x888113c876895557b698436f6ca0d640b661c1474d995c3448ae39b542b71362,Will Mallorca be relegated from La Liga after the 2025–26 season?,0.15,0,0,False,0,,,False,False,False
578408,0x6806aed05cfb76ae680a4585611a24f1b91749f94db3372e86bc5e7cc9f7bfab,Will Ousmane Dembele be the top goal scorer in the 2025-26 Ligue 1 season?,0.15,0,0,False,0,,,False,False,False
582318,0xc9157570205a8afb1b05c059b58369bcb443f1d6a04aeefe82dbec70987e1934,Will Lille finish in the top 4 of the Ligue 1 2025–26 standings?,0.15,0,0,False,0,,,False,False,False
577231,0x7996c5de13ddf3131cebe81e14fa25bc93e6d83383e9311fb4444d054b02bb6c,Will Mikel Oyarzabal be the top goal scorer in the 2025–26 La Liga season?,0.15,0,0,False,0,,,False,False,False
569341,0x2890121a9277d619b936695405544bda9f80d184b05d9503fd8f173c52867365,Will Germán Vargas Lleras win the 1st round of the 2026 Colombian presidential election?,0.15,0,0,False,0,,,False,False,False
569342,0x04e73caf81ef64ce0c612699049d295e18dfe9bdd60d898fd3d8a64cac723661,Will Paloma Valencia win the 1st round of the 2026 Colombian presidential election?,0.15,0,0,False,0,,,False,False,False
564218,0xe3e8574f967e628750dff67c641944a84da281ced40ffe7c76e42649e89a6887,Will the San Antonio Spurs win the NBA Western Conference Finals?,0.15,0,0,False,0,,,False,False,False
572110,0x31eaf3b4bfb0c7107250f8aae9dfaf18a821a6c58fe1b5254a1b77542a4c836c,Aaron Taylor-Johnson announced as next James Bond?,0.15,0,0,False,0,,,False,False,False
558958,0x098e2be3df8ab529940c567819f8ef007cf007820e9d627642a5bbfaa42af372,Will Australia win the 2026 FIFA World Cup?,0.15,0,0,False,0,,,False,False,False
578444,0x791f383df1246ff9cba8fcdf737636fa2c3d5036b3a70c1ed10d9c85ce750915,Will Abdoulaye Toure be the top goal scorer in the 2025-26 Ligue 1 season?,0.15,0,0,False,0,,,False,False,False
566731,0x1e722ca9fef1bcde22157eb0be3bfa5e6f5a791c986928a3a38d860e40a31bf7,Will PSG win the 2025–26 French Ligue 1?,0.15,0,0,False,0,,,False,False,False
578439,0x25033f09cb07512d6f81ddf1355f06a57d2eae956f9e52cd69375c15e9475a0f,Will Ferreira Vitinha be the top goal scorer in the 2025-26 Ligue 1 season?,0.15,0,0,False,0,,,False,False,False
577283,0x469709d3554c9e9d26e8dea2516f8373669a9881ce505d57d75bff59fc58db75,Will Victor Boniface be the top goal scorer in the 2025–26 Bundesliga season?,0.15,0,0,False,0,,,False,False,False
579401,0x081dac4ed789a5cdaca603aaa9c98dbc772a3577fb0494d2c92491783a3f4d97,Will Andrea Pinamonti be the top goal scorer in the 2025-26 Serie A season?,0.15,0,0,False,0,,,False,False,False
562186,0x99a0fdc1bb6308873bf87eb75a47e21c8340fe20fb6b033444c1d21392da10a9,Will Ken Paxton win the 2026 Texas Republican Primary?,0.15,0,0,False,0,,,False,False,False
577190,0xfdc15849e7bfbe9776d666108c2174047134547db0a014ec08605ca19b2c23c6,Will Florian Wirtz be the top goal scorer in the 2025–26 English Premier League season?,0.15,0,0,False,0,,,False,False,False
577163,0xce465bdf15fd274b3d6bd5e4c543fb047f5bc09e306d9a70dd9cf3b207f7a547,Will Alexander Isak be the top goal scorer in the 2025–26 English Premier League season?,0.15,0,0,False,0,,,False,False,False
578430,0x5fbfc9e5813cb48771cf397e3bdc80efc9314ee70f99401269f17f0dda2e66c7,Will Mostafa Mohamed be the top goal scorer in the 2025-26 Ligue 1 season?,0.15,0,0,False,0,,,False,False,False
577245,0x584caca7a7536029bef854652fa5fdd861631edbc01a217069341b85030edd6f,Will Alex Baena be the top goal scorer in the 2025–26 La Liga season?,0.15,0,0,False,0,,,False,False,False
577236,0xc5a5599959ff15ca3533656c16dd441304b8721162ef770db59a1d2b4862e2b8,Will Gorka Guruzeta be the top goal scorer in the 2025–26 La Liga season?,0.15,0,0,False,0,,,False,False,False
578424,0x7c3b27a063a41a2f514da95f5cef718cfde6924f7deb2f59245d06dba725572d,Will Achraf Hakimi be the top goal scorer in the 2025-26 Ligue 1 season?,0.15,0,0,False,0,,,False,False,False
569362,0x60084cd46b5b91797ad397f4c1ffb5d3fcec7c134b705d2796c0f571eedad3b7,Will Gustavo Bolívar win the 2026 Colombian presidential election?,0.15,0,0,False,0,,,False,False,False
577189,0x94959859bde2c37abdd09ead0a77cc8befbbbde89715345620ce676a01b533a5,Will Kai Havertz be the top goal scorer in the 2025–26 English Premier League season?,0.15,0,0,False,0,,,False,False,False
577292,0x6f3819aefa464a63c3a54d9e079ad59ba194b015de3f4dae4f16d822eeb5dd2e,Will Robert Glatzel be the top goal scorer in the 2025–26 Bundesliga season?,0.15,0,0,False,0,,,False,False,False
579360,0x9a03ddc0d2d1433bd1d20738546294260eb3556b6902d54e8b5ec35244f5224b,Will Juventus finish in the top 4 in the 2025-26 Serie A season?,0.15,0,0,False,0,,,False,False,False
572765,0xad5f8afc7b6b6dfd331fa1d9209b392f117be855044df3e65f0c9ed6712c33f6,Will Liverpool finish in 3rd place in the 2025-26 English Premier League?,0.15,0,0,False,0,,,False,False,False
569369,0x566196aaed496a8454b0dd572e88dbc096f13631589b8401efb942bbd4e07cdf,Will Daniel Quintero win the 2026 Colombian presidential election?,0.15,0,0,False,0,,,False,False,False
577162,0xa62558c07dee376f7903e95977b10c13544d3546eeae6c98130839753e093979,Will Viktor Gyokeres be the top goal scorer in the 2025–26 English Premier League season?,0.15,0,0,False,0,,,False,False,False
582144,0x9bc03e3cc357ac0433bd4a3958bfd8bfb748ac1e80bbf1c2db4feafc89c69f96,Will Bournemouth finish in the top 4 of the EPL 2025–26 standings?,0.15,0,0,False,0,,,False,False,False
577186,0x60576953f8f7ecb78bf8c5a7d287d89de0dd4b9c4085a7d7eea7732e710c17ad,Will Nicolas Jackson be the top goal scorer in the 2025–26 English Premier League season?,0.15,0,0,False,0,,,False,False,False
562190,0xb99ef516a29277c886f65d979143c0cad5eb80b937bf6039b9832eff7389a743,Will Wesley Hunt win the 2026 Texas Republican Primary?,0.15,0,0,False,0,,,False,False,False
577295,0x55d7602157ad134b7668cc486bb9c85096356c0dbd055c61344426b2d8c8291a,Will Mohammed Amoura be the top goal scorer in the 2025–26 Bundesliga season?,0.15,0,0,False,0,,,False,False,False
579377,0x13b62587b14c1c63a6dc344fdd162024a41bafa57c9703a23b5fc8687fd97b1c,Will Lautaro Martinez be the top goal scorer in the 2025-26 Serie A season?,0.15,0,0,False,0,,,False,False,False
577222,0x2c405b766a5952a1ee121519845541e3f363bbbb691748d38d596e900827333f,Will Ante Budimir be the top goal scorer in the 2025–26 La Liga season?,0.15,0,0,False,0,,,False,False,False
578429,0xa6252c5caf8e96cdb58146c4eaa6b034c872f974e918f17bb12d442782de2788,Will Anssumane Fati be the top goal scorer in the 2025-26 Ligue 1 season?,0.15,0,0,False,0,,,False,False,False
577230,0xd2b7235e5c612ce49ad0252420d713280ded4e346bd24dd50f941e901e9daec2,Will Vinicius Junior be the top goal scorer in the 2025–26 La Liga season?,0.15,0,0,False,0,,,False,False,False
566737,0x5eb681cc36248c64a48aa01096f2287834ac836d814541cd96da9924752cae06,Will Lens win the 2025–26 French Ligue 1?,0.15,0,0,False,0,,,False,False,False
578411,0x1956e4adb68c6328a903613062d51dc84122e7f0765d472d58e0336af3aabe1f,Will Matias Goncalo Ramos be the top goal scorer in the 2025-26 Ligue 1 season?,0.15,0,0,False,0,,,False,False,False
566140,0x8df5a4256840dee05851250c0490da7593597faff3a7f9a156ccbbda7fec76f8,Will Arsenal win the 2025–26 Champions League?,0.15,0,0,False,0,,,False,False,False
569339,0x77b1512402d2b2590f65d22f4fb1d2ce29f3fd2d6516429928f430ddfc2215b3,Will Sergio Fajardo win the 1st round of the 2026 Colombian presidential election?,0.15,0,0,False,0,,,False,False,False
569370,0xd0282264ee769e9a77dc5e168cfe7966841955a4b3555485cfbddc6961198ae0,Will Roy Barreras win the 2026 Colombian presidential election?,0.15,0,0,False,0,,,False,False,False
572133,0x6a01c1687c781829cc90198cfd3c73f9ce64bca2a8960527868b0ad737e53f89,No one announced as next James Bond?,0.15,0,0,False,0,,,False,False,False
558960,0x965ebc5d79eb1ec02cad67245a44b9e45b33359018f013fb6cf81d5bbf7bcc8d,Will Uzbekistan win the 2026 FIFA World Cup?,0.15,0,0,False,0,,,False,False,False
569368,0x0fb006e0c06caa4db12f7e30ec8c2483d658f83eb57b2ee8eb478e39beca3dfd,Will Ivan Cepeda Castro win the 2026 Colombian presidential election?,0.15,0,0,False,0,,,False,False,False
582139,0xf4e3ed7607fd945a06ab045076f808e9fe6488fed1d56b924b7eb6836fdf9d1f,Will Aston Villa finish in the top 4 of the EPL 2025–26 standings?,0.15,0,0,False,0,,,False,False,False
579381,0x238ae01b45c52c7f64b26741ab9a29b6677fd2ad99ad01353faef452b98fe416,Will Ademola Lookman be the top goal scorer in the 2025-26 Serie A season?,0.15,0,0,False,0,,,False,False,False
572833,0x338e9d7c4c73cb4c028038d194211c37ca077566b63c42e6756bd1441b586bff,Will Wolves finish in last place in the 2025-26 English Premier League?,0.15,0,0,False,0,,,False,False,False
582146,0xbf41a9bb4cce63bcea7bc1f67f0f110fbf35a389a636d1a835e04ab511800d3d,Will Brighton finish in the top 4 of the EPL 2025–26 standings?,0.15,0,0,False,0,,,False,False,False
579380,0x0008043c3ed513ecff7ee64380fc943dc73eb3dfb6674f281149efe4769f7515,Will Marcus Thuram be the top goal scorer in the 2025-26 Serie A season?,0.15,0,0,False,0,,,False,False,False
577287,0x53030dd48b4acd0572c611a81fade4d1214d45cfa9725434f625ff9443bbf58e,Will Tim Kleindienst be the top goal scorer in the 2025–26 Bundesliga season?,0.15,0,0,False,0,,,False,False,False
558965,0x6972edb1b3f8cd8192651a665fc424dff846efe1c4a2376f628d4b20c704144c,Will Senegal win the 2026 FIFA World Cup?,0.15,0,0,False,0,,,False,False,False
553871,0xe202539dfbeced92dc4112f134a205c80ca6cf4db32bd82f05b291c297219fd8,Will the Detroit Pistons win the 2026 NBA Finals?,0.15,0,0,False,0,,,False,False,False
572112,0x0a995babae8f9a1df994c210d2b36f05e8422271af369a33d9b643e65f1bd194,Paul Mescal announced as next James Bond?,0.15,0,0,False,0,,,False,False,False
569365,0x202af343a370924358b0397efd5b812affec245fd60a9f7bdcadc914b6179a3d,Will Germán Vargas Lleras win the 2026 Colombian presidential election?,0.15,0,0,False,0,,,False,False,False
569374,0xdedef5719a21db8c17a43b9a53558b0ef775f03a1f8efe16960929556b90e29a,Will Carlos Felipe Córdoba win the 2026 Colombian presidential election?,0.15,0,0,False,0,,,False,False,False
578418,0xc808471e39e2461ded6bd9bd4120766ddf27208e3306d7d7d9806df4ccb1d16c,Will Amine Gouiri be the top goal scorer in the 2025-26 Ligue 1 season?,0.15,0,0,False,0,,,False,False,False
576809,0xe1400824776a6b10e72b25d67722726eca2cee5d0e8057a0ab626c3db1814f50,Will Espanyol be relegated from La Liga after the 2025–26 season?,0.15,0,0,False,0,,,False,False,False
577181,0xdfd605f298eecea4cd04c838f5347edb33c09483447bc6f2b6ffac24322f6f9b,Will Bruno Fernandes be the top goal scorer in the 2025–26 English Premier League season?,0.15,0,0,False,0,,,False,False,False
577178,0x653092399b4e6eb099d59869203392fa82d0ff01fbea2e9afea4aa1512867946,Will Jarrod Bowen be the top goal scorer in the 2025–26 English Premier League season?,0.15,0,0,False,0,,,False,False,False
577288,0x6a72f5b1d7edf1261156080ddc026da3d80a78834c12925a7bfea4a8aa5b8fb8,Will Michy Batshuayi be the top goal scorer in the 2025–26 Bundesliga season?,0.15,0,0,False,0,,,False,False,False
577280,0x768a10a2ba796df7c565166c61f1b708a7674565add5559f03bd1297d4997ac7,Will Jonathan Burkardt be the top goal scorer in the 2025–26 Bundesliga season?,0.15,0,0,False,0,,,False,False,False
579359,0x1ae30298f1671c0514386f0469b3fa0441c3334a05796e3e3e2db6031033600c,Will AC Milan finish in the top 4 in the 2025-26 Serie A season?,0.15,0,0,False,0,,,False,False,False
577284,0xc2208ae9f51a9ff504d662c822859251191fcdc92564076a9c71e56ec8745898,Will Nick Woltemade be the top goal scorer in the 2025–26 Bundesliga season?,0.15,0,0,False,0,,,False,False,False
576805,0x7b2e9c05a6b257ccd8cbdcd976b020bbbef0cd72cdc857e6951b45a05355604d,Will FC Heidenheim be relegated from the Bundesliga after the 2025–26 season?,0.15,0,0,False,0,,,False,False,False
578427,0xc13087bc45b1e1923db4a854daacbea2542590514a27fe7e8d9306e634d28035,Will Fabian Ruiz be the top goal scorer in the 2025-26 Ligue 1 season?,0.15,0,0,False,0,,,False,False,False
577228,0xd7a1f81c476ac55cf008314b61c8df2ca862024a29b6069a9b947c31d00fb164,Will Marcus Rashford be the top goal scorer in the 2025–26 La Liga season?,0.15,0,0,False,0,,,False,False,False
577235,0x3ab6710aff85c354a3d99e0f3c972903263189ce32b1a5b13ed58cb68762b243,Will Dodi Lukebakio be the top goal scorer in the 2025–26 La Liga season?,0.15,0,0,False,0,,,False,False,False
577224,0x5bc6ce968259b72cf129f3420b74591165b2daed5681c945a550d3479a6cd29f,Will Gonzalo Garcia be the top goal scorer in the 2025–26 La Liga season?,0.15,0,0,False,0,,,False,False,False
566170,0xe06c8e9546be61e4ba8b03ad431dfff590fc6b21a5b746e71f62ae85f1dcad6a,Will Club Brugge win the 2025–26 Champions League?,0.15,0,0,False,0,,,False,False,False
564195,0x1c60f9adb1d786b6fe78d63fd9f82dbb293fa06241532fb5ba43f8d8411cde1e,Will the New York Knicks win the NBA Eastern Conference Finals?,0.15,0,0,False,0,,,False,False,False
572122,0xe9b672b601ac4a6bcf132490d3ecd48213fc5983262b1f941e996dbc7b47cac6,Jack Lowdon announced as next James Bond?,0.15,0,0,False,0,,,False,False,False
553858,0x713641f745d71f6ec61f906237ffca3c8583f251e49384429a63ceb0ccdb2d37,Will the New York Knicks win the 2026 NBA Finals?,0.15,0,0,False,0,,,False,False,False
577170,0x20e3bf2810db76a48bb4b915bf85ec43070a54da46f7ee9f123bde8b95add82c,Will Dominic Solanke be the top goal scorer in the 2025–26 English Premier League season?,0.15,0,0,False,0,,,False,False,False
