market_id,token_id,question,active,closed,end_date_ms
553858,20257190540739490630509657713144742134547949967093643458458133445357169845406,Will the New York Knicks win the 2026 NBA Finals?,True,False,2026-07-01T00:00:00Z
558956,93165696161088512376930999170413968261015485018106746563527821398897374023845,Will Paraguay win the 2026 FIFA World Cup?,True,False,2026-07-20T00:00:00Z
558973,105252206997885252352889070218074909957179496257006510170583432513037465278006,Will Scotland win the 2026 FIFA World Cup?,True,False,2026-07-20T00:00:00Z
558976,106593539437032467615148553707998472829334050617128244920821917025746481184109,Will Croatia win the 2026 FIFA World Cup?,True,False,2026-07-20T00:00:00Z
558977,113379015922744700109400673843380371641970914885846970213129353605968934558386,Will Haiti win the 2026 FIFA World Cup?,True,False,2026-07-20T00:00:00Z
558979,112181485529919660901332188537214992263355343785744498550605179448744432717486,Will Panama win the 2026 FIFA World Cup?,True,False,2026-07-20T00:00:00Z
559671,19323997520040734631220675039559156784534982703459512097490198935565229528445,Will Zohran Mamdani win the 2028 Democratic presidential nomination?,True,False,2028-11-07T00:00:00Z
559676,88927218779847397120407909832537568114340511586397698395193736044476021744522,Will Barack Obama win the 2028 Democratic presidential nomination?,True,False,2028-11-07T00:00:00Z
559687,2213957649161627793381994368131485505647723208738124952452819345058597751695,Will Oprah Winfrey win the 2028 Democratic presidential nomination?,True,False,2028-11-07T00:00:00Z
559691,8815924480259634499011776432080696931704057619336093802050596292915996723758,Will Chris Murphy win the 2028 Democratic presidential nomination?,True,False,2028-11-07T00:00:00Z
559693,94658518227479141344875476648819337938746150529318297759951212169676959854478,Will Ruben Gallego win the 2028 Democratic presidential nomination?,True,False,2028-11-07T00:00:00Z
561239,70663352401606372246362604193214664065595751757222752105245221905399175050480,Will Kamala Harris win the 2028 US Presidential Election?,True,False,2028-11-07T00:00:00Z
561247,2638997461401140008448476093092229850740161649668999975101243681118238509713,Will Tim Walz win the 2028 US Presidential Election?,True,False,2028-11-07T00:00:00Z
561258,23692929455124171734375794579007643086071570310019729232490607671061438183936,Will Jamie Dimon win the 2028 US Presidential Election?,True,False,2028-11-07T00:00:00Z
561977,108177352465155946413420144732939501038742536693084796111933355102723645081439,Will Glenn Youngkin win the 2028 Republican presidential nomination?,True,False,2028-11-07T00:00:00Z
561987,46762065358788748743762617584400316865170283087328708370205000691002445395596,Will Elise Stefanik win the 2028 Republican presidential nomination?,True,False,2028-11-07T00:00:00Z
561989,75602319799101799832214450648958470414659751617273540482126444460192042893239,Will Ted Cruz win the 2028 Republican presidential nomination?,True,False,2028-11-07T00:00:00Z
562007,79109138136144804495019974949003266649145803384760006308278371005319168843129,Will Joe Kent win the 2028 Republican presidential nomination?,True,False,2028-11-07T00:00:00Z
564161,73768610008619570600930429495180540710817177537162503586781057110775077618432,Will Nikola Jokic win the 2025–2026 NBA MVP?,True,False,2026-06-10T00:00:00Z
564214,80564199933198063686735983682931201091805047291421501140508185910743468318376,Will the Minnesota Timberwolves win the NBA Western Conference Finals?,True,False,2026-06-16T00:00:00Z
569339,22771558623355089707681429633836704882116031403343361257897294847540582889503,Will Sergio Fajardo win the 1st round of the 2026 Colombian presidential election?,True,False,2026-05-31T16:00:00Z
569357,33053388922196452557261107683035649080682228011295662021241156014202987636793,Will Luis Gilberto Murillo win the 2026 Colombian presidential election?,True,False,2026-06-21T14:00:00Z
569358,8704105627729187158244464441676617275507746943882460083674867791526057508646,Will Claudia López win the 2026 Colombian presidential election?,True,False,2026-06-21T14:00:00Z
572116,71859696618563192463287150616126338038422905213505105571292945744661289726309,Tom Hardy announced as next James Bond?,True,False,2026-06-30T00:00:00Z
572121,49100155288255713531280332748049097097613379788560462245718736090008547142642,Callum Turner announced as next James Bond?,True,False,2026-06-30T00:00:00Z
577176,72384687038182433689874327261984956544997236795314184718224091418094356344966,Will Bukayo Saka be the top goal scorer in the 2025–26 English Premier League season?,True,False,2026-05-27T00:00:00Z
577185,98373717403750989662162833750111210918944497427472212228877007287591039744041,Will Mohammed Kudus be the top goal scorer in the 2025–26 English Premier League season?,True,False,2026-05-27T00:00:00Z
577187,99198924097827784427532997585241286678466293148323233780401857923587127415754,Will Brennan Johnson be the top goal scorer in the 2025–26 English Premier League season?,True,False,2026-05-27T00:00:00Z
577233,85450186084380419372744179618618425905211867206934194164904272142040477321142,Will Ayoze Perez be the top goal scorer in the 2025–26 La Liga season?,True,False,2026-05-30T00:00:00Z
577237,34996430135377662182478828889088041580319309767069410756085253475349980098679,Will Javi Puado be the top goal scorer in the 2025–26 La Liga season?,True,False,2026-05-30T00:00:00Z
577277,44741888338419906404486954459719474606346125085587394073603483706523243052500,Will Serhou Guirassy be the top goal scorer in the 2025–26 Bundesliga season?,True,False,2026-05-28T00:00:00Z
577278,7888861096717092470560466121984594720392856066405453400763940107686287865082,Will Patrik Schick be the top goal scorer in the 2025–26 Bundesliga season?,True,False,2026-05-28T00:00:00Z
577282,32676499383400665200746037279217737558284937536223714873506426202539097902762,Will Luis Diaz be the top goal scorer in the 2025–26 Bundesliga season?,True,False,2026-05-28T00:00:00Z
577283,71216154792191030083354473461386899246245242196096601702705023997087404907586,Will Victor Boniface be the top goal scorer in the 2025–26 Bundesliga season?,True,False,2026-05-28T00:00:00Z
578157,43189282757237035928728983357191721227271350782993575202022336640911924467379,Will any 2026 FIFA World Cup game scheduled in the U.S. be relocated abroad?,True,False,2026-06-10T00:00:00Z
578401,28745788861076672720947634851890673159658681509256104153267819539064558306351,Will Lecce be relegated from Serie A after the 2025-26 season?,True,False,2026-05-28T00:00:00Z
578418,113225921877107633778573037041689598158589060345210450313175165069802895788741,Will Amine Gouiri be the top goal scorer in the 2025-26 Ligue 1 season?,True,False,2026-05-30T00:00:00Z
578428,105143982493427506303713709015399944550708749795456870668026875486154274792373,Will Jean Philippe Krasso be the top goal scorer in the 2025-26 Ligue 1 season?,True,False,2026-05-30T00:00:00Z
579386,34442725748335703822174422733651933888122037185635392061813228630937508784695,Will Evan Ferguson be the top goal scorer in the 2025-26 Serie A season?,True,False,2026-05-28T00:00:00Z
582317,34856892357651501103685911178619303187241406849937387885736851713013271817854,Will Lyon finish in the top 4 of the Ligue 1 2025–26 standings?,True,False,2026-05-30T00:00:00Z
599308,44162996630579613944619329601086604585114580039271806622718850166081603488312,Will Sarah Anthony win the 2026 Michigan Democratic Primary?,True,False,2026-08-04T00:00:00Z
553856,49500299856831034491021962156746701298730459370557900271970866855042624695770,Will the Oklahoma City Thunder win the 2026 NBA Finals?,True,False,2026-07-01T00:00:00Z
558947,98803390175521456712653678280474920637934596234667490983228578374641217211132,Will Colombia win the 2026 FIFA World Cup?,True,False,2026-07-20T00:00:00Z
558952,99303605181956827630838461879484468077121754034387765735989859308848389894408,Will Canada win the 2026 FIFA World Cup?,True,False,2026-07-20T00:00:00Z
558959,33747305042007778221968790541070114008811587676172030120559423448386310500957,Will Iran win the 2026 FIFA World Cup?,True,False,2026-07-20T00:00:00Z
558970,61595193871140044336898809781418183952441527621084596848414908595268863899573,Will Cape Verde win the 2026 FIFA World Cup?,True,False,2026-07-20T00:00:00Z
559655,71169839497420596285841847514123589847893415750912355173877524195175834054354,Will Josh Shapiro win the 2028 Democratic presidential nomination?,True,False,2028-11-07T00:00:00Z
561985,109121432238307135312607668741094299588249627783575654034498708660414246884093,Will Brian Kemp win the 2028 Republican presidential nomination?,True,False,2028-11-07T00:00:00Z
561991,21684611233679565633387313395955873024927822291738934804105644401703825367322,Will Matt Gaetz win the 2028 Republican presidential nomination?,True,False,2028-11-07T00:00:00Z
562001,76572162491038773682779378100661251853152133818805423848523216103658476280587,Will Steve Bannon win the 2028 Republican presidential nomination?,True,False,2028-11-07T00:00:00Z
562003,10651968542740640896482407431367624536081358925965856338872110525887291512129,Will Kim Kardashian win the 2028 Republican presidential nomination?,True,False,2028-11-07T00:00:00Z
564213,92156510891798873020497715268024772851858076229893943637545856397683791106647,Will the Los Angeles Lakers win the NBA Western Conference Finals?,True,False,2026-06-16T00:00:00Z
568116,22094182676612877581056034720566110371610082057092726094559729674155018648896,Will Trump be impeached by end of 2026?,True,False,2026-12-31T00:00:00Z
569334,12516303356363467179885576472702473520609540998008534980142053225514923736128,Will Claudia López win the 1st round of the 2026 Colombian presidential election?,True,False,2026-05-31T16:00:00Z
569336,102456955097401421651876446896034115681794561141893258504967065325508688692283,Will Juan Daniel Oviedo win the 1st round of the 2026 Colombian presidential election?,True,False,2026-05-31T16:00:00Z
572111,62239185941824652402752813729371423845548004986780601100316323331270822642667,James Norton announced as next James Bond?,True,False,2026-06-30T00:00:00Z
572117,54120517297787449950767396444302816721060398794472692356305596424687388939708,Pierce Brosnan announced as next James Bond?,True,False,2026-06-30T00:00:00Z
577189,75615194763825570253105529908925735637330457129633888605679989963612334234091,Will Kai Havertz be the top goal scorer in the 2025–26 English Premier League season?,True,False,2026-05-27T00:00:00Z
577221,22702151217568226464490525917269671698635793471200188591890325057358807077490,Will Raphinha be the top goal scorer in the 2025–26 La Liga season?,True,False,2026-05-30T00:00:00Z
577229,76794312778172154876533172710848055841220591544022724903757628442504975481665,Will Broja Iglesias be the top goal scorer in the 2025–26 La Liga season?,True,False,2026-05-30T00:00:00Z
577234,110183118205658048480611552004818205608380030301879472767196181141473018245608,Will Vedat Muriqi be the top goal scorer in the 2025–26 La Liga season?,True,False,2026-05-30T00:00:00Z
577246,74056431860682289842871849619463099581884627064723191566088662788504744554943,Will Antoine Griezmann be the top goal scorer in the 2025–26 La Liga season?,True,False,2026-05-30T00:00:00Z
577276,87569871218748662090769146890327376821466803212836644352988286023370072840603,Will Harry Kane be the top goal scorer in the 2025–26 Bundesliga season?,True,False,2026-05-28T00:00:00Z
577286,8013350309980067752092467553989532032941595361116376915087772932251249070671,Will Maximilian Beier be the top goal scorer in the 2025–26 Bundesliga season?,True,False,2026-05-28T00:00:00Z
578411,73944224341187631304428893209762482633837672591436742366407059398002863809689,Will Matias Goncalo Ramos be the top goal scorer in the 2025-26 Ligue 1 season?,True,False,2026-05-30T00:00:00Z
579394,34969317359066707467818300343575076572805390155612294308344602488690142710069,Will Kevin De Bruyne be the top goal scorer in the 2025-26 Serie A season?,True,False,2026-05-28T00:00:00Z
579398,51943596956598942141465836584207695245377193094803992240669612937523261676398,Will Paulo Dybala be the top goal scorer in the 2025-26 Serie A season?,True,False,2026-05-28T00:00:00Z
593974,33970361138937631470073795943535268274491124306414028184433322285876577197264,Will Bernie endorse Dan Osborn for NE-Sen by Nov 2 2026 ET?,True,False,2026-11-30T00:00:00Z
553863,86297520870744792204751483474339201341298076835836561764334428915355504860913,Will the Los Angeles Lakers win the 2026 NBA Finals?,True,False,2026-07-01T00:00:00Z
553871,59742411602053785892348440048778056320272639465974092140970920277782290781360,Will the Detroit Pistons win the 2026 NBA Finals?,True,False,2026-07-01T00:00:00Z
558949,19159976531313550247579355752030367100657092033093647047491459813592996250034,Will Japan win the 2026 FIFA World Cup?,True,False,2026-07-20T00:00:00Z
558951,60447443643099453130956385288904175887233107411078568881602330835010340506057,Will Norway win the 2026 FIFA World Cup?,True,False,2026-07-20T00:00:00Z
559659,57761428076807364758801249497410455358987881775226117256631754592198558850468,Will Gretchen Whitmer win the 2028 Democratic presidential nomination?,True,False,2028-11-07T00:00:00Z
559670,35165603539035270209469650915267170915291414186795231160733227083640059691764,Will Gina Raimondo win the 2028 Democratic presidential nomination?,True,False,2028-11-07T00:00:00Z
559677,6349038249650226718426900942104344803413105653564595362433352811865798195800,Will Hillary Clinton win the 2028 Democratic presidential nomination?,True,False,2028-11-07T00:00:00Z
559686,40963724357262746498642320898188195118391211877976821531149510360187173789737,Will Dwayne 'The Rock' Johnson win the 2028 Democratic presidential nomination?,True,False,2028-11-07T00:00:00Z
559689,37126434962149084556522721025504254258386171468763869879755961635390358765833,Will Beto O’Rourke win the 2028 Democratic presidential nomination?,True,False,2028-11-07T00:00:00Z
559695,52535923606561722941567320365820395300598958985353103429657683100920373025261,Will James Talarico win the 2028 Democratic presidential nomination?,True,False,2028-11-07T00:00:00Z
561242,97633418272282627828834872960145259034624388719803091466146359304286851612172,Will Tulsi Gabbard win the 2028 US Presidential Election?,True,False,2028-11-07T00:00:00Z
561244,77660944053451874285291959901958937238149180369572698706675030657716494119346,Will Donald Trump Jr. win the 2028 US Presidential Election?,True,False,2028-11-07T00:00:00Z
561248,48067717079255656974334181122173546721823870434119599450595298250019538972254,Will Vivek Ramaswamy win the 2028 US Presidential Election?,True,False,2028-11-07T00:00:00Z
561974,40081275558852222228080198821361202017557872256707631666334039001378518619916,Will J.D. Vance win the 2028 Republican presidential nomination?,True,False,2028-11-07T00:00:00Z
562008,98511916129081689027111328481059704559518789751071585689160934736837069796376,Will Pete Hegseth win the 2028 Republican presidential nomination?,True,False,2028-11-07T00:00:00Z
564162,29048360022556021389805670398008888482908398853670829781367251641936311260707,Will Shai Gilgeous-Alexander win the 2025–2026 NBA MVP?,True,False,2026-06-10T00:00:00Z
566188,78140458432174397862436707256368409182467606418188760097873260862383336868084,Will Manchester City win the 2025–26 English Premier League?,True,False,2026-05-27T00:00:00Z
569341,91061986285111660506709592119475475293178445047267552942031473045846880257562,Will Germán Vargas Lleras win the 1st round of the 2026 Colombian presidential election?,True,False,2026-05-31T16:00:00Z
569346,87678849706704552441529840256129995088714454521339794038868863045951701650099,Will Daniel Quintero win the 1st round of the 2026 Colombian presidential election?,True,False,2026-05-31T16:00:00Z
569368,62374557612691330043510053829591470998236327248924987579815802826988260253261,Will Ivan Cepeda Castro win the 2026 Colombian presidential election?,True,False,2026-06-21T14:00:00Z
573656,93694900555669388759405753550770573998169287228984912881955464376232163096213,"Will Bitcoin hit $150k by December 31, 2026?",True,False,2027-01-01T04:00:00Z
576815,79624438143180003800250237893918101185691753742967744395672914534069506080687,Will Sevilla be relegated from La Liga after the 2025–26 season?,True,False,2026-05-30T00:00:00Z
577169,14113947289569660354318901014337895050808911024563232706727704224659774787942,Will Richarlison be the top goal scorer in the 2025–26 English Premier League season?,True,False,2026-05-27T00:00:00Z
577171,56782241068199600313268662692209803590655001932781133985288119301438305647529,Will Omar Marmoush be the top goal scorer in the 2025–26 English Premier League season?,True,False,2026-05-27T00:00:00Z
577230,62070332729843756648077334071325768265229024314411995286040519682521027925149,Will Vinicius Junior be the top goal scorer in the 2025–26 La Liga season?,True,False,2026-05-30T00:00:00Z
578431,64240014405085627684592707734611331216920331707290293835817889703088044234495,Will Igor Paixao be the top goal scorer in the 2025-26 Ligue 1 season?,True,False,2026-05-30T00:00:00Z
579357,102301849623335609730031008739036219105375069576896430721113512919948604973345,Will Napoli finish in the top 4 in the 2025-26 Serie A season?,True,False,2026-05-28T00:00:00Z
579382,113881562168428412930289498603858095602242736632873015903313273185458779527964,Will Dusan Vlahovic be the top goal scorer in the 2025-26 Serie A season?,True,False,2026-05-28T00:00:00Z
599307,45761844533847615095657975499649554423516098382359546239787965241599216489110,Will Rashida Tlaib win the 2026 Michigan Democratic Primary?,True,False,2026-08-04T00:00:00Z
540843,21695138873211375451055566770107682325494206727818897067665810321709249824909,Will China invades Taiwan before GTA VI?,True,False,2026-07-31T12:00:00Z
553843,89876650777103845660381011502618435196005005316371719080379226306122186643898,Will the Philadelphia Flyers win the 2026 NHL Stanley Cup?,True,False,2026-06-30T00:00:00Z
553859,5771676627182954113677164857547228277089396639521594262964034606220001939923,Will the Minnesota Timberwolves win the 2026 NBA Finals?,True,False,2026-07-01T00:00:00Z
558961,80724786407275266937534613008558715581084712230616856739273522348302669402554,Will South Korea win the 2026 FIFA World Cup?,True,False,2026-07-20T00:00:00Z
558967,43907673646206657865778036957293730446366626078011238443367990170655175896145,Will Ghana win the 2026 FIFA World Cup?,True,False,2026-07-20T00:00:00Z
558983,89770121993255619705119104591644526712193505786928967250693522950895615785005,Will Bosnia-Herzegovina win the 2026 FIFA World Cup?,True,False,2026-07-20T00:00:00Z
559666,104464678880204778606895232389511543522030897731392516718349574106843434770446,Will Tim Walz win the 2028 Democratic presidential nomination?,True,False,2028-11-07T00:00:00Z
561235,35272507273162958827997790327967872292415567859334925862043618606081750011897,Will Wes Moore win the 2028 US Presidential Election?,True,False,2028-11-07T00:00:00Z
561250,26641906520532802078452346454133721131611596169940893262820937050881742190686,Will Elon Musk win the 2028 US Presidential Election?,True,False,2028-11-07T00:00:00Z
561996,78994573210477487932611223094751007094801552166562252085708682076112788032998,Will Tucker Carlson win the 2028 Republican presidential nomination?,True,False,2028-11-07T00:00:00Z
562002,36725157385158152303355940271421346899386884953712631735038848833359115722560,Will Erika Kirk win the 2028 Republican presidential nomination?,True,False,2028-11-07T00:00:00Z
562187,75262277240576503541125200255351734877619831936165222710769956674779076695947,Will John Cornyn win the 2026 Texas Republican Primary?,True,False,2026-05-26T00:00:00Z
562190,107927272895121873896592780561794303301515708678562694349024225854697593171909,Will Wesley Hunt win the 2026 Texas Republican Primary?,True,False,2026-05-26T00:00:00Z
565065,49084048476353771153083262278964615095037480324537117350127265918750912547378,Will the Democrats win the 2028 US Presidential Election?,True,False,2028-11-07T00:00:00Z
566731,37247697796314054477445671418600147171468572907588144854814679003872920679597,Will PSG win the 2025–26 French Ligue 1?,True,False,2026-05-30T00:00:00Z
566737,106893482875330829332347425550558141013488263650384566003078374608472351519383,Will Lens win the 2025–26 French Ligue 1?,True,False,2026-05-30T00:00:00Z
569364,75712298340810272859765060308006832993211601931382911468417184675550881103879,Will Juan Manuel Galán win the 2026 Colombian presidential election?,True,False,2026-06-21T14:00:00Z
569369,36553834009124167357981460132800746681781045509640776189348736916365216865880,Will Daniel Quintero win the 2026 Colombian presidential election?,True,False,2026-06-21T14:00:00Z
569372,54150466123374773726738402962617014073469969105711615831248994920187304132512,Will Juan Carlos Pinzón win the 2026 Colombian presidential election?,True,False,2026-06-21T14:00:00Z
572112,110217591945151157649327586817895909555659898136471568612407796254538901768830,Paul Mescal announced as next James Bond?,True,False,2026-06-30T00:00:00Z
572125,2539243778315573823923907482719197372899536309178051544334006233242009567404, Josh O'Connor announced as next James Bond?,True,False,2026-06-30T00:00:00Z
572770,49049273081613175499767461120333932313501982385378065447150899853192684932470,Will Manchester United finish in 3rd place in the 2025-26 English Premier League?,True,False,2026-05-27T00:00:00Z
572833,51084215309885045739879978888008792011574578362625692193849320436646719284629,Will Wolves finish in last place in the 2025-26 English Premier League?,True,False,2026-05-27T00:00:00Z
572834,52285973159765620862836623991941740750953184410516376600150680891418169782731,Will Burnley finish in last place in the 2025-26 English Premier League?,True,False,2026-05-27T00:00:00Z
576806,82530830359531082599459301187359663650918757634216209928665124966435653916942,Will St. Pauli be relegated from the Bundesliga after the 2025–26 season?,True,False,2026-05-28T00:00:00Z
576811,98492537753301065350523114682826834628513433060415947350558755757411536571367,Will Osasuna be relegated from La Liga after the 2025–26 season?,True,False,2026-05-30T00:00:00Z
577161,80365173313895983605325248892162569953987774602633505688541422929067192725254,Will Mohamed Salah be the top goal scorer in the 2025–26 English Premier League season?,True,False,2026-05-27T00:00:00Z
577162,72574656434993840186445307554025381492285372432846424590534736075839686478597,Will Viktor Gyokeres be the top goal scorer in the 2025–26 English Premier League season?,True,False,2026-05-27T00:00:00Z
577240,72088688491610101384722384206165707443638739290798571693187856704797119769987,Will Iago Aspas be the top goal scorer in the 2025–26 La Liga season?,True,False,2026-05-30T00:00:00Z
577248,39110700308891033765082720771423327970968989496145639822830381828556135408196,Will Roberto Fernandez be the top goal scorer in the 2025–26 La Liga season?,True,False,2026-05-30T00:00:00Z
577284,93167397740879213220913668801256024250509018532336830527062786853329354974190,Will Nick Woltemade be the top goal scorer in the 2025–26 Bundesliga season?,True,False,2026-05-28T00:00:00Z
578398,22398187790187305120863916278812508331357975196340479087426628481830278112943,Will Cremonese be relegated from Serie A after the 2025-26 season?,True,False,2026-05-28T00:00:00Z
578437,109799225437407056614471315465974790315843564622253197579433539240865919737380,Will Sambou Soumano be the top goal scorer in the 2025-26 Ligue 1 season?,True,False,2026-05-30T00:00:00Z
578443,24576507866770585461615463218165025527211298250622675518505436289726168311229,Will Martin Satriano be the top goal scorer in the 2025-26 Ligue 1 season?,True,False,2026-05-30T00:00:00Z
579388,8582590519872779911032859282717117180355048823419015715255405320483367520997,Will Gianluca Scamacca be the top goal scorer in the 2025-26 Serie A season?,True,False,2026-05-28T00:00:00Z
579393,85441017084806463654810732133026202913371825852145022888238390717165382660001,Will Christian Pulisic be the top goal scorer in the 2025-26 Serie A season?,True,False,2026-05-28T00:00:00Z
579399,104555404835604667954000362375618348132711036465200790582313648268412781952429,Will Francesco Camarda be the top goal scorer in the 2025-26 Serie A season?,True,False,2026-05-28T00:00:00Z
597967,34554555827438551101000555305203609600029621153428996114009350892614396532498,"Starmer out by June 30, 2026?",True,False,2026-06-30T12:00:00Z
553829,68803485030073596962715540294172682212192134248970512695855620898253368033218,Will the Vegas Golden Knights win the 2026 NHL Stanley Cup?,True,False,2026-06-30T00:00:00Z
553838,52393600221905688380980180540161090876971894580569515967716227210336633318551,Will the Minnesota Wild win the 2026 NHL Stanley Cup?,True,False,2026-06-30T00:00:00Z
558940,45415751658241142530386585138386640503488308219341470020075667342738719018629,Will Portugal win the 2026 FIFA World Cup?,True,False,2026-07-20T00:00:00Z
558955,39971087496427056640429359043364261029374524049464674733142166279730655826181,Will Ecuador win the 2026 FIFA World Cup?,True,False,2026-07-20T00:00:00Z
558972,23542782083949026234898323432000742558288032327930681121040136746492993951914,Will Saudi Arabia win the 2026 FIFA World Cup?,True,False,2026-07-20T00:00:00Z
558982,53465512181802150755993130711224070738002100921790051090044528012833736167995,Will Iraq win the 2026 FIFA World Cup?,True,False,2026-07-20T00:00:00Z
559667,83723134981785004242996949681785273460678873813693556756054904164484296299719,Will Michelle Obama win the 2028 Democratic presidential nomination?,True,False,2028-11-07T00:00:00Z
559678,41340056280794024415573839406074658402877379128871144681466050648033201160259,Will Liz Cheney win the 2028 Democratic presidential nomination?,True,False,2028-11-07T00:00:00Z
561236,4999047257294547885970323631312419427544062131054733229841947946130772277335,Will Gretchen Whitmer win the 2028 US Presidential Election?,True,False,2028-11-07T00:00:00Z
561240,105367778020161609482094090847463497982204321259381518614669619753184648647559,Will Stephen Smith win the 2028 US Presidential Election?,True,False,2028-11-07T00:00:00Z
561992,42282542821681724515855150589432262778581936160356547088323204270366545065655,Will Katie Britt win the 2028 Republican presidential nomination?,True,False,2028-11-07T00:00:00Z
562793,113287701564209339913693347405685749986285999146352375265161592243948562084773,Will the Democratic Party control the Senate after the 2026 Midterm elections?,True,False,2026-11-03T00:00:00Z
562828,34722410608062854697106861099776685947172185964394483545370684749662285977831,"2026 Balance of Power: D Senate, D House",True,False,2026-11-03T00:00:00Z
562832,35477631289241705233759154026285946627439635224019448868888132647783862821489,2026 Balance of Power: Other,True,False,2026-11-03T00:00:00Z
564210,105874436620923713168019020245858616944322383958692280683224180064376992665538,Will the Oklahoma City Thunder win the NBA Western Conference Finals?,True,False,2026-06-16T00:00:00Z
569338,109710008834411230337090857031488261059821089034726354248807420936018491444380,Will Gustavo Bolívar win the 1st round of the 2026 Colombian presidential election?,True,False,2026-05-31T16:00:00Z
569344,33232052119491652564300969744259903933559547696830742958153653325470669042304,Will Abelardo de la Espriella win the 1st round of the 2026 Colombian presidential election?,True,False,2026-05-31T16:00:00Z
572123,37927260280375428448033753970844358590035155195795198096685170864149151675322,Theo James announced as next James Bond?,True,False,2026-06-30T00:00:00Z
577166,115525374107792247441862537671576247536802966403947578146994740913087078766607,Will Cole Palmer be the top goal scorer in the 2025–26 English Premier League season?,True,False,2026-05-27T00:00:00Z
577186,67841192750148997275473648690260112080723046610172086481620702839701751895916,Will Nicolas Jackson be the top goal scorer in the 2025–26 English Premier League season?,True,False,2026-05-27T00:00:00Z
577235,12436606244684756212688349482021343426028351538039522454366335615620119043815,Will Dodi Lukebakio be the top goal scorer in the 2025–26 La Liga season?,True,False,2026-05-30T00:00:00Z
577241,91203260296949109747095851381415926782789749145484395871735811789947699971761,Will Cristhian Stuani be the top goal scorer in the 2025–26 La Liga season?,True,False,2026-05-30T00:00:00Z
577244,108812938192767854218949300916725095215503085851828138910431467866540044790765,Will Inaki Williams be the top goal scorer in the 2025–26 La Liga season?,True,False,2026-05-30T00:00:00Z
577285,23177234539005086745924487565572514732873310188830333623513053312024465699839,Will Jamal Musiala be the top goal scorer in the 2025–26 Bundesliga season?,True,False,2026-05-28T00:00:00Z
578403,12787908846201818836113906836317537483609531613584477341982605123655773837316,Will Cagliari be relegated from Serie A after the 2025-26 season?,True,False,2026-05-28T00:00:00Z
578429,54514115878483631589280219768473481187943366848293796775155078988924711320634,Will Anssumane Fati be the top goal scorer in the 2025-26 Ligue 1 season?,True,False,2026-05-30T00:00:00Z
578438,105674265636936122040214286728718821119631571611911917788328404979095463525498,Will Lassine Sinayoko be the top goal scorer in the 2025-26 Ligue 1 season?,True,False,2026-05-30T00:00:00Z
578440,11845870649387515165673583985702735071849341038586868859226155459240016986208,Will Gauthier Hein be the top goal scorer in the 2025-26 Ligue 1 season?,True,False,2026-05-30T00:00:00Z
579384,108406368173992145823099369167633547878391825339132506914365349249675061739524,Will Artem Dovbyk be the top goal scorer in the 2025-26 Serie A season?,True,False,2026-05-28T00:00:00Z
582174,1640487768500822841149793856978083342565236884463958986407041301997586658292,Will Leverkusen finish in the top 4 of the Bundesliga 2025–26 standings?,True,False,2026-05-28T00:00:00Z
582318,19435319275490630458028840438715963481941725397052478895479118120838800668559,Will Lille finish in the top 4 of the Ligue 1 2025–26 standings?,True,False,2026-05-30T00:00:00Z
553866,102227184035967850089766981958743064457339118173548431660886438726896222843254,Will the San Antonio Spurs win the 2026 NBA Finals?,True,False,2026-07-01T00:00:00Z
558935,115556263888245616435851357148058235707004733438163639091106356867234218207169,Will England win the 2026 FIFA World Cup?,True,False,2026-07-20T00:00:00Z
558936,108233603819467706476318984012158651931658302669301887462181073562758483842092,Will France win the 2026 FIFA World Cup?,True,False,2026-07-20T00:00:00Z
558958,43661509251351142169227141691164122649250455115438867334436875294380701133091,Will Australia win the 2026 FIFA World Cup?,True,False,2026-07-20T00:00:00Z
558960,90538013438399246674125939147272424357773921253199632436930218305581040235987,Will Uzbekistan win the 2026 FIFA World Cup?,True,False,2026-07-20T00:00:00Z
559681,100561779829530520068956424581003844045516012444425572625523659025114550346085,Will LeBron James win the 2028 Democratic presidential nomination?,True,False,2028-11-07T00:00:00Z
559684,46211769122513729244602558513001215391004042100934296321661285791281233261657,Will Chelsea Clinton win the 2028 Democratic presidential nomination?,True,False,2028-11-07T00:00:00Z
561241,70948731404464821824516595498024506131170394300814446118501620719416471444076,Will JB Pritzker win the 2028 US Presidential Election?,True,False,2028-11-07T00:00:00Z
561249,58585097107933138034126275600204468509993701936571284309823871593297754181479,Will Greg Abbott win the 2028 US Presidential Election?,True,False,2028-11-07T00:00:00Z
561251,39223330966352513418907732239455948906399882924787587183466504819170775983376,Will LeBron James win the 2028 US Presidential Election?,True,False,2028-11-07T00:00:00Z
561980,30919109558246209971545892228598482722881502507049010402392877610451001659386,Will Nikki Haley win the 2028 Republican presidential nomination?,True,False,2028-11-07T00:00:00Z
561988,16959950591508656523048029588253513417107455151269158025695062757254216051157,Will Josh Hawley win the 2028 Republican presidential nomination?,True,False,2028-11-07T00:00:00Z
564218,6842047670820419171425914468337077680927367717837404858652329372722501774629,Will the San Antonio Spurs win the NBA Western Conference Finals?,True,False,2026-06-16T00:00:00Z
569366,87037476560262355019736573472997730954875286944171789280729969665019434635807,Will Abelardo de la Espriella  win the 2026 Colombian presidential election?,True,False,2026-06-21T14:00:00Z
572114,53695778447324103637087569580285444889959041738544438526713792782477913379777,Jacob Elordi announced as next James Bond?,True,False,2026-06-30T00:00:00Z
572119,88217367032380103395167682111051594395803346118218216383029818059516080329712,Henry Cavill announced as next James Bond?,True,False,2026-06-30T00:00:00Z
572124,86364606957252189309982179038306524287216246431215333838823307925824277620329,James Collier announced as next James Bond?,True,False,2026-06-30T00:00:00Z
576809,326249926991904070073010803104207206354477727492250795782920470483133549187,Will Espanyol be relegated from La Liga after the 2025–26 season?,True,False,2026-05-30T00:00:00Z
577163,91363015704893492073568830399375035872276923274131092245805554034196213248667,Will Alexander Isak be the top goal scorer in the 2025–26 English Premier League season?,True,False,2026-05-27T00:00:00Z
577179,110987038017115137467642994123824186017997884207034130837015664299010910680722,Will Evanilson be the top goal scorer in the 2025–26 English Premier League season?,True,False,2026-05-27T00:00:00Z
577294,38966153695292251303244152044268630330033580269266738868503907046849339108583,Will Jonas Wind be the top goal scorer in the 2025–26 Bundesliga season?,True,False,2026-05-28T00:00:00Z
578410,55333344114721700788556183925135765401516909971164443646439591054655254196072,Will Khvicha Kvaratskhelia be the top goal scorer in the 2025-26 Ligue 1 season?,True,False,2026-05-30T00:00:00Z
579359,13820543195176013549251114706218910217480366124790012373023740782320928041896,Will AC Milan finish in the top 4 in the 2025-26 Serie A season?,True,False,2026-05-28T00:00:00Z
579361,69066199090298523405472673978759236532845453745330535138976218928444076440632,Will Roma finish in the top 4 in the 2025-26 Serie A season?,True,False,2026-05-28T00:00:00Z
579385,13832373132200807420774220505890690365912350060680862078252002549729850223859,Will Ciro Immobile be the top goal scorer in the 2025-26 Serie A season?,True,False,2026-05-28T00:00:00Z
582134,87777841345513205611673717017702149318191711656473186402778262899703473689863,Will Liverpool finish in the top 4 of the EPL 2025–26 standings?,True,False,2026-05-27T00:00:00Z
582138,51695045148799175684172272379992088967817952288318390606428003376915476428349,Will Manchester United finish in the top 4 of the EPL 2025–26 standings?,True,False,2026-05-27T00:00:00Z
582177,30147030202509174212759073069911425827714187500974789502091934971921103612430,Will Stuttgart finish in the top 4 of the Bundesliga 2025–26 standings?,True,False,2026-05-28T00:00:00Z
599305,74768395815166461619548348007728690058055087254143355558596876906836785272025,Will Abdul El-Sayed win the 2026 Michigan Democratic Primary?,True,False,2026-08-04T00:00:00Z
540818,88275040060084773376557187972215267513049848642895776801789297917961077894224,New Playboi Carti Album before GTA VI?,True,False,2026-07-31T12:00:00Z
553828,101738487887518832481587379955535423775326921556438741919099866785354159699479,Will the Colorado Avalanche win the 2026 NHL Stanley Cup?,True,False,2026-06-30T00:00:00Z
558962,98686749402500678753487703372528277029342097490180026723487433517076969282825,Will Jordan win the 2026 FIFA World Cup?,True,False,2026-07-20T00:00:00Z
558980,41004484905556820430171783088292854654441952667499527125436634397522798168110,Will Sweden win the 2026 FIFA World Cup?,True,False,2026-07-20T00:00:00Z
559658,38171024903091354977195167437673496224420673639143973968032407064172828043588,Will Kamala Harris win the 2028 Democratic presidential nomination?,True,False,2028-11-07T00:00:00Z
559679,113510300123120868861281132282742729065975487298059944817273881893086209196585,Will Bernie Sanders win the 2028 Democratic presidential nomination?,True,False,2028-11-07T00:00:00Z
561262,92909595831677784305960426832337551335132297174712723670055008600724483830120,Will James Talarico win the 2028 US Presidential Election?,True,False,2028-11-07T00:00:00Z
561975,13565458761220145250977753098276900790902214604876327357986816739576288755859,Will Marco Rubio win the 2028 Republican presidential nomination?,True,False,2028-11-07T00:00:00Z
561984,85795532452312461688342921814235563171225750416821603832877839950165564679042,Will Robert F. Kennedy Jr. win the 2028 Republican presidential nomination?,True,False,2028-11-07T00:00:00Z
565064,67109747366255871599717338045111308888043498275177238365560740200996017915657,Will the Republicans win the 2028 US Presidential Election?,True,False,2028-11-07T00:00:00Z
569345,43406345570240507916710279610949015003758662253082068993250923591377249551960,Will Roy Barreras win the 1st round of the 2026 Colombian presidential election?,True,False,2026-05-31T16:00:00Z
577175,54236330394497042999232692608534835969733131094441295535277724798165041782814,Will Liam Delap be the top goal scorer in the 2025–26 English Premier League season?,True,False,2026-05-27T00:00:00Z
577190,99611234567111832279381235616973424305850563087425365084149737464676375626231,Will Florian Wirtz be the top goal scorer in the 2025–26 English Premier League season?,True,False,2026-05-27T00:00:00Z
577192,36957321876566438184393858443096197960859649862769029642561698350625783898308,Will Antoine Semenyo be the top goal scorer in the 2025–26 English Premier League season?,True,False,2026-05-27T00:00:00Z
577293,53184392184731073294596377638963528940590267478279064727563854235726442195657,Will Andrej Kramaric be the top goal scorer in the 2025–26 Bundesliga season?,True,False,2026-05-28T00:00:00Z
578439,31507849369563522567790890517050530676056687832113251513996934588090774384117,Will Ferreira Vitinha be the top goal scorer in the 2025-26 Ligue 1 season?,True,False,2026-05-30T00:00:00Z
578530,51788757462224867357599830611737523296280551271915216799084218426057319416095,Will Freiburg win the 2025-26 UEFA Europa League?,True,False,2026-05-24T00:00:00Z
579360,88142968044548951921048488179799265834432769008820620433284068962460922105320,Will Juventus finish in the top 4 in the 2025-26 Serie A season?,True,False,2026-05-28T00:00:00Z
579378,75391652029652534214540080397229805970974975468104986584372965161226361755136,Will Moise Kean be the top goal scorer in the 2025-26 Serie A season?,True,False,2026-05-28T00:00:00Z
579389,75666316113785904870346098802652291855819221048329646048618814075513401513164,Will Valentin Castellanos be the top goal scorer in the 2025-26 Serie A season?,True,False,2026-05-28T00:00:00Z
593977,16165180365166795101253476583424570293978512340466383667319830236646927210547,Will Bernie endorse Alan Grayson for FL-Sen Nov 2 2026 ET?,True,False,2026-11-30T00:00:00Z
598936,13894524895366006997415301184483786855853683638290113202814526270024185311964,"Will the next UK election be called by June 30, 2026?",True,False,2026-06-30T12:00:00Z
599306,69074333464069151404242315526218405459784935747253869832659873168984248759799,Will Dana Nessel win the 2026 Michigan Democratic Primary?,True,False,2026-08-04T00:00:00Z
553851,86989765000750155883097827320609652927052275812009422751609183177638176999827,Will the Buffalo Sabres win the 2026 NHL Stanley Cup?,True,False,2026-06-30T00:00:00Z
558954,86035858416252385053603758548087253570549129844230230783932738372075949702177,Will Tunisia win the 2026 FIFA World Cup?,True,False,2026-07-20T00:00:00Z
558978,69020832226510184384177497367584971770730339593583713190288186699694495509961,Will Curaçao win the 2026 FIFA World Cup?,True,False,2026-07-20T00:00:00Z
559668,92325249719485031139867422012514654102580961954747753469470405147070256604118,Will Mark Kelly win the 2028 Democratic presidential nomination?,True,False,2028-11-07T00:00:00Z
559682,11343337042526652606304508556838778144915122118685013460142819817079620240439,Will Hunter Biden win the 2028 Democratic presidential nomination?,True,False,2028-11-07T00:00:00Z
561993,70663522560386702809794077554934323058266367604787739541440326847712418734032,Will John Thune win the 2028 Republican presidential nomination?,True,False,2028-11-07T00:00:00Z
562186,43891259347116330522865864075089973515827852946539612217753302847337982135578,Will Ken Paxton win the 2026 Texas Republican Primary?,True,False,2026-05-26T00:00:00Z
562794,51939490109676186832507970701169130490548061087912630009168726706475001411420,Will the Republican Party control the Senate after the 2026 Midterm elections?,True,False,2026-11-03T00:00:00Z
566136,104259436423064082971150541232006260758664018969024622611484550356541952860834,Will PSG win the 2025–26 Champions League?,True,False,2026-05-31T00:00:00Z
569365,80201140209960826248352000586932595636659282485774269449093899277382388462647,Will Germán Vargas Lleras win the 2026 Colombian presidential election?,True,False,2026-06-21T14:00:00Z
572733,41879359148780845295615263000408291680081615331847709002992242978010776986457,Will Arsenal finish in 2nd place in the 2025-26 English Premier League?,True,False,2026-05-27T00:00:00Z
577178,79391923363755133111783673620134908690733495531408389463553631418324945230516,Will Jarrod Bowen be the top goal scorer in the 2025–26 English Premier League season?,True,False,2026-05-27T00:00:00Z
577193,94698462356821008886945382884944052512244489494440121923200098780254056757984,Will Igor Thiago be the top goal scorer in the 2025–26 English Premier League season?,True,False,2026-05-27T00:00:00Z
577220,67038866817302942551959484913198849155750799193273634269443232905877417785248,Will Alexander Sorloth be the top goal scorer in the 2025–26 La Liga season?,True,False,2026-05-30T00:00:00Z
577227,81184350352957081203802864112311089209552939430128547953657640601934627386250,Will Lamine Yamal be the top goal scorer in the 2025–26 La Liga season?,True,False,2026-05-30T00:00:00Z
578412,90724967815480747140561257870155621333772654849500658512690996416242153895163,Will Bradley Barcola be the top goal scorer in the 2025-26 Ligue 1 season?,True,False,2026-05-30T00:00:00Z
578419,4398033374608653443924730853439421956542194748913003188657949648047766981258,Will Olivier Giroud be the top goal scorer in the 2025-26 Ligue 1 season?,True,False,2026-05-30T00:00:00Z
578433,38254832754831293189787489448942211563159396640979595090070135292352172276950,Will Cheikh Sabaly be the top goal scorer in the 2025-26 Ligue 1 season?,True,False,2026-05-30T00:00:00Z
579380,97684905927345553455494278582909124912046930226695064344571162061840768197777,Will Marcus Thuram be the top goal scorer in the 2025-26 Serie A season?,True,False,2026-05-28T00:00:00Z
579390,109640077458429003429099589575790191285962731756682771459540728257501295151017,Will Riccardo Orsolini be the top goal scorer in the 2025-26 Serie A season?,True,False,2026-05-28T00:00:00Z
582144,88666545564577779070588634378130208845504281999300353973035005332228114713799,Will Bournemouth finish in the top 4 of the EPL 2025–26 standings?,True,False,2026-05-27T00:00:00Z
553848,1755198236548058730692725634969806667163093356894670716555961840777456036471,Will the Anaheim Ducks win the 2026 NHL Stanley Cup?,True,False,2026-06-30T00:00:00Z
559669,10521981432803570450946212503203364998108630328528216082760514453664705157397,Will Rahm Emanuel win the 2028 Democratic presidential nomination?,True,False,2028-11-07T00:00:00Z
559683,48218088132821386640274752564592889805082274744128282833036735027928992155024,Will George Clooney win the 2028 Democratic presidential nomination?,True,False,2028-11-07T00:00:00Z
561231,8113830512143065501177519557124858581375945005490796772950589720955457782465,Will Alexandria Ocasio-Cortez win the 2028 US Presidential Election?,True,False,2028-11-07T00:00:00Z
561243,11807691644868166983390207408868795383945915035851758101409310535538572683733,Will Donald Trump win the 2028 US Presidential Election?,True,False,2028-11-07T00:00:00Z
561982,35019878675696902444730611385908114488958639217305639231975258218416576501435,Will Sarah Huckabee Sanders win the 2028 Republican presidential nomination?,True,False,2028-11-07T00:00:00Z
562005,99700879015134724880665931256853704724897234270130475786057704135245843006310,Will Thomas Massie win the 2028 Republican presidential nomination?,True,False,2028-11-07T00:00:00Z
562802,83247781037352156539108067944461291821683755894607244160607042790356561625563,Will the Democratic Party control the House after the 2026 Midterm elections?,True,False,2026-11-03T00:00:00Z
562803,65139230827417363158752884968303867495725894165574887635816574090175320800482,Will the Republican Party control the House after the 2026 Midterm elections?,True,False,2026-11-03T00:00:00Z
564195,5252381880374485440665230178984721306055940128786215274896991682225319468348,Will the New York Knicks win the NBA Eastern Conference Finals?,True,False,2026-06-13T00:00:00Z
564198,108446172107941165064806998519652737542801121226691431615334275432295450338136,Will the Detroit Pistons win the NBA Eastern Conference Finals?,True,False,2026-06-13T00:00:00Z
569359,29634269883198564591373707667338539580309224908853967914175595169149205026965,Will David Luna Sánchez win the 2026 Colombian presidential election?,True,False,2026-06-21T14:00:00Z
569370,89197674428783317925181961175064005674601073120281612991629461250109749011039,Will Roy Barreras win the 2026 Colombian presidential election?,True,False,2026-06-21T14:00:00Z
569373,62446510551119788095477835528576672715047217994292762496431912510269665561591,Will Paloma Valencia win the 2026 Colombian presidential election?,True,False,2026-06-21T14:00:00Z
576813,112531231708739618267841842902277713294609849047882018520112697425615973932768,Will Oviedo be relegated from La Liga after the 2025–26 season?,True,False,2026-05-30T00:00:00Z
576814,24180997050900289922888668783032140792834639051465714884678970063144738585273,Will Valencia be relegated from La Liga after the 2025–26 season?,True,False,2026-05-30T00:00:00Z
577173,41859180672365961400174931961103956629778260294033021488774095120237032437600,Will Yoane Wissa be the top goal scorer in the 2025–26 English Premier League season?,True,False,2026-05-27T00:00:00Z
577222,44227097530829963499576501282186404645897936156929334280113391423971987257194,Will Ante Budimir be the top goal scorer in the 2025–26 La Liga season?,True,False,2026-05-30T00:00:00Z
577226,65766553373983986285773386056008797086838930377262355718066864177786956960253,Will Ferran Torres be the top goal scorer in the 2025–26 La Liga season?,True,False,2026-05-30T00:00:00Z
577243,22440526641822362681904932185789972209232343897283048384344291619576375972156,Will Abel Ruiz be the top goal scorer in the 2025–26 La Liga season?,True,False,2026-05-30T00:00:00Z
577280,102376165613363136742721000249129649340591318769760895202636036152231642180566,Will Jonathan Burkardt be the top goal scorer in the 2025–26 Bundesliga season?,True,False,2026-05-28T00:00:00Z
577289,10134904388540700634522656115458142735286617187949700358160575419238829110702,Will Karim Adeyemi be the top goal scorer in the 2025–26 Bundesliga season?,True,False,2026-05-28T00:00:00Z
577290,54329595038133145577519568384351459887428825578495995657981138893910948687059,Will Ermedin Demirovic be the top goal scorer in the 2025–26 Bundesliga season?,True,False,2026-05-28T00:00:00Z
578408,78000697639452073085570984496985678065073542895422366163390609289566972442226,Will Ousmane Dembele be the top goal scorer in the 2025-26 Ligue 1 season?,True,False,2026-05-30T00:00:00Z
578432,19754312017656353757299924344337146968700452067284097837890177960198136555889,Will Esteban Lepaul be the top goal scorer in the 2025-26 Ligue 1 season?,True,False,2026-05-30T00:00:00Z
579392,9631642813107901701676264622256815717533649416620874375476245755135724221724,Will Kenan Yildiz be the top goal scorer in the 2025-26 Serie A season?,True,False,2026-05-28T00:00:00Z
593975,78994096084018614649961134380557835172033452849084058029827070275341232468538,Will Bernie endorse Antonio Delgado for NY-Gov by Nov 2 2026 ET?,True,False,2026-11-30T00:00:00Z
593988,53825553579064311342930323717934845048601008937905537626135620452708007966684,Will Trump endorse Susan Collins for ME-Sen by Nov 2 2026 ET?,True,False,2026-11-04T00:00:00Z
540844,105267568073659068217311993901927962476298440625043565106676088842803600775810,Will bitcoin hit $1m before GTA VI?,True,False,2026-07-31T12:00:00Z
553849,114248353339288476395516704859280406139740194553592209059241667781908210476009,Will the Montreal Canadiens win the 2026 NHL Stanley Cup?,True,False,2026-06-30T00:00:00Z
553857,21929863894047830651599085392978377118642353711084157807549430066031384497667,Will the Cleveland Cavaliers win the 2026 NBA Finals?,True,False,2026-07-01T00:00:00Z
558945,22587775301869146748237913050505932485648958481571808324285560650057390882036,Will Mexico win the 2026 FIFA World Cup?,True,False,2026-07-20T00:00:00Z
558957,79609298644734030886284029462369514848707878622071495577618126141372199748974,Will New Zealand win the 2026 FIFA World Cup?,True,False,2026-07-20T00:00:00Z
559663,103988345069738240821107916249290759786442703283901164377120414690701074137717,Will J.B. Pritzker win the 2028 Democratic presidential nomination?,True,False,2028-11-07T00:00:00Z
561233,1420113190297259908358916251277696183671602680024474979931472444792502392139,Will Josh Shapiro win the 2028 US Presidential Election?,True,False,2028-11-07T00:00:00Z
561261,110102705199530588976777616718115948005824665233400132417374621750887344831757,Will Jon Ossoff win the 2028 US Presidential Election?,True,False,2028-11-07T00:00:00Z
561976,111796631871113641071635832853519973638674140424258605036492112910151603434351,Will Tulsi Gabbard win the 2028 Republican presidential nomination?,True,False,2028-11-07T00:00:00Z
561978,96972794085445478502118386209219626048407104930213167197946285611747327241358,Will Donald Trump Jr. win the 2028 Republican presidential nomination?,True,False,2028-11-07T00:00:00Z
561979,12127975650736113116407758794754973741525044713193258995588171654429754588610,Will Ron DeSantis win the 2028 Republican presidential nomination?,True,False,2028-11-07T00:00:00Z
561981,7847177314809025001842027337093046201021185723933452855314998541165696902642,Will Vivek Ramaswamy win the 2028 Republican presidential nomination?,True,False,2028-11-07T00:00:00Z
561986,311624663652221737215322113380496984764966764039692273354641152455298576851,Will Byron Donalds win the 2028 Republican presidential nomination?,True,False,2028-11-07T00:00:00Z
562000,56369772478534954338683665819559528414197495274302917800610633957542171787417,Will Rand Paul win the 2028 Republican presidential nomination?,True,False,2028-11-07T00:00:00Z
562829,70997927349469817841862065582625658840347600365813612622959588796331622340305,"2026 Balance of Power: D Senate, R House",True,False,2026-11-03T00:00:00Z
567688,114694726451307654528948558967898493662917070661203465131156925998487819889437,Netanyahu out by end of 2026?,True,False,2026-12-31T00:00:00Z
569333,101472336359145774296027429436400506992904652049782535544126746198476695802182,Will Luis Gilberto Murillo win the 1st round of the 2026 Colombian presidential election?,True,False,2026-05-31T16:00:00Z
569343,97787606698093663746310161655083884268863593082956469376386743061399298825100,Will Iván Cepeda Castro win the 1st round of the 2026 Colombian presidential election?,True,False,2026-05-31T16:00:00Z
569363,8068224814554540438878048752492562091284744204380091879028789889702206094159,Will Sergio Fajardo win the 2026 Colombian presidential election?,True,False,2026-06-21T14:00:00Z
572765,5324931812391432518666440898708673790758706219943331845673262100571513403270,Will Liverpool finish in 3rd place in the 2025-26 English Premier League?,True,False,2026-05-27T00:00:00Z
576810,73597877173797776703533961386391778914469921189602999210385790382300668791595,Will Getafe be relegated from La Liga after the 2025–26 season?,True,False,2026-05-30T00:00:00Z
577168,104582508148424115897511334519834707085901645295166805533084841423912878555712,Will Ollie Watkins be the top goal scorer in the 2025–26 English Premier League season?,True,False,2026-05-27T00:00:00Z
577170,111833791713605298141350391268557048852627695992567917532719982369837309341050,Will Dominic Solanke be the top goal scorer in the 2025–26 English Premier League season?,True,False,2026-05-27T00:00:00Z
577177,48096461703828524256164307708005083326532171684035677911193083899587188981253,Will Bryan Mbeumo be the top goal scorer in the 2025–26 English Premier League season?,True,False,2026-05-27T00:00:00Z
577184,104760050366702563650209438348007452609559241951955868049242892063686019535745,Will Thierno Barry be the top goal scorer in the 2025–26 English Premier League season?,True,False,2026-05-27T00:00:00Z
577188,112108452217672365554003857740648803941447166454729564791570976908020655526617,Will Cody Gakpo be the top goal scorer in the 2025–26 English Premier League season?,True,False,2026-05-27T00:00:00Z
577224,75885549806041705440616483171403974382986377202053531674757984617564016983448,Will Gonzalo Garcia be the top goal scorer in the 2025–26 La Liga season?,True,False,2026-05-30T00:00:00Z
577225,20450835923140925865575749200335209238127709493333398350897559979417648423084,Will Oihan Sancet be the top goal scorer in the 2025–26 La Liga season?,True,False,2026-05-30T00:00:00Z
577232,48368309662638112013465916577402564922962355069006784733061258856322807009058,Will Hugo Duro be the top goal scorer in the 2025–26 La Liga season?,True,False,2026-05-30T00:00:00Z
577239,25190149186348626497584661665153964321010101728496495635131758054890103740875,Will Daniel Raba be the top goal scorer in the 2025–26 La Liga season?,True,False,2026-05-30T00:00:00Z
577281,102436772013076156944295871423877161254159297346169261958329577570286200792258,Will Lois Openda be the top goal scorer in the 2025–26 Bundesliga season?,True,False,2026-05-28T00:00:00Z
577287,93601737054928362372096738986263364737270540163712701982280468693583918706009,Will Tim Kleindienst be the top goal scorer in the 2025–26 Bundesliga season?,True,False,2026-05-28T00:00:00Z
578409,82528114818480344152617084597061064117368925723807111217877484504980669308487,Will Mason Greenwood be the top goal scorer in the 2025-26 Ligue 1 season?,True,False,2026-05-30T00:00:00Z
578425,65758940957887162303470634944401084072071564833368993280002271233570003743669,Will Folarin Balogun be the top goal scorer in the 2025-26 Ligue 1 season?,True,False,2026-05-30T00:00:00Z
578430,75836540540722372535702949203463410015986208642963894218305152979059465099524,Will Mostafa Mohamed be the top goal scorer in the 2025-26 Ligue 1 season?,True,False,2026-05-30T00:00:00Z
579379,26248816332787216051982386909735593998804264053492651181818650064759534429675,Will Jonathan David be the top goal scorer in the 2025-26 Serie A season?,True,False,2026-05-28T00:00:00Z
579401,10204855876586661546101434017772639318423007601969456972725552117374274782608,Will Andrea Pinamonti be the top goal scorer in the 2025-26 Serie A season?,True,False,2026-05-28T00:00:00Z
582139,19774266338736810754136855524833852011672256769757063965013672335654144415078,Will Aston Villa finish in the top 4 of the EPL 2025–26 standings?,True,False,2026-05-27T00:00:00Z
582155,100952291322678954514417231357111610948515892742954751932425813530604840075554,Will Atletico Madrid finish in the top 4 of the La Liga 2025–26 standings?,True,False,2026-05-30T00:00:00Z
540817,98022490269692409998126496127597032490334070080325855126491859374983463996227,New Rihanna Album before GTA VI?,True,False,2026-07-31T12:00:00Z
540819,90435811253665578014957380826505992530054077692143838383981805324273750424057,Will Jesus Christ return before GTA VI?,True,False,2026-07-31T12:00:00Z
540881,8441400852834915183759801017793514978104486628517653995211751018945988243154,GTA VI released before June 2026?,True,False,2026-05-31T12:00:00Z
553824,79397003434468715775480922117285203652110865791390656395657957066470661722480,Will the Carolina Hurricanes win the 2026 NHL Stanley Cup?,True,False,2026-06-30T00:00:00Z
558941,55935183786009449883683540312350046975246300613283087403691731856990327029236,Will Netherlands win the 2026 FIFA World Cup?,True,False,2026-07-20T00:00:00Z
558974,62131913648515148266463816694306031394539656598501514114816028349608560215534,Will Switzerland win the 2026 FIFA World Cup?,True,False,2026-07-20T00:00:00Z
559657,60590045489347122735554346200880179420435533609307820342798544098823516727807,Will Stephen A. Smith win the 2028 Democratic presidential nomination?,True,False,2028-11-07T00:00:00Z
559660,26468656392978559668331516709623917078428425933265692717836103090220693717685,Will Andy Beshear win the 2028 Democratic presidential nomination?,True,False,2028-11-07T00:00:00Z
559674,42119164854283656238382173699154739480090965550328051492328192273011556335098,Will Jared Polis win the 2028 Democratic presidential nomination?,True,False,2028-11-07T00:00:00Z
559690,55087250670040717711131370018408221134109122974378698780636020561523521220754,Will Kim Kardashian win the 2028 Democratic presidential nomination?,True,False,2028-11-07T00:00:00Z
561246,104480514270625615787868282411330496385404675495672110015326625654626015018993,Will Ron DeSantis win the 2028 US Presidential Election?,True,False,2028-11-07T00:00:00Z
561253,45015916581148592087728250896178171120552786117190685135618507471166113474733,Will Tucker Carlson win the 2028 US Presidential Election?,True,False,2028-11-07T00:00:00Z
562004,65830295349944471218641822318218876930376684645620468557619951782520997909982,Will Marjorie Taylor Greene win the 2028 Republican presidential nomination?,True,False,2028-11-07T00:00:00Z
564166,47252200832793247423089215877857667425039333476763845614656878203768571431091,Will Victor Wembanyama win the 2025–2026 NBA MVP?,True,False,2026-06-10T00:00:00Z
568117,82496570332984679554195177789706736795170417640692739176832196524671988217379,"Will Trump resign by December 31, 2026?",True,False,2026-12-31T00:00:00Z
572734,47891421265650815165883328427019266875679075440812617437375575277711635613845,Will Manchester City finish in 2nd place in the 2025-26 English Premier League?,True,False,2026-05-27T00:00:00Z
576816,108773396196930868721203820307064091813005850377325910462158147076294221336978,Will Mallorca be relegated from La Liga after the 2025–26 season?,True,False,2026-05-30T00:00:00Z
577164,78300931071701042474140195804986160795843314609787519334930755714412714896602,Will Joao Pedro be the top goal scorer in the 2025–26 English Premier League season?,True,False,2026-05-27T00:00:00Z
577288,56323539615651816818267229259150871177627322204823867354832755297469690554470,Will Michy Batshuayi be the top goal scorer in the 2025–26 Bundesliga season?,True,False,2026-05-28T00:00:00Z
577291,73011059187166137733275983046150182784910493074367934212798853099948144842604,Will Deniz Undav be the top goal scorer in the 2025–26 Bundesliga season?,True,False,2026-05-28T00:00:00Z
578415,84746059472953295973329842300474297619200759549473138304042060833518673687103,Will Georges Mikautadze be the top goal scorer in the 2025-26 Ligue 1 season?,True,False,2026-05-30T00:00:00Z
578417,14026854715617808876406041496385841299626926896300838895001508537977933576550,Will Pierre-Emerick Aubameyang be the top goal scorer in the 2025-26 Ligue 1 season?,True,False,2026-05-30T00:00:00Z
578424,104532218292085858040411061557197223969482848999959446260630160853517733309125,Will Achraf Hakimi be the top goal scorer in the 2025-26 Ligue 1 season?,True,False,2026-05-30T00:00:00Z
578427,28897900569012049707231792283525800148468664354459041209388120342793568888534,Will Fabian Ruiz be the top goal scorer in the 2025-26 Ligue 1 season?,True,False,2026-05-30T00:00:00Z
578527,22910719015649869051507068343184433327817980956936716249207927684390736661048,Will Aston Villa win the 2025-26 UEFA Europa League?,True,False,2026-05-24T00:00:00Z
579381,80008485896062450085518615756511632966321304237025613359425784750605916435076,Will Ademola Lookman be the top goal scorer in the 2025-26 Serie A season?,True,False,2026-05-28T00:00:00Z
582184,91775708991457109341035324736675910289566552771771352720902626661183359119543,Will Hoffenheim finish in the top 4 of the Bundesliga 2025–26 standings?,True,False,2026-05-28T00:00:00Z
582320,84306397887099119811991850161528768821442098509664991848498833440087082266176,Will Rennes finish in the top 4 of the Ligue 1 2025–26 standings?,True,False,2026-05-30T00:00:00Z
582717,332462812953361158016354695716232633373752944798478737086328444144960550554,Taylor Swift pregnant before marriage?,True,False,2026-08-31T00:00:00Z
593984,42727291944160720338673894242995707537338205213244876362644541975364071559864,Will Trump endorse Ken Paxton for TX-Sen by Nov 2 2026 ET?,True,False,2026-11-04T00:00:00Z
558939,81739002353269632749850710185641576213562066971072676369728657545679630163887,Will Germany win the 2026 FIFA World Cup?,True,False,2026-07-20T00:00:00Z
558965,32169302633723235235251659810064817019484855501133685217130365128535248672349,Will Senegal win the 2026 FIFA World Cup?,True,False,2026-07-20T00:00:00Z
558966,58374167250364215964582274356498746399676421878376948523944979542572589542202,Will Ivory Coast win the 2026 FIFA World Cup?,True,False,2026-07-20T00:00:00Z
558985,18704778540677036028551740861729937822696511439974613107767625408338509619395,Will Turkiye win the 2026 FIFA World Cup?,True,False,2026-07-20T00:00:00Z
559654,91031279171981959197361710127213577102576826515163085396576756946418341946256,Will Pete Buttigieg win the 2028 Democratic presidential nomination?,True,False,2028-11-07T00:00:00Z
559665,50887272939612765629559172143901565817521391945540156085421963433918821328137,Will Cory Booker win the 2028 Democratic presidential nomination?,True,False,2028-11-07T00:00:00Z
559680,81633484456710374417231462107666791993850637546563366185897100962157481970040,Will Phil Murphy win the 2028 Democratic presidential nomination?,True,False,2028-11-07T00:00:00Z
559688,102504892414163237174864879683522880588750452841477290216845150938663289742135,Will Andrew Yang win the 2028 Democratic presidential nomination?,True,False,2028-11-07T00:00:00Z
560317,350977769852917329387037893294763093471844346281449484439085576212613048126,"Putin out as President of Russia by December 31, 2026?",True,False,2026-12-31T18:30:00Z
561229,16040015440196279900485035793550429453516625694844857319147506590755961451627,Will JD Vance win the 2028 US Presidential Election?,True,False,2028-11-07T00:00:00Z
561230,98250445447699368679516529207365255018790721464590833209064266254238063117329,Will Gavin Newsom win the 2028 US Presidential Election?,True,False,2028-11-07T00:00:00Z
561238,631059815958854406224163480574507434200946764542129005247984171366597476420,Will Glenn Youngkin win the 2028 US Presidential Election?,True,False,2028-11-07T00:00:00Z
561256,94621929236241392639802280031607240386237812521756048982107414565863464212526,Will Zohran Mamdani win the 2028 US Presidential Election?,True,False,2028-11-07T00:00:00Z
561259,45264462342307496826883801236629887275526404999716050689931105511159370296978,Will Ro Khanna win the 2028 US Presidential Election?,True,False,2028-11-07T00:00:00Z
561999,45742939946094874824687417208711661205131461760422331277735745393193805349457,Will Tom Brady win the 2028 Republican presidential nomination?,True,False,2028-11-07T00:00:00Z
562006,57919459237478987490046512369779809927967587873586488155446781256559839871449,Will Eric Trump win the 2028 Republican presidential nomination?,True,False,2028-11-07T00:00:00Z
562189,21186780488327911840011813665635909989130966340151208407558076091167956134393,Will Beth Van Duyne win the 2026 Texas Republican Primary?,True,False,2026-05-26T00:00:00Z
567621,94559586571241563470235664821564670251180951772614764383113614156422396181162,Will China invade Taiwan by end of 2026?,True,False,2026-12-31T00:00:00Z
569335,48659756136284565019223821348790383206344687947238147520094323320808293530767,Will David Luna Sánchez win the 1st round of the 2026 Colombian presidential election?,True,False,2026-05-31T16:00:00Z
569356,111233749945390693132335511891715724694881884819987764738034083584495542889312,Will Vicky Dávila win the 2026 Colombian presidential election?,True,False,2026-06-21T14:00:00Z
569360,112555322065982091470513953234842603626356443236936103808494470812727562408795,Will Juan Daniel Oviedo win the 2026 Colombian presidential election?,True,False,2026-06-21T14:00:00Z
569371,107683978284338345514269480869866022278445451292438352236628035370370763457098,Will Enrique Peñalosa win the 2026 Colombian presidential election?,True,False,2026-06-21T14:00:00Z
573647,71552623345730992280501476931299615437386807576519105089437764117985071980606,Will GPT-6 be released before GTA VI?,True,False,2026-07-31T12:00:00Z
577172,10645904022643906852973817125982125793552212677082290653082149741205114933184,Will Jean-Philippe Mateta be the top goal scorer in the 2025–26 English Premier League season?,True,False,2026-05-27T00:00:00Z
577218,50990718602111286221499412828092223474799500548329402570398939983325937296388,Will Kylian Mbappe be the top goal scorer in the 2025–26 La Liga season?,True,False,2026-05-30T00:00:00Z
577292,88141572307574703189103808906541737578361491725632656938888428716809889579606,Will Robert Glatzel be the top goal scorer in the 2025–26 Bundesliga season?,True,False,2026-05-28T00:00:00Z
578413,6628066868005776145586907193436681915482578143366232194436463612171763302536,Will Desire Doue be the top goal scorer in the 2025-26 Ligue 1 season?,True,False,2026-05-30T00:00:00Z
578414,14377042763730146025619570576609602968391678990859746919876737120176493786566,Will Mika Biereth be the top goal scorer in the 2025-26 Ligue 1 season?,True,False,2026-05-30T00:00:00Z
578420,75728249553233167911688073955476268152182187346444662774572629313439990648306,Will Emanuel Emegha be the top goal scorer in the 2025-26 Ligue 1 season?,True,False,2026-05-30T00:00:00Z
578435,102806472019833927735302994617458212067757017111182241585358909177614581902882,Will Wesley Said be the top goal scorer in the 2025-26 Ligue 1 season?,True,False,2026-05-30T00:00:00Z
578442,19752459738586030081150448435376926802043310249655122968635848412082634538317,Will Santiago Hidalgo be the top goal scorer in the 2025-26 Ligue 1 season?,True,False,2026-05-30T00:00:00Z
579396,15748867803240030554397772295019053995517212381587901226129718466021577877821,Will Mehdi Taremi be the top goal scorer in the 2025-26 Serie A season?,True,False,2026-05-28T00:00:00Z
582146,11600560175522732518218207224930379575322040390975172789955998988072544873725,Will Brighton finish in the top 4 of the EPL 2025–26 standings?,True,False,2026-05-27T00:00:00Z
593972,7096166888327966243811396544854606771946352128513885963401994819079689910004,Will Bernie endorse James Talarico for TX-Sen by Nov 2 2026 ET?,True,False,2026-11-30T00:00:00Z
597964,16201530957950630406397949502319734794139620443510795733205872225099141120819,"Macron out by June 30, 2026?",True,False,2026-06-30T12:00:00Z
599303,28227838360096074788232992585368970461718254845788738931649369286727917170476,Will Mallory McMorrow win the 2026 Michigan Democratic Primary?,True,False,2026-08-04T00:00:00Z
558937,27576533317283401577758999384642760405921738493660383550832555714312627457443,Will Brazil win the 2026 FIFA World Cup?,True,False,2026-07-20T00:00:00Z
558938,18812649149814341758733697580460697418474693998558159483117100240528657629879,Will Argentina win the 2026 FIFA World Cup?,True,False,2026-07-20T00:00:00Z
558943,94603648636330087039501304492699481091005420017442244191603206509188088089447,Will USA win the 2026 FIFA World Cup?,True,False,2026-07-20T00:00:00Z
558946,30815807067456631524510535002617106205417832891402132396713720656146245200000,Will Belgium win the 2026 FIFA World Cup?,True,False,2026-07-20T00:00:00Z
558963,69910730841487615802736046038473620030754616421912831175284551372639933569112,Will Morocco win the 2026 FIFA World Cup?,True,False,2026-07-20T00:00:00Z
561252,76252402837334795047528042167618984089231134882494719641438604550246396692717,Will Dwayne 'The Rock' Johnson win the 2028 US Presidential Election?,True,False,2028-11-07T00:00:00Z
561973,3039641309958397001906153616677074061284510636204155275446291716739429262374,Will Donald Trump win the 2028 Republican presidential nomination?,True,False,2028-11-07T00:00:00Z
561983,51109358167525503124101840618196204295486048568333812245607026343682053354150,Will Greg Abbott win the 2028 Republican presidential nomination?,True,False,2028-11-07T00:00:00Z
561995,110467341601356058460373968989438018821471776813704553223329002744055822742107,Will Mike Pence win the 2028 Republican presidential nomination?,True,False,2028-11-07T00:00:00Z
562830,6302359956133594764084277082169634158291609371270652093164054687145970756151,"2026 Balance of Power: R Senate, D House",True,False,2026-11-03T00:00:00Z
563650,43377185540092441472523885859099478235201860627294255832516299903130560463298,"SCOTUS accepts sports event contract case by July 31, 2026?     ",True,False,2026-07-31T00:00:00Z
564194,26510384225806040730267502985578081313836463589753281281933174278980674429194,Will the Cleveland Cavaliers win the NBA Eastern Conference Finals?,True,False,2026-06-13T00:00:00Z
567690,60482166031720291380868655057144166386114272673178755337360544583400474201659,"Erdoğan out by December 31, 2026?",True,False,2026-12-31T00:00:00Z
569332,39801986283615413172004632209722689673630350670628652772852050084294532881656,Will Vicky Dávila win the 1st round of the 2026 Colombian presidential election?,True,False,2026-05-31T16:00:00Z
569342,77948970922967013320765099624654609581945232484076127193275914408760472466885,Will Paloma Valencia win the 1st round of the 2026 Colombian presidential election?,True,False,2026-05-31T16:00:00Z
569349,13029278070705688134577821030612277494815895676220866840087054352558704333924,Will Enrique Peñalosa win the 1st round of the 2026 Colombian presidential election?,True,False,2026-05-31T16:00:00Z
573655,13915689317269078219168496739008737517740566192006337297676041270492637394586,"Will Bitcoin hit $150k by June 30, 2026?",True,False,2026-07-01T04:00:00Z
576805,15686267968724506736881723209369329406911403447121497634625563302033376191007,Will FC Heidenheim be relegated from the Bundesliga after the 2025–26 season?,True,False,2026-05-28T00:00:00Z
577160,31953493273605091846063767682320550763614773521778373247731663047594886040157,Will Erling Haaland be the top goal scorer in the 2025–26 English Premier League season?,True,False,2026-05-27T00:00:00Z
577165,113538140807961528328992033738846637513234963111319913499967108133450953646650,Will Hugo Ekitike be the top goal scorer in the 2025–26 English Premier League season?,True,False,2026-05-27T00:00:00Z
577174,65423010509110378012139184005666383471785256194188331590421933980074567091246,Will Matheus Cunha be the top goal scorer in the 2025–26 English Premier League season?,True,False,2026-05-27T00:00:00Z
577182,82115621880923175579102966718566549811955421198728744722120513236749387693264,Will Chris Wood be the top goal scorer in the 2025–26 English Premier League season?,True,False,2026-05-27T00:00:00Z
577247,98286904268100078035776152708720247190143751657794196422985487083520781931503,Will Jude Bellingham be the top goal scorer in the 2025–26 La Liga season?,True,False,2026-05-30T00:00:00Z
577279,43833651780965158851163300043127463472147134401838564791175946042179880465250,Will Michael Olise be the top goal scorer in the 2025–26 Bundesliga season?,True,False,2026-05-28T00:00:00Z
579366,86033201962358019863569921240513943065377849013955188698735794121643719376894,Will Como finish in the top 4 in the 2025-26 Serie A season?,True,False,2026-05-28T00:00:00Z
579377,70986225091305640716380959980097630324023483012603076578303483234874338420152,Will Lautaro Martinez be the top goal scorer in the 2025-26 Serie A season?,True,False,2026-05-28T00:00:00Z
579387,87256694321538307701149225110867795647478629016366905311509543193583990433215,Will Lorenzo Lucca be the top goal scorer in the 2025-26 Serie A season?,True,False,2026-05-28T00:00:00Z
579391,60651073159649493827648836774367420494006257396821577347013988824017780062856,Will Romelu Lukaku be the top goal scorer in the 2025-26 Serie A season?,True,False,2026-05-28T00:00:00Z
579402,85705345592842476414916106909923556814885659650540063661632454204175433578337,Will Santiago Castro be the top goal scorer in the 2025-26 Serie A season?,True,False,2026-05-28T00:00:00Z
582158,81304145828607624927593781798310463714484865200409152894719292343497594428963,Will Betis finish in the top 4 of the La Liga 2025–26 standings?,True,False,2026-05-30T00:00:00Z
558981,87403333427856945144645806003352057704193778078820484282942507058200689996202,Will Congo DR win the 2026 FIFA World Cup?,True,False,2026-07-20T00:00:00Z
558984,35797818400757287472708740881657961304270157125643131597907636474183210188025,Will Czechia win the 2026 FIFA World Cup?,True,False,2026-07-20T00:00:00Z
559651,32338220190071351435772801779725302244575775216413325951443816017994629993401,Xi Jinping out before 2027?,True,False,2026-12-31T00:00:00Z
559652,54533043819946592547517511176940999955633860128497669742211153063842200957669,Will Gavin Newsom win the 2028 Democratic presidential nomination?,True,False,2028-11-07T00:00:00Z
559653,107064985435494333113391038470401719113272800530429703182710416066774068907304,Will Alexandria Ocasio-Cortez win the 2028 Democratic presidential nomination?,True,False,2028-11-07T00:00:00Z
559672,30732552320006664177902085971957467957450485111214036633872573588757974348601,Will Roy Cooper win the 2028 Democratic presidential nomination?,True,False,2028-11-07T00:00:00Z
559673,71289010523270989807437428651002770360280908813019627976988032260868574107425,Will John Fetterman win the 2028 Democratic presidential nomination?,True,False,2028-11-07T00:00:00Z
559685,51035537065442638321333063915918274102446051033989435618245745345113522914516,Will MrBeast win the 2028 Democratic presidential nomination?,True,False,2028-11-07T00:00:00Z
559692,22103094389913052942362639589409218272323168761614999702665821259175535456835,Will Jasmine Crockett win the 2028 Democratic presidential nomination?,True,False,2028-11-07T00:00:00Z
561260,89071282556584199015490241074221756662667488270789034763702585258138302536112,Will Thomas Massie win the 2028 US Presidential Election?,True,False,2028-11-07T00:00:00Z
561990,97933607699985149274021900377397416175605196663149372937380275158258659161873,Will Elon Musk win the 2028 Republican presidential nomination?,True,False,2028-11-07T00:00:00Z
562188,58401019401260699653952858670495528419982703529223145905183604798309827954819,Will Dawn Buckingham win the 2026 Texas Republican Primary?,True,False,2026-05-26T00:00:00Z
562831,103704141773947678931823410030956181918562062788486034785782641603149828893320,"2026 Balance of Power: R Senate, R House",True,False,2026-11-03T00:00:00Z
566760,703229116919803457142440034780425874346022451261358752931225117413237404457,Will Trump pardon Ghislaine Maxwell by end of 2026?,True,False,2026-12-31T00:00:00Z
567689,108187737663325442737199857734058032845728149267925579081973309839049299838520,Zelenskyy out as Ukraine president by end of 2026?,True,False,2026-12-31T00:00:00Z
569340,34438409845535751191341828081530593695046286317271306160707054286296479165842,Will Juan Manuel Galán win the 1st round of the 2026 Colombian presidential election?,True,False,2026-05-31T16:00:00Z
569348,72774350053906879890006453324691552555097045786061116921411542398714774240040,Will Mauricio Cárdenas win the 1st round of the 2026 Colombian presidential election?,True,False,2026-05-31T16:00:00Z
569362,90597192178681015689649221295046634532475085163327739303111514887963871088190,Will Gustavo Bolívar win the 2026 Colombian presidential election?,True,False,2026-06-21T14:00:00Z
572115,103964743736847868582159777341324076149918550949982197636847126454376683338421,Harris Dickinson announced as next James Bond?,True,False,2026-06-30T00:00:00Z
572133,31651972441019808961685346078403610685710956924575973014923461950982284624160,No one announced as next James Bond?,True,False,2026-06-30T00:00:00Z
572772,86773900375669124840465987931747249545146062687938210252096173841184960855071,Will Aston Villa finish in 3rd place in the 2025-26 English Premier League?,True,False,2026-05-27T00:00:00Z
572854,111668273399360069194239636343778675245064040950387623332811001833974095876216,Will West Ham be relegated from the English Premier League after the 2025–26 season?,True,False,2026-05-27T00:00:00Z
577231,35385046285095047875859550982501333940016148310175612786655121530268337331434,Will Mikel Oyarzabal be the top goal scorer in the 2025–26 La Liga season?,True,False,2026-05-30T00:00:00Z
577242,87076761959524824596667767871338783105013148144014343593959452219056943445676,Will Cyle Larin be the top goal scorer in the 2025–26 La Liga season?,True,False,2026-05-30T00:00:00Z
577245,69196677690927265002451334694240538592951011957285689708757350071125284654035,Will Alex Baena be the top goal scorer in the 2025–26 La Liga season?,True,False,2026-05-30T00:00:00Z
577295,41208351236397166328872550854608550552314297451342384956165441312617513020672,Will Mohammed Amoura be the top goal scorer in the 2025–26 Bundesliga season?,True,False,2026-05-28T00:00:00Z
578416,69434240030114581317400164901459370877273746887567386391790275895794271079668,Will Arnaud Kalimuendo be the top goal scorer in the 2025-26 Ligue 1 season?,True,False,2026-05-30T00:00:00Z
578436,69482815711064967577377069380333362162780566927545061073565826363012519432807,Will Joaquin Panichelli be the top goal scorer in the 2025-26 Ligue 1 season?,True,False,2026-05-30T00:00:00Z
579383,73325474841085738067975777937767801820558138409010135733456890505370745941309,Will Santiago Gimenez be the top goal scorer in the 2025-26 Serie A season?,True,False,2026-05-28T00:00:00Z
579397,96751974984992524671381069695279743018981824691838748245376840443849666358462,Will Edin Dzeko be the top goal scorer in the 2025-26 Serie A season?,True,False,2026-05-28T00:00:00Z
579400,56617611177742980504178011242480286733810317838839021080837916143048710056029,Will Rafael Leao be the top goal scorer in the 2025-26 Serie A season?,True,False,2026-05-28T00:00:00Z
593983,11046262311494533237971148351329185314005627894869626528589068956894902481233,Will Trump endorse John Cornyn for TX-Sen by Nov 2 2026 ET?,True,False,2026-11-04T00:00:00Z
599304,4041912122563547970024635557261696068618666839090786586996637505354743961673,Will Haley Stevens win the 2026 Michigan Democratic Primary?,True,False,2026-08-04T00:00:00Z
558934,4394372887385518214471608448209527405727552777602031099972143344338178308080,Will Spain win the 2026 FIFA World Cup?,True,False,2026-07-20T00:00:00Z
558964,29544965695734183971376022965555206180154533479443150154863135205600734339980,Will South Africa win the 2026 FIFA World Cup?,True,False,2026-07-20T00:00:00Z
559656,90227223115596293448966158151606153337847900483048338623540402385929720677904,Will Wes Moore win the 2028 Democratic presidential nomination?,True,False,2028-11-07T00:00:00Z
559675,58343456405874365460518182619380252930558598368174305791768670198253267891911,Will Jon Stewart win the 2028 Democratic presidential nomination?,True,False,2028-11-07T00:00:00Z
559694,20374050108659687356429749447884880983779889840007423115803042125707701269498,Will Ro Khanna win the 2028 Democratic presidential nomination?,True,False,2028-11-07T00:00:00Z
561237,50507496430692162923857760920722624157737138256097150616293040054748564876552,Will Andy Beshear win the 2028 US Presidential Election?,True,False,2028-11-07T00:00:00Z
561245,14253956839582698877884742930225331487593177635330318923853046874994118249367,Will Nikki Haley win the 2028 US Presidential Election?,True,False,2028-11-07T00:00:00Z
561255,40932864651005132434669457369564353816786330205469778285035893634458129671101,Will Ivanka Trump win the 2028 US Presidential Election?,True,False,2028-11-07T00:00:00Z
561257,88521269813605705303364598280494261510300497312149869577251450871617962933121,Will Michelle Obama win the 2028 US Presidential Election?,True,False,2028-11-07T00:00:00Z
561998,64219883837418173804780196379638150140562767673275103175135949850170609939649,Will Ivanka Trump win the 2028 Republican presidential nomination?,True,False,2028-11-07T00:00:00Z
566170,43478780997313571844864646081201368302664941062507392308569466005072068318763,Will Club Brugge win the 2025–26 Champions League?,True,False,2026-05-31T00:00:00Z
569454,112000997367369775705892760747740706713090189173150311174658104010356449962658,Will any presidential candidate win outright in the first round of the Colombia's election?,True,False,2026-05-31T14:00:00Z
572122,41996233866104795222912410391357816274047224985506748724567566680863691247794,Jack Lowdon announced as next James Bond?,True,False,2026-06-30T00:00:00Z
572847,21510670340984986457969462283126353018850312101384289333564974414010858715850,Will Tottenham be relegated from the English Premier League after the 2025–26 season?,True,False,2026-05-27T00:00:00Z
577167,107188258966978621463100332893906494250781495859540494974336129482194560136715,Will Benjamin Sesko be the top goal scorer in the 2025–26 English Premier League season?,True,False,2026-05-27T00:00:00Z
577180,49541604524685067034733103567606780662654635021473570692999975492153111969210,Will Charalambos Kostoulas be the top goal scorer in the 2025–26 English Premier League season?,True,False,2026-05-27T00:00:00Z
577183,47273346174724440037399535645384424716569244075116503754882902177445059533612,Will Morgan Rogers be the top goal scorer in the 2025–26 English Premier League season?,True,False,2026-05-27T00:00:00Z
577219,24428969314967049374579832885004941749071678905985050510703983608884666132158,Will Robert Lewandowski be the top goal scorer in the 2025–26 La Liga season?,True,False,2026-05-30T00:00:00Z
577223,40355817413446270517300817460473958731033814018091765438985668051022432561988,Will Julian Alvarez be the top goal scorer in the 2025–26 La Liga season?,True,False,2026-05-30T00:00:00Z
578426,76425119066913282272608925728427135098625354332925457867416832935603967874794,Will Matthis Abline be the top goal scorer in the 2025-26 Ligue 1 season?,True,False,2026-05-30T00:00:00Z
578441,70213414272024566290274178038346169410853256049567983835564273578475466557067,Will Moses Simon be the top goal scorer in the 2025-26 Ligue 1 season?,True,False,2026-05-30T00:00:00Z
578444,94270786003627425914859309722697641658529966934724207480612363569816516620151,Will Abdoulaye Toure be the top goal scorer in the 2025-26 Ligue 1 season?,True,False,2026-05-30T00:00:00Z
579395,65839570564114803270632088459120462864948343166007429131471128901631885684585,Will Assane Diao be the top goal scorer in the 2025-26 Serie A season?,True,False,2026-05-28T00:00:00Z
593973,82924591030419390649945107956366329459342453014204495918712243498287775914589,Will Bernie endorse Kshama Sawant for WA-09 by Nov 2 2026 ET?,True,False,2026-11-30T00:00:00Z
593978,107080387770503661967711176882937155612989847930086034775329452354985736188978,Will Bernie endorse Zach Wahls for IA-Sen Nov 2 2026 ET?,True,False,2026-11-30T00:00:00Z
540820,108999723207897941876452935557011604067917389120996960199512481363958770540884,Trump out as President before GTA VI?,True,False,2026-07-31T12:00:00Z
558944,97239126062673310243763617236644392945530356142765650402171508075574679292913,Will Uruguay win the 2026 FIFA World Cup?,True,False,2026-07-20T00:00:00Z
558968,30499731947464516579580181356221397335865912996104577000510883912653418218808,Will Egypt win the 2026 FIFA World Cup?,True,False,2026-07-20T00:00:00Z
558969,58392024727359233794992635293106675983094683080284912908526627785964160484939,Will Algeria win the 2026 FIFA World Cup?,True,False,2026-07-20T00:00:00Z
558971,18605216520960122093689427575806651607517827372535894526532079999408408169156,Will Qatar win the 2026 FIFA World Cup?,True,False,2026-07-20T00:00:00Z
558975,88168215299416146215691671077998911754346458567817860712850392736799004561327,Will Austria win the 2026 FIFA World Cup?,True,False,2026-07-20T00:00:00Z
559661,70071592420137476676935286377781779672157004436137616627487590484756055232944,Will Jon Ossoff win the 2028 Democratic presidential nomination?,True,False,2028-11-07T00:00:00Z
559662,58378309871183461257693288827678410871907006920578755035402846056315798427503,Will Mark Cuban win the 2028 Democratic presidential nomination?,True,False,2028-11-07T00:00:00Z
559664,52310257194926233099477326083312959938983447523839326865869372741334281264830,Will Raphael Warnock win the 2028 Democratic presidential nomination?,True,False,2028-11-07T00:00:00Z
561232,35629456194498013232473191985311930903993567273832459837879398120893197410860,Will Pete Buttigieg win the 2028 US Presidential Election?,True,False,2028-11-07T00:00:00Z
561234,11171618905857319805355893398009978356002287408842633593535559412449299952250,Will Marco Rubio win the 2028 US Presidential Election?,True,False,2028-11-07T00:00:00Z
561254,24863363384036117015867671383779186335047493791693657275104567365292353535818,Will Kim Kardashian win the 2028 US Presidential Election?,True,False,2028-11-07T00:00:00Z
561263,67028631656597977031363620447645908995417871899828777750494099295092202422178,Will Eric Trump win the 2028 US Presidential Election?,True,False,2028-11-07T00:00:00Z
561264,19127703543758281171764934244436807153695715307017908811054254126168591609122,Will Pete Hegseth win the 2028 US Presidential Election?,True,False,2028-11-07T00:00:00Z
561994,46777072088650922464797852907503479539785178123001199763117403684202580813104,Will Kristi Noem win the 2028 Republican presidential nomination?,True,False,2028-11-07T00:00:00Z
566140,76184513907290761912636659055080401703643418316153242056949287928791438454394,Will Arsenal win the 2025–26 Champions League?,True,False,2026-05-31T00:00:00Z
566187,71634047218945647363395171891674404459556716906851450020664198669471161667814,Will Arsenal win the 2025–26 English Premier League?,True,False,2026-05-27T00:00:00Z
569347,9923011246923572238814851524588176780015983689281865964356210838183555284870,Will Juan Carlos Pinzón win the 1st round of the 2026 Colombian presidential election?,True,False,2026-05-31T16:00:00Z
569367,100491958886776974191121583503513146470234388396360962605267069217658465802580,Will Mauricio Cardenas win the 2026 Colombian presidential election?,True,False,2026-06-21T14:00:00Z
569374,21277635529916941493247806594681449972370468950858577155451325042563981647561,Will Carlos Felipe Córdoba win the 2026 Colombian presidential election?,True,False,2026-06-21T14:00:00Z
572110,114423403729258777359504929942890771536329559486526860556796374176881874914899,Aaron Taylor-Johnson announced as next James Bond?,True,False,2026-06-30T00:00:00Z
572118,39037164839963127351677281834973830068857637934397064740463100609381313849620,Tom Holland announced as next James Bond?,True,False,2026-06-30T00:00:00Z
576812,67823569131506101019276162450364599928274456221340747718977837995127190081124,Will Alavés be relegated from La Liga after the 2025–26 season?,True,False,2026-05-30T00:00:00Z
577181,104557929326796528193056837422262406792037056098476641689006301544675050508792,Will Bruno Fernandes be the top goal scorer in the 2025–26 English Premier League season?,True,False,2026-05-27T00:00:00Z
577228,105745394011617053647384212072423899373042863466923232377475057902735593128457,Will Marcus Rashford be the top goal scorer in the 2025–26 La Liga season?,True,False,2026-05-30T00:00:00Z
577236,73040552226217734695850503696187376710006575449764477997853420807432098137837,Will Gorka Guruzeta be the top goal scorer in the 2025–26 La Liga season?,True,False,2026-05-30T00:00:00Z
577238,60301519933335336364820582307817349741317665540686207245282394805552819791374,Will Dani Olmo be the top goal scorer in the 2025–26 La Liga season?,True,False,2026-05-30T00:00:00Z
577296,76314120704895570216363719360303120994834914074725880204393164758332011771623,Will Yussuf Poulsen be the top goal scorer in the 2025–26 Bundesliga season?,True,False,2026-05-28T00:00:00Z
578421,45603919170425641011567569321890214611951598349156624506328620762911473806643,Will Terem Moffi be the top goal scorer in the 2025-26 Ligue 1 season?,True,False,2026-05-30T00:00:00Z
578422,13392052459035460654980651968199812057638609156277336207317471291054900506107,Will Ludovic Ajorque be the top goal scorer in the 2025-26 Ligue 1 season?,True,False,2026-05-30T00:00:00Z
578423,20341861656764765704634182784163626233467994126512907775016283004214772644378,Will Breel Embolo be the top goal scorer in the 2025-26 Ligue 1 season?,True,False,2026-05-30T00:00:00Z
578434,60113968169454549774494538137788883558694778475712994795864491005217873097621,Will Frank Magri be the top goal scorer in the 2025-26 Ligue 1 season?,True,False,2026-05-30T00:00:00Z
599309,8922710639437477954990654098858414058444921382508505451184351067105680225969,Will Kristen McDonald Rivet win the 2026 Michigan Democratic Primary?,True,False,2026-08-04T00:00:00Z
